#Timing report of worst 100 path(s)
# Unit scale: 1e-09 seconds
# Output precision: 3

#Path 1
Startpoint: top.sortedstack+st^FF_NODE~4181.Q[0] (.latch clocked by top^tm3_clk_v0)
Endpoint  : top.sortedstack+st^FF_NODE~4060.D[0] (.latch clocked by top^tm3_clk_v0)
Path Type : setup

Point                                                                  Incr      Path
-------------------------------------------------------------------------------------
clock top^tm3_clk_v0 (rise edge)                                      0.000     0.000
clock source latency                                                  0.000     0.000
top^tm3_clk_v0.inpad[0] (.input)                                      0.000     0.000
top.sortedstack+st^FF_NODE~4181.clk[0] (.latch)                       1.338     1.338
top.sortedstack+st^FF_NODE~4181.Q[0] (.latch) [clock-to-output]       0.124     1.462
n7691_1.in[0] (.names)                                                1.338     2.800
n7691_1.out[0] (.names)                                               0.261     3.061
n7690_1.in[4] (.names)                                                1.338     4.398
n7690_1.out[0] (.names)                                               0.261     4.659
n7688.in[5] (.names)                                                  1.338     5.997
n7688.out[0] (.names)                                                 0.261     6.258
n7687.in[4] (.names)                                                  1.338     7.596
n7687.out[0] (.names)                                                 0.261     7.857
n7686_1.in[4] (.names)                                                1.338     9.195
n7686_1.out[0] (.names)                                               0.261     9.456
n7685_1.in[0] (.names)                                                1.338    10.793
n7685_1.out[0] (.names)                                               0.261    11.054
n7684.in[0] (.names)                                                  1.338    12.392
n7684.out[0] (.names)                                                 0.261    12.653
n7896_1.in[0] (.names)                                                1.338    13.991
n7896_1.out[0] (.names)                                               0.261    14.252
n2900.in[2] (.names)                                                  1.338    15.590
n2900.out[0] (.names)                                                 0.261    15.851
top.sortedstack+st^FF_NODE~4060.D[0] (.latch)                         1.338    17.188
data arrival time                                                              17.188

clock top^tm3_clk_v0 (rise edge)                                      0.000     0.000
clock source latency                                                  0.000     0.000
top^tm3_clk_v0.inpad[0] (.input)                                      0.000     0.000
top.sortedstack+st^FF_NODE~4060.clk[0] (.latch)                       1.338     1.338
clock uncertainty                                                     0.000     1.338
cell setup time                                                      -0.066     1.272
data required time                                                              1.272
-------------------------------------------------------------------------------------
data required time                                                              1.272
data arrival time                                                             -17.188
-------------------------------------------------------------------------------------
slack (VIOLATED)                                                              -15.917


#Path 2
Startpoint: top.sortedstack+st^FF_NODE~4181.Q[0] (.latch clocked by top^tm3_clk_v0)
Endpoint  : top.sortedstack+st^FF_NODE~4081.D[0] (.latch clocked by top^tm3_clk_v0)
Path Type : setup

Point                                                                  Incr      Path
-------------------------------------------------------------------------------------
clock top^tm3_clk_v0 (rise edge)                                      0.000     0.000
clock source latency                                                  0.000     0.000
top^tm3_clk_v0.inpad[0] (.input)                                      0.000     0.000
top.sortedstack+st^FF_NODE~4181.clk[0] (.latch)                       1.338     1.338
top.sortedstack+st^FF_NODE~4181.Q[0] (.latch) [clock-to-output]       0.124     1.462
n7691_1.in[0] (.names)                                                1.338     2.800
n7691_1.out[0] (.names)                                               0.261     3.061
n7690_1.in[4] (.names)                                                1.338     4.398
n7690_1.out[0] (.names)                                               0.261     4.659
n7688.in[5] (.names)                                                  1.338     5.997
n7688.out[0] (.names)                                                 0.261     6.258
n7687.in[4] (.names)                                                  1.338     7.596
n7687.out[0] (.names)                                                 0.261     7.857
n7686_1.in[4] (.names)                                                1.338     9.195
n7686_1.out[0] (.names)                                               0.261     9.456
n7685_1.in[0] (.names)                                                1.338    10.793
n7685_1.out[0] (.names)                                               0.261    11.054
n7684.in[0] (.names)                                                  1.338    12.392
n7684.out[0] (.names)                                                 0.261    12.653
n9021_1.in[0] (.names)                                                1.338    13.991
n9021_1.out[0] (.names)                                               0.261    14.252
n7815.in[5] (.names)                                                  1.338    15.590
n7815.out[0] (.names)                                                 0.261    15.851
top.sortedstack+st^FF_NODE~4081.D[0] (.latch)                         1.338    17.188
data arrival time                                                              17.188

clock top^tm3_clk_v0 (rise edge)                                      0.000     0.000
clock source latency                                                  0.000     0.000
top^tm3_clk_v0.inpad[0] (.input)                                      0.000     0.000
top.sortedstack+st^FF_NODE~4081.clk[0] (.latch)                       1.338     1.338
clock uncertainty                                                     0.000     1.338
cell setup time                                                      -0.066     1.272
data required time                                                              1.272
-------------------------------------------------------------------------------------
data required time                                                              1.272
data arrival time                                                             -17.188
-------------------------------------------------------------------------------------
slack (VIOLATED)                                                              -15.917


#Path 3
Startpoint: top.sortedstack+st^FF_NODE~4181.Q[0] (.latch clocked by top^tm3_clk_v0)
Endpoint  : top.sortedstack+st^FF_NODE~4063.D[0] (.latch clocked by top^tm3_clk_v0)
Path Type : setup

Point                                                                  Incr      Path
-------------------------------------------------------------------------------------
clock top^tm3_clk_v0 (rise edge)                                      0.000     0.000
clock source latency                                                  0.000     0.000
top^tm3_clk_v0.inpad[0] (.input)                                      0.000     0.000
top.sortedstack+st^FF_NODE~4181.clk[0] (.latch)                       1.338     1.338
top.sortedstack+st^FF_NODE~4181.Q[0] (.latch) [clock-to-output]       0.124     1.462
n7691_1.in[0] (.names)                                                1.338     2.800
n7691_1.out[0] (.names)                                               0.261     3.061
n7690_1.in[4] (.names)                                                1.338     4.398
n7690_1.out[0] (.names)                                               0.261     4.659
n7688.in[5] (.names)                                                  1.338     5.997
n7688.out[0] (.names)                                                 0.261     6.258
n7687.in[4] (.names)                                                  1.338     7.596
n7687.out[0] (.names)                                                 0.261     7.857
n7686_1.in[4] (.names)                                                1.338     9.195
n7686_1.out[0] (.names)                                               0.261     9.456
n7685_1.in[0] (.names)                                                1.338    10.793
n7685_1.out[0] (.names)                                               0.261    11.054
n7684.in[0] (.names)                                                  1.338    12.392
n7684.out[0] (.names)                                                 0.261    12.653
n7896_1.in[0] (.names)                                                1.338    13.991
n7896_1.out[0] (.names)                                               0.261    14.252
n7635.in[2] (.names)                                                  1.338    15.590
n7635.out[0] (.names)                                                 0.261    15.851
top.sortedstack+st^FF_NODE~4063.D[0] (.latch)                         1.338    17.188
data arrival time                                                              17.188

clock top^tm3_clk_v0 (rise edge)                                      0.000     0.000
clock source latency                                                  0.000     0.000
top^tm3_clk_v0.inpad[0] (.input)                                      0.000     0.000
top.sortedstack+st^FF_NODE~4063.clk[0] (.latch)                       1.338     1.338
clock uncertainty                                                     0.000     1.338
cell setup time                                                      -0.066     1.272
data required time                                                              1.272
-------------------------------------------------------------------------------------
data required time                                                              1.272
data arrival time                                                             -17.188
-------------------------------------------------------------------------------------
slack (VIOLATED)                                                              -15.917


#Path 4
Startpoint: top.sortedstack+st^FF_NODE~4181.Q[0] (.latch clocked by top^tm3_clk_v0)
Endpoint  : top.sortedstack+st^FF_NODE~4037.D[0] (.latch clocked by top^tm3_clk_v0)
Path Type : setup

Point                                                                  Incr      Path
-------------------------------------------------------------------------------------
clock top^tm3_clk_v0 (rise edge)                                      0.000     0.000
clock source latency                                                  0.000     0.000
top^tm3_clk_v0.inpad[0] (.input)                                      0.000     0.000
top.sortedstack+st^FF_NODE~4181.clk[0] (.latch)                       1.338     1.338
top.sortedstack+st^FF_NODE~4181.Q[0] (.latch) [clock-to-output]       0.124     1.462
n7691_1.in[0] (.names)                                                1.338     2.800
n7691_1.out[0] (.names)                                               0.261     3.061
n7690_1.in[4] (.names)                                                1.338     4.398
n7690_1.out[0] (.names)                                               0.261     4.659
n7688.in[5] (.names)                                                  1.338     5.997
n7688.out[0] (.names)                                                 0.261     6.258
n7687.in[4] (.names)                                                  1.338     7.596
n7687.out[0] (.names)                                                 0.261     7.857
n7686_1.in[4] (.names)                                                1.338     9.195
n7686_1.out[0] (.names)                                               0.261     9.456
n7685_1.in[0] (.names)                                                1.338    10.793
n7685_1.out[0] (.names)                                               0.261    11.054
n7684.in[0] (.names)                                                  1.338    12.392
n7684.out[0] (.names)                                                 0.261    12.653
n7882.in[0] (.names)                                                  1.338    13.991
n7882.out[0] (.names)                                                 0.261    14.252
n7625.in[2] (.names)                                                  1.338    15.590
n7625.out[0] (.names)                                                 0.261    15.851
top.sortedstack+st^FF_NODE~4037.D[0] (.latch)                         1.338    17.188
data arrival time                                                              17.188

clock top^tm3_clk_v0 (rise edge)                                      0.000     0.000
clock source latency                                                  0.000     0.000
top^tm3_clk_v0.inpad[0] (.input)                                      0.000     0.000
top.sortedstack+st^FF_NODE~4037.clk[0] (.latch)                       1.338     1.338
clock uncertainty                                                     0.000     1.338
cell setup time                                                      -0.066     1.272
data required time                                                              1.272
-------------------------------------------------------------------------------------
data required time                                                              1.272
data arrival time                                                             -17.188
-------------------------------------------------------------------------------------
slack (VIOLATED)                                                              -15.917


#Path 5
Startpoint: top.sortedstack+st^FF_NODE~4181.Q[0] (.latch clocked by top^tm3_clk_v0)
Endpoint  : top.sortedstack+st^FF_NODE~4062.D[0] (.latch clocked by top^tm3_clk_v0)
Path Type : setup

Point                                                                  Incr      Path
-------------------------------------------------------------------------------------
clock top^tm3_clk_v0 (rise edge)                                      0.000     0.000
clock source latency                                                  0.000     0.000
top^tm3_clk_v0.inpad[0] (.input)                                      0.000     0.000
top.sortedstack+st^FF_NODE~4181.clk[0] (.latch)                       1.338     1.338
top.sortedstack+st^FF_NODE~4181.Q[0] (.latch) [clock-to-output]       0.124     1.462
n7691_1.in[0] (.names)                                                1.338     2.800
n7691_1.out[0] (.names)                                               0.261     3.061
n7690_1.in[4] (.names)                                                1.338     4.398
n7690_1.out[0] (.names)                                               0.261     4.659
n7688.in[5] (.names)                                                  1.338     5.997
n7688.out[0] (.names)                                                 0.261     6.258
n7687.in[4] (.names)                                                  1.338     7.596
n7687.out[0] (.names)                                                 0.261     7.857
n7686_1.in[4] (.names)                                                1.338     9.195
n7686_1.out[0] (.names)                                               0.261     9.456
n7685_1.in[0] (.names)                                                1.338    10.793
n7685_1.out[0] (.names)                                               0.261    11.054
n7684.in[0] (.names)                                                  1.338    12.392
n7684.out[0] (.names)                                                 0.261    12.653
n7896_1.in[0] (.names)                                                1.338    13.991
n7896_1.out[0] (.names)                                               0.261    14.252
n7400.in[2] (.names)                                                  1.338    15.590
n7400.out[0] (.names)                                                 0.261    15.851
top.sortedstack+st^FF_NODE~4062.D[0] (.latch)                         1.338    17.188
data arrival time                                                              17.188

clock top^tm3_clk_v0 (rise edge)                                      0.000     0.000
clock source latency                                                  0.000     0.000
top^tm3_clk_v0.inpad[0] (.input)                                      0.000     0.000
top.sortedstack+st^FF_NODE~4062.clk[0] (.latch)                       1.338     1.338
clock uncertainty                                                     0.000     1.338
cell setup time                                                      -0.066     1.272
data required time                                                              1.272
-------------------------------------------------------------------------------------
data required time                                                              1.272
data arrival time                                                             -17.188
-------------------------------------------------------------------------------------
slack (VIOLATED)                                                              -15.917


#Path 6
Startpoint: top.sortedstack+st^FF_NODE~4181.Q[0] (.latch clocked by top^tm3_clk_v0)
Endpoint  : top.sortedstack+st^FF_NODE~4036.D[0] (.latch clocked by top^tm3_clk_v0)
Path Type : setup

Point                                                                  Incr      Path
-------------------------------------------------------------------------------------
clock top^tm3_clk_v0 (rise edge)                                      0.000     0.000
clock source latency                                                  0.000     0.000
top^tm3_clk_v0.inpad[0] (.input)                                      0.000     0.000
top.sortedstack+st^FF_NODE~4181.clk[0] (.latch)                       1.338     1.338
top.sortedstack+st^FF_NODE~4181.Q[0] (.latch) [clock-to-output]       0.124     1.462
n7691_1.in[0] (.names)                                                1.338     2.800
n7691_1.out[0] (.names)                                               0.261     3.061
n7690_1.in[4] (.names)                                                1.338     4.398
n7690_1.out[0] (.names)                                               0.261     4.659
n7688.in[5] (.names)                                                  1.338     5.997
n7688.out[0] (.names)                                                 0.261     6.258
n7687.in[4] (.names)                                                  1.338     7.596
n7687.out[0] (.names)                                                 0.261     7.857
n7686_1.in[4] (.names)                                                1.338     9.195
n7686_1.out[0] (.names)                                               0.261     9.456
n7685_1.in[0] (.names)                                                1.338    10.793
n7685_1.out[0] (.names)                                               0.261    11.054
n7684.in[0] (.names)                                                  1.338    12.392
n7684.out[0] (.names)                                                 0.261    12.653
n7882.in[0] (.names)                                                  1.338    13.991
n7882.out[0] (.names)                                                 0.261    14.252
n7380.in[2] (.names)                                                  1.338    15.590
n7380.out[0] (.names)                                                 0.261    15.851
top.sortedstack+st^FF_NODE~4036.D[0] (.latch)                         1.338    17.188
data arrival time                                                              17.188

clock top^tm3_clk_v0 (rise edge)                                      0.000     0.000
clock source latency                                                  0.000     0.000
top^tm3_clk_v0.inpad[0] (.input)                                      0.000     0.000
top.sortedstack+st^FF_NODE~4036.clk[0] (.latch)                       1.338     1.338
clock uncertainty                                                     0.000     1.338
cell setup time                                                      -0.066     1.272
data required time                                                              1.272
-------------------------------------------------------------------------------------
data required time                                                              1.272
data arrival time                                                             -17.188
-------------------------------------------------------------------------------------
slack (VIOLATED)                                                              -15.917


#Path 7
Startpoint: top.sortedstack+st^FF_NODE~4181.Q[0] (.latch clocked by top^tm3_clk_v0)
Endpoint  : top.sortedstack+st^FF_NODE~4061.D[0] (.latch clocked by top^tm3_clk_v0)
Path Type : setup

Point                                                                  Incr      Path
-------------------------------------------------------------------------------------
clock top^tm3_clk_v0 (rise edge)                                      0.000     0.000
clock source latency                                                  0.000     0.000
top^tm3_clk_v0.inpad[0] (.input)                                      0.000     0.000
top.sortedstack+st^FF_NODE~4181.clk[0] (.latch)                       1.338     1.338
top.sortedstack+st^FF_NODE~4181.Q[0] (.latch) [clock-to-output]       0.124     1.462
n7691_1.in[0] (.names)                                                1.338     2.800
n7691_1.out[0] (.names)                                               0.261     3.061
n7690_1.in[4] (.names)                                                1.338     4.398
n7690_1.out[0] (.names)                                               0.261     4.659
n7688.in[5] (.names)                                                  1.338     5.997
n7688.out[0] (.names)                                                 0.261     6.258
n7687.in[4] (.names)                                                  1.338     7.596
n7687.out[0] (.names)                                                 0.261     7.857
n7686_1.in[4] (.names)                                                1.338     9.195
n7686_1.out[0] (.names)                                               0.261     9.456
n7685_1.in[0] (.names)                                                1.338    10.793
n7685_1.out[0] (.names)                                               0.261    11.054
n7684.in[0] (.names)                                                  1.338    12.392
n7684.out[0] (.names)                                                 0.261    12.653
n7896_1.in[0] (.names)                                                1.338    13.991
n7896_1.out[0] (.names)                                               0.261    14.252
n6855.in[2] (.names)                                                  1.338    15.590
n6855.out[0] (.names)                                                 0.261    15.851
top.sortedstack+st^FF_NODE~4061.D[0] (.latch)                         1.338    17.188
data arrival time                                                              17.188

clock top^tm3_clk_v0 (rise edge)                                      0.000     0.000
clock source latency                                                  0.000     0.000
top^tm3_clk_v0.inpad[0] (.input)                                      0.000     0.000
top.sortedstack+st^FF_NODE~4061.clk[0] (.latch)                       1.338     1.338
clock uncertainty                                                     0.000     1.338
cell setup time                                                      -0.066     1.272
data required time                                                              1.272
-------------------------------------------------------------------------------------
data required time                                                              1.272
data arrival time                                                             -17.188
-------------------------------------------------------------------------------------
slack (VIOLATED)                                                              -15.917


#Path 8
Startpoint: top.sortedstack+st^FF_NODE~4181.Q[0] (.latch clocked by top^tm3_clk_v0)
Endpoint  : top.sortedstack+st^FF_NODE~4035.D[0] (.latch clocked by top^tm3_clk_v0)
Path Type : setup

Point                                                                  Incr      Path
-------------------------------------------------------------------------------------
clock top^tm3_clk_v0 (rise edge)                                      0.000     0.000
clock source latency                                                  0.000     0.000
top^tm3_clk_v0.inpad[0] (.input)                                      0.000     0.000
top.sortedstack+st^FF_NODE~4181.clk[0] (.latch)                       1.338     1.338
top.sortedstack+st^FF_NODE~4181.Q[0] (.latch) [clock-to-output]       0.124     1.462
n7691_1.in[0] (.names)                                                1.338     2.800
n7691_1.out[0] (.names)                                               0.261     3.061
n7690_1.in[4] (.names)                                                1.338     4.398
n7690_1.out[0] (.names)                                               0.261     4.659
n7688.in[5] (.names)                                                  1.338     5.997
n7688.out[0] (.names)                                                 0.261     6.258
n7687.in[4] (.names)                                                  1.338     7.596
n7687.out[0] (.names)                                                 0.261     7.857
n7686_1.in[4] (.names)                                                1.338     9.195
n7686_1.out[0] (.names)                                               0.261     9.456
n7685_1.in[0] (.names)                                                1.338    10.793
n7685_1.out[0] (.names)                                               0.261    11.054
n7684.in[0] (.names)                                                  1.338    12.392
n7684.out[0] (.names)                                                 0.261    12.653
n7882.in[0] (.names)                                                  1.338    13.991
n7882.out[0] (.names)                                                 0.261    14.252
n6835.in[2] (.names)                                                  1.338    15.590
n6835.out[0] (.names)                                                 0.261    15.851
top.sortedstack+st^FF_NODE~4035.D[0] (.latch)                         1.338    17.188
data arrival time                                                              17.188

clock top^tm3_clk_v0 (rise edge)                                      0.000     0.000
clock source latency                                                  0.000     0.000
top^tm3_clk_v0.inpad[0] (.input)                                      0.000     0.000
top.sortedstack+st^FF_NODE~4035.clk[0] (.latch)                       1.338     1.338
clock uncertainty                                                     0.000     1.338
cell setup time                                                      -0.066     1.272
data required time                                                              1.272
-------------------------------------------------------------------------------------
data required time                                                              1.272
data arrival time                                                             -17.188
-------------------------------------------------------------------------------------
slack (VIOLATED)                                                              -15.917


#Path 9
Startpoint: top.sortedstack+st^FF_NODE~4181.Q[0] (.latch clocked by top^tm3_clk_v0)
Endpoint  : top.sortedstack+st^FF_NODE~4053.D[0] (.latch clocked by top^tm3_clk_v0)
Path Type : setup

Point                                                                  Incr      Path
-------------------------------------------------------------------------------------
clock top^tm3_clk_v0 (rise edge)                                      0.000     0.000
clock source latency                                                  0.000     0.000
top^tm3_clk_v0.inpad[0] (.input)                                      0.000     0.000
top.sortedstack+st^FF_NODE~4181.clk[0] (.latch)                       1.338     1.338
top.sortedstack+st^FF_NODE~4181.Q[0] (.latch) [clock-to-output]       0.124     1.462
n7691_1.in[0] (.names)                                                1.338     2.800
n7691_1.out[0] (.names)                                               0.261     3.061
n7690_1.in[4] (.names)                                                1.338     4.398
n7690_1.out[0] (.names)                                               0.261     4.659
n7688.in[5] (.names)                                                  1.338     5.997
n7688.out[0] (.names)                                                 0.261     6.258
n7687.in[4] (.names)                                                  1.338     7.596
n7687.out[0] (.names)                                                 0.261     7.857
n7686_1.in[4] (.names)                                                1.338     9.195
n7686_1.out[0] (.names)                                               0.261     9.456
n7685_1.in[0] (.names)                                                1.338    10.793
n7685_1.out[0] (.names)                                               0.261    11.054
n7684.in[0] (.names)                                                  1.338    12.392
n7684.out[0] (.names)                                                 0.261    12.653
n7896_1.in[0] (.names)                                                1.338    13.991
n7896_1.out[0] (.names)                                               0.261    14.252
n3240.in[2] (.names)                                                  1.338    15.590
n3240.out[0] (.names)                                                 0.261    15.851
top.sortedstack+st^FF_NODE~4053.D[0] (.latch)                         1.338    17.188
data arrival time                                                              17.188

clock top^tm3_clk_v0 (rise edge)                                      0.000     0.000
clock source latency                                                  0.000     0.000
top^tm3_clk_v0.inpad[0] (.input)                                      0.000     0.000
top.sortedstack+st^FF_NODE~4053.clk[0] (.latch)                       1.338     1.338
clock uncertainty                                                     0.000     1.338
cell setup time                                                      -0.066     1.272
data required time                                                              1.272
-------------------------------------------------------------------------------------
data required time                                                              1.272
data arrival time                                                             -17.188
-------------------------------------------------------------------------------------
slack (VIOLATED)                                                              -15.917


#Path 10
Startpoint: top.sortedstack+st^FF_NODE~4181.Q[0] (.latch clocked by top^tm3_clk_v0)
Endpoint  : top.sortedstack+st^FF_NODE~4027.D[0] (.latch clocked by top^tm3_clk_v0)
Path Type : setup

Point                                                                  Incr      Path
-------------------------------------------------------------------------------------
clock top^tm3_clk_v0 (rise edge)                                      0.000     0.000
clock source latency                                                  0.000     0.000
top^tm3_clk_v0.inpad[0] (.input)                                      0.000     0.000
top.sortedstack+st^FF_NODE~4181.clk[0] (.latch)                       1.338     1.338
top.sortedstack+st^FF_NODE~4181.Q[0] (.latch) [clock-to-output]       0.124     1.462
n7691_1.in[0] (.names)                                                1.338     2.800
n7691_1.out[0] (.names)                                               0.261     3.061
n7690_1.in[4] (.names)                                                1.338     4.398
n7690_1.out[0] (.names)                                               0.261     4.659
n7688.in[5] (.names)                                                  1.338     5.997
n7688.out[0] (.names)                                                 0.261     6.258
n7687.in[4] (.names)                                                  1.338     7.596
n7687.out[0] (.names)                                                 0.261     7.857
n7686_1.in[4] (.names)                                                1.338     9.195
n7686_1.out[0] (.names)                                               0.261     9.456
n7685_1.in[0] (.names)                                                1.338    10.793
n7685_1.out[0] (.names)                                               0.261    11.054
n7684.in[0] (.names)                                                  1.338    12.392
n7684.out[0] (.names)                                                 0.261    12.653
n7882.in[0] (.names)                                                  1.338    13.991
n7882.out[0] (.names)                                                 0.261    14.252
n3220.in[2] (.names)                                                  1.338    15.590
n3220.out[0] (.names)                                                 0.261    15.851
top.sortedstack+st^FF_NODE~4027.D[0] (.latch)                         1.338    17.188
data arrival time                                                              17.188

clock top^tm3_clk_v0 (rise edge)                                      0.000     0.000
clock source latency                                                  0.000     0.000
top^tm3_clk_v0.inpad[0] (.input)                                      0.000     0.000
top.sortedstack+st^FF_NODE~4027.clk[0] (.latch)                       1.338     1.338
clock uncertainty                                                     0.000     1.338
cell setup time                                                      -0.066     1.272
data required time                                                              1.272
-------------------------------------------------------------------------------------
data required time                                                              1.272
data arrival time                                                             -17.188
-------------------------------------------------------------------------------------
slack (VIOLATED)                                                              -15.917


#Path 11
Startpoint: top.sortedstack+st^FF_NODE~4181.Q[0] (.latch clocked by top^tm3_clk_v0)
Endpoint  : top.sortedstack+st^FF_NODE~4054.D[0] (.latch clocked by top^tm3_clk_v0)
Path Type : setup

Point                                                                  Incr      Path
-------------------------------------------------------------------------------------
clock top^tm3_clk_v0 (rise edge)                                      0.000     0.000
clock source latency                                                  0.000     0.000
top^tm3_clk_v0.inpad[0] (.input)                                      0.000     0.000
top.sortedstack+st^FF_NODE~4181.clk[0] (.latch)                       1.338     1.338
top.sortedstack+st^FF_NODE~4181.Q[0] (.latch) [clock-to-output]       0.124     1.462
n7691_1.in[0] (.names)                                                1.338     2.800
n7691_1.out[0] (.names)                                               0.261     3.061
n7690_1.in[4] (.names)                                                1.338     4.398
n7690_1.out[0] (.names)                                               0.261     4.659
n7688.in[5] (.names)                                                  1.338     5.997
n7688.out[0] (.names)                                                 0.261     6.258
n7687.in[4] (.names)                                                  1.338     7.596
n7687.out[0] (.names)                                                 0.261     7.857
n7686_1.in[4] (.names)                                                1.338     9.195
n7686_1.out[0] (.names)                                               0.261     9.456
n7685_1.in[0] (.names)                                                1.338    10.793
n7685_1.out[0] (.names)                                               0.261    11.054
n7684.in[0] (.names)                                                  1.338    12.392
n7684.out[0] (.names)                                                 0.261    12.653
n7896_1.in[0] (.names)                                                1.338    13.991
n7896_1.out[0] (.names)                                               0.261    14.252
n3155.in[2] (.names)                                                  1.338    15.590
n3155.out[0] (.names)                                                 0.261    15.851
top.sortedstack+st^FF_NODE~4054.D[0] (.latch)                         1.338    17.188
data arrival time                                                              17.188

clock top^tm3_clk_v0 (rise edge)                                      0.000     0.000
clock source latency                                                  0.000     0.000
top^tm3_clk_v0.inpad[0] (.input)                                      0.000     0.000
top.sortedstack+st^FF_NODE~4054.clk[0] (.latch)                       1.338     1.338
clock uncertainty                                                     0.000     1.338
cell setup time                                                      -0.066     1.272
data required time                                                              1.272
-------------------------------------------------------------------------------------
data required time                                                              1.272
data arrival time                                                             -17.188
-------------------------------------------------------------------------------------
slack (VIOLATED)                                                              -15.917


#Path 12
Startpoint: top.sortedstack+st^FF_NODE~4181.Q[0] (.latch clocked by top^tm3_clk_v0)
Endpoint  : top.sortedstack+st^FF_NODE~4028.D[0] (.latch clocked by top^tm3_clk_v0)
Path Type : setup

Point                                                                  Incr      Path
-------------------------------------------------------------------------------------
clock top^tm3_clk_v0 (rise edge)                                      0.000     0.000
clock source latency                                                  0.000     0.000
top^tm3_clk_v0.inpad[0] (.input)                                      0.000     0.000
top.sortedstack+st^FF_NODE~4181.clk[0] (.latch)                       1.338     1.338
top.sortedstack+st^FF_NODE~4181.Q[0] (.latch) [clock-to-output]       0.124     1.462
n7691_1.in[0] (.names)                                                1.338     2.800
n7691_1.out[0] (.names)                                               0.261     3.061
n7690_1.in[4] (.names)                                                1.338     4.398
n7690_1.out[0] (.names)                                               0.261     4.659
n7688.in[5] (.names)                                                  1.338     5.997
n7688.out[0] (.names)                                                 0.261     6.258
n7687.in[4] (.names)                                                  1.338     7.596
n7687.out[0] (.names)                                                 0.261     7.857
n7686_1.in[4] (.names)                                                1.338     9.195
n7686_1.out[0] (.names)                                               0.261     9.456
n7685_1.in[0] (.names)                                                1.338    10.793
n7685_1.out[0] (.names)                                               0.261    11.054
n7684.in[0] (.names)                                                  1.338    12.392
n7684.out[0] (.names)                                                 0.261    12.653
n7882.in[0] (.names)                                                  1.338    13.991
n7882.out[0] (.names)                                                 0.261    14.252
n3135.in[2] (.names)                                                  1.338    15.590
n3135.out[0] (.names)                                                 0.261    15.851
top.sortedstack+st^FF_NODE~4028.D[0] (.latch)                         1.338    17.188
data arrival time                                                              17.188

clock top^tm3_clk_v0 (rise edge)                                      0.000     0.000
clock source latency                                                  0.000     0.000
top^tm3_clk_v0.inpad[0] (.input)                                      0.000     0.000
top.sortedstack+st^FF_NODE~4028.clk[0] (.latch)                       1.338     1.338
clock uncertainty                                                     0.000     1.338
cell setup time                                                      -0.066     1.272
data required time                                                              1.272
-------------------------------------------------------------------------------------
data required time                                                              1.272
data arrival time                                                             -17.188
-------------------------------------------------------------------------------------
slack (VIOLATED)                                                              -15.917


#Path 13
Startpoint: top.sortedstack+st^FF_NODE~4181.Q[0] (.latch clocked by top^tm3_clk_v0)
Endpoint  : top.sortedstack+st^FF_NODE~4055.D[0] (.latch clocked by top^tm3_clk_v0)
Path Type : setup

Point                                                                  Incr      Path
-------------------------------------------------------------------------------------
clock top^tm3_clk_v0 (rise edge)                                      0.000     0.000
clock source latency                                                  0.000     0.000
top^tm3_clk_v0.inpad[0] (.input)                                      0.000     0.000
top.sortedstack+st^FF_NODE~4181.clk[0] (.latch)                       1.338     1.338
top.sortedstack+st^FF_NODE~4181.Q[0] (.latch) [clock-to-output]       0.124     1.462
n7691_1.in[0] (.names)                                                1.338     2.800
n7691_1.out[0] (.names)                                               0.261     3.061
n7690_1.in[4] (.names)                                                1.338     4.398
n7690_1.out[0] (.names)                                               0.261     4.659
n7688.in[5] (.names)                                                  1.338     5.997
n7688.out[0] (.names)                                                 0.261     6.258
n7687.in[4] (.names)                                                  1.338     7.596
n7687.out[0] (.names)                                                 0.261     7.857
n7686_1.in[4] (.names)                                                1.338     9.195
n7686_1.out[0] (.names)                                               0.261     9.456
n7685_1.in[0] (.names)                                                1.338    10.793
n7685_1.out[0] (.names)                                               0.261    11.054
n7684.in[0] (.names)                                                  1.338    12.392
n7684.out[0] (.names)                                                 0.261    12.653
n7896_1.in[0] (.names)                                                1.338    13.991
n7896_1.out[0] (.names)                                               0.261    14.252
n3070.in[2] (.names)                                                  1.338    15.590
n3070.out[0] (.names)                                                 0.261    15.851
top.sortedstack+st^FF_NODE~4055.D[0] (.latch)                         1.338    17.188
data arrival time                                                              17.188

clock top^tm3_clk_v0 (rise edge)                                      0.000     0.000
clock source latency                                                  0.000     0.000
top^tm3_clk_v0.inpad[0] (.input)                                      0.000     0.000
top.sortedstack+st^FF_NODE~4055.clk[0] (.latch)                       1.338     1.338
clock uncertainty                                                     0.000     1.338
cell setup time                                                      -0.066     1.272
data required time                                                              1.272
-------------------------------------------------------------------------------------
data required time                                                              1.272
data arrival time                                                             -17.188
-------------------------------------------------------------------------------------
slack (VIOLATED)                                                              -15.917


#Path 14
Startpoint: top.sortedstack+st^FF_NODE~4181.Q[0] (.latch clocked by top^tm3_clk_v0)
Endpoint  : top.sortedstack+st^FF_NODE~4029.D[0] (.latch clocked by top^tm3_clk_v0)
Path Type : setup

Point                                                                  Incr      Path
-------------------------------------------------------------------------------------
clock top^tm3_clk_v0 (rise edge)                                      0.000     0.000
clock source latency                                                  0.000     0.000
top^tm3_clk_v0.inpad[0] (.input)                                      0.000     0.000
top.sortedstack+st^FF_NODE~4181.clk[0] (.latch)                       1.338     1.338
top.sortedstack+st^FF_NODE~4181.Q[0] (.latch) [clock-to-output]       0.124     1.462
n7691_1.in[0] (.names)                                                1.338     2.800
n7691_1.out[0] (.names)                                               0.261     3.061
n7690_1.in[4] (.names)                                                1.338     4.398
n7690_1.out[0] (.names)                                               0.261     4.659
n7688.in[5] (.names)                                                  1.338     5.997
n7688.out[0] (.names)                                                 0.261     6.258
n7687.in[4] (.names)                                                  1.338     7.596
n7687.out[0] (.names)                                                 0.261     7.857
n7686_1.in[4] (.names)                                                1.338     9.195
n7686_1.out[0] (.names)                                               0.261     9.456
n7685_1.in[0] (.names)                                                1.338    10.793
n7685_1.out[0] (.names)                                               0.261    11.054
n7684.in[0] (.names)                                                  1.338    12.392
n7684.out[0] (.names)                                                 0.261    12.653
n7882.in[0] (.names)                                                  1.338    13.991
n7882.out[0] (.names)                                                 0.261    14.252
n3050.in[2] (.names)                                                  1.338    15.590
n3050.out[0] (.names)                                                 0.261    15.851
top.sortedstack+st^FF_NODE~4029.D[0] (.latch)                         1.338    17.188
data arrival time                                                              17.188

clock top^tm3_clk_v0 (rise edge)                                      0.000     0.000
clock source latency                                                  0.000     0.000
top^tm3_clk_v0.inpad[0] (.input)                                      0.000     0.000
top.sortedstack+st^FF_NODE~4029.clk[0] (.latch)                       1.338     1.338
clock uncertainty                                                     0.000     1.338
cell setup time                                                      -0.066     1.272
data required time                                                              1.272
-------------------------------------------------------------------------------------
data required time                                                              1.272
data arrival time                                                             -17.188
-------------------------------------------------------------------------------------
slack (VIOLATED)                                                              -15.917


#Path 15
Startpoint: top.sortedstack+st^FF_NODE~4181.Q[0] (.latch clocked by top^tm3_clk_v0)
Endpoint  : top.sortedstack+st^FF_NODE~4025.D[0] (.latch clocked by top^tm3_clk_v0)
Path Type : setup

Point                                                                  Incr      Path
-------------------------------------------------------------------------------------
clock top^tm3_clk_v0 (rise edge)                                      0.000     0.000
clock source latency                                                  0.000     0.000
top^tm3_clk_v0.inpad[0] (.input)                                      0.000     0.000
top.sortedstack+st^FF_NODE~4181.clk[0] (.latch)                       1.338     1.338
top.sortedstack+st^FF_NODE~4181.Q[0] (.latch) [clock-to-output]       0.124     1.462
n7691_1.in[0] (.names)                                                1.338     2.800
n7691_1.out[0] (.names)                                               0.261     3.061
n7690_1.in[4] (.names)                                                1.338     4.398
n7690_1.out[0] (.names)                                               0.261     4.659
n7688.in[5] (.names)                                                  1.338     5.997
n7688.out[0] (.names)                                                 0.261     6.258
n7687.in[4] (.names)                                                  1.338     7.596
n7687.out[0] (.names)                                                 0.261     7.857
n7686_1.in[4] (.names)                                                1.338     9.195
n7686_1.out[0] (.names)                                               0.261     9.456
n7685_1.in[0] (.names)                                                1.338    10.793
n7685_1.out[0] (.names)                                               0.261    11.054
n7684.in[0] (.names)                                                  1.338    12.392
n7684.out[0] (.names)                                                 0.261    12.653
n9021_1.in[0] (.names)                                                1.338    13.991
n9021_1.out[0] (.names)                                               0.261    14.252
n7695.in[3] (.names)                                                  1.338    15.590
n7695.out[0] (.names)                                                 0.261    15.851
top.sortedstack+st^FF_NODE~4025.D[0] (.latch)                         1.338    17.188
data arrival time                                                              17.188

clock top^tm3_clk_v0 (rise edge)                                      0.000     0.000
clock source latency                                                  0.000     0.000
top^tm3_clk_v0.inpad[0] (.input)                                      0.000     0.000
top.sortedstack+st^FF_NODE~4025.clk[0] (.latch)                       1.338     1.338
clock uncertainty                                                     0.000     1.338
cell setup time                                                      -0.066     1.272
data required time                                                              1.272
-------------------------------------------------------------------------------------
data required time                                                              1.272
data arrival time                                                             -17.188
-------------------------------------------------------------------------------------
slack (VIOLATED)                                                              -15.917


#Path 16
Startpoint: top.sortedstack+st^FF_NODE~4181.Q[0] (.latch clocked by top^tm3_clk_v0)
Endpoint  : top.sortedstack+st^FF_NODE~4034.D[0] (.latch clocked by top^tm3_clk_v0)
Path Type : setup

Point                                                                  Incr      Path
-------------------------------------------------------------------------------------
clock top^tm3_clk_v0 (rise edge)                                      0.000     0.000
clock source latency                                                  0.000     0.000
top^tm3_clk_v0.inpad[0] (.input)                                      0.000     0.000
top.sortedstack+st^FF_NODE~4181.clk[0] (.latch)                       1.338     1.338
top.sortedstack+st^FF_NODE~4181.Q[0] (.latch) [clock-to-output]       0.124     1.462
n7691_1.in[0] (.names)                                                1.338     2.800
n7691_1.out[0] (.names)                                               0.261     3.061
n7690_1.in[4] (.names)                                                1.338     4.398
n7690_1.out[0] (.names)                                               0.261     4.659
n7688.in[5] (.names)                                                  1.338     5.997
n7688.out[0] (.names)                                                 0.261     6.258
n7687.in[4] (.names)                                                  1.338     7.596
n7687.out[0] (.names)                                                 0.261     7.857
n7686_1.in[4] (.names)                                                1.338     9.195
n7686_1.out[0] (.names)                                               0.261     9.456
n7685_1.in[0] (.names)                                                1.338    10.793
n7685_1.out[0] (.names)                                               0.261    11.054
n7684.in[0] (.names)                                                  1.338    12.392
n7684.out[0] (.names)                                                 0.261    12.653
n7882.in[0] (.names)                                                  1.338    13.991
n7882.out[0] (.names)                                                 0.261    14.252
n2880.in[2] (.names)                                                  1.338    15.590
n2880.out[0] (.names)                                                 0.261    15.851
top.sortedstack+st^FF_NODE~4034.D[0] (.latch)                         1.338    17.188
data arrival time                                                              17.188

clock top^tm3_clk_v0 (rise edge)                                      0.000     0.000
clock source latency                                                  0.000     0.000
top^tm3_clk_v0.inpad[0] (.input)                                      0.000     0.000
top.sortedstack+st^FF_NODE~4034.clk[0] (.latch)                       1.338     1.338
clock uncertainty                                                     0.000     1.338
cell setup time                                                      -0.066     1.272
data required time                                                              1.272
-------------------------------------------------------------------------------------
data required time                                                              1.272
data arrival time                                                             -17.188
-------------------------------------------------------------------------------------
slack (VIOLATED)                                                              -15.917


#Path 17
Startpoint: top.sortedstack+st^FF_NODE~4181.Q[0] (.latch clocked by top^tm3_clk_v0)
Endpoint  : top.sortedstack+st^FF_NODE~4057.D[0] (.latch clocked by top^tm3_clk_v0)
Path Type : setup

Point                                                                  Incr      Path
-------------------------------------------------------------------------------------
clock top^tm3_clk_v0 (rise edge)                                      0.000     0.000
clock source latency                                                  0.000     0.000
top^tm3_clk_v0.inpad[0] (.input)                                      0.000     0.000
top.sortedstack+st^FF_NODE~4181.clk[0] (.latch)                       1.338     1.338
top.sortedstack+st^FF_NODE~4181.Q[0] (.latch) [clock-to-output]       0.124     1.462
n7691_1.in[0] (.names)                                                1.338     2.800
n7691_1.out[0] (.names)                                               0.261     3.061
n7690_1.in[4] (.names)                                                1.338     4.398
n7690_1.out[0] (.names)                                               0.261     4.659
n7688.in[5] (.names)                                                  1.338     5.997
n7688.out[0] (.names)                                                 0.261     6.258
n7687.in[4] (.names)                                                  1.338     7.596
n7687.out[0] (.names)                                                 0.261     7.857
n7686_1.in[4] (.names)                                                1.338     9.195
n7686_1.out[0] (.names)                                               0.261     9.456
n7685_1.in[0] (.names)                                                1.338    10.793
n7685_1.out[0] (.names)                                               0.261    11.054
n7684.in[0] (.names)                                                  1.338    12.392
n7684.out[0] (.names)                                                 0.261    12.653
n7896_1.in[0] (.names)                                                1.338    13.991
n7896_1.out[0] (.names)                                               0.261    14.252
n2830.in[2] (.names)                                                  1.338    15.590
n2830.out[0] (.names)                                                 0.261    15.851
top.sortedstack+st^FF_NODE~4057.D[0] (.latch)                         1.338    17.188
data arrival time                                                              17.188

clock top^tm3_clk_v0 (rise edge)                                      0.000     0.000
clock source latency                                                  0.000     0.000
top^tm3_clk_v0.inpad[0] (.input)                                      0.000     0.000
top.sortedstack+st^FF_NODE~4057.clk[0] (.latch)                       1.338     1.338
clock uncertainty                                                     0.000     1.338
cell setup time                                                      -0.066     1.272
data required time                                                              1.272
-------------------------------------------------------------------------------------
data required time                                                              1.272
data arrival time                                                             -17.188
-------------------------------------------------------------------------------------
slack (VIOLATED)                                                              -15.917


#Path 18
Startpoint: top.sortedstack+st^FF_NODE~4181.Q[0] (.latch clocked by top^tm3_clk_v0)
Endpoint  : top.sortedstack+st^FF_NODE~4031.D[0] (.latch clocked by top^tm3_clk_v0)
Path Type : setup

Point                                                                  Incr      Path
-------------------------------------------------------------------------------------
clock top^tm3_clk_v0 (rise edge)                                      0.000     0.000
clock source latency                                                  0.000     0.000
top^tm3_clk_v0.inpad[0] (.input)                                      0.000     0.000
top.sortedstack+st^FF_NODE~4181.clk[0] (.latch)                       1.338     1.338
top.sortedstack+st^FF_NODE~4181.Q[0] (.latch) [clock-to-output]       0.124     1.462
n7691_1.in[0] (.names)                                                1.338     2.800
n7691_1.out[0] (.names)                                               0.261     3.061
n7690_1.in[4] (.names)                                                1.338     4.398
n7690_1.out[0] (.names)                                               0.261     4.659
n7688.in[5] (.names)                                                  1.338     5.997
n7688.out[0] (.names)                                                 0.261     6.258
n7687.in[4] (.names)                                                  1.338     7.596
n7687.out[0] (.names)                                                 0.261     7.857
n7686_1.in[4] (.names)                                                1.338     9.195
n7686_1.out[0] (.names)                                               0.261     9.456
n7685_1.in[0] (.names)                                                1.338    10.793
n7685_1.out[0] (.names)                                               0.261    11.054
n7684.in[0] (.names)                                                  1.338    12.392
n7684.out[0] (.names)                                                 0.261    12.653
n7882.in[0] (.names)                                                  1.338    13.991
n7882.out[0] (.names)                                                 0.261    14.252
n2810.in[2] (.names)                                                  1.338    15.590
n2810.out[0] (.names)                                                 0.261    15.851
top.sortedstack+st^FF_NODE~4031.D[0] (.latch)                         1.338    17.188
data arrival time                                                              17.188

clock top^tm3_clk_v0 (rise edge)                                      0.000     0.000
clock source latency                                                  0.000     0.000
top^tm3_clk_v0.inpad[0] (.input)                                      0.000     0.000
top.sortedstack+st^FF_NODE~4031.clk[0] (.latch)                       1.338     1.338
clock uncertainty                                                     0.000     1.338
cell setup time                                                      -0.066     1.272
data required time                                                              1.272
-------------------------------------------------------------------------------------
data required time                                                              1.272
data arrival time                                                             -17.188
-------------------------------------------------------------------------------------
slack (VIOLATED)                                                              -15.917


#Path 19
Startpoint: top.sortedstack+st^FF_NODE~4181.Q[0] (.latch clocked by top^tm3_clk_v0)
Endpoint  : top.sortedstack+st^FF_NODE~4059.D[0] (.latch clocked by top^tm3_clk_v0)
Path Type : setup

Point                                                                  Incr      Path
-------------------------------------------------------------------------------------
clock top^tm3_clk_v0 (rise edge)                                      0.000     0.000
clock source latency                                                  0.000     0.000
top^tm3_clk_v0.inpad[0] (.input)                                      0.000     0.000
top.sortedstack+st^FF_NODE~4181.clk[0] (.latch)                       1.338     1.338
top.sortedstack+st^FF_NODE~4181.Q[0] (.latch) [clock-to-output]       0.124     1.462
n7691_1.in[0] (.names)                                                1.338     2.800
n7691_1.out[0] (.names)                                               0.261     3.061
n7690_1.in[4] (.names)                                                1.338     4.398
n7690_1.out[0] (.names)                                               0.261     4.659
n7688.in[5] (.names)                                                  1.338     5.997
n7688.out[0] (.names)                                                 0.261     6.258
n7687.in[4] (.names)                                                  1.338     7.596
n7687.out[0] (.names)                                                 0.261     7.857
n7686_1.in[4] (.names)                                                1.338     9.195
n7686_1.out[0] (.names)                                               0.261     9.456
n7685_1.in[0] (.names)                                                1.338    10.793
n7685_1.out[0] (.names)                                               0.261    11.054
n7684.in[0] (.names)                                                  1.338    12.392
n7684.out[0] (.names)                                                 0.261    12.653
n7896_1.in[0] (.names)                                                1.338    13.991
n7896_1.out[0] (.names)                                               0.261    14.252
n2760.in[2] (.names)                                                  1.338    15.590
n2760.out[0] (.names)                                                 0.261    15.851
top.sortedstack+st^FF_NODE~4059.D[0] (.latch)                         1.338    17.188
data arrival time                                                              17.188

clock top^tm3_clk_v0 (rise edge)                                      0.000     0.000
clock source latency                                                  0.000     0.000
top^tm3_clk_v0.inpad[0] (.input)                                      0.000     0.000
top.sortedstack+st^FF_NODE~4059.clk[0] (.latch)                       1.338     1.338
clock uncertainty                                                     0.000     1.338
cell setup time                                                      -0.066     1.272
data required time                                                              1.272
-------------------------------------------------------------------------------------
data required time                                                              1.272
data arrival time                                                             -17.188
-------------------------------------------------------------------------------------
slack (VIOLATED)                                                              -15.917


#Path 20
Startpoint: top.sortedstack+st^FF_NODE~4181.Q[0] (.latch clocked by top^tm3_clk_v0)
Endpoint  : top.sortedstack+st^FF_NODE~4033.D[0] (.latch clocked by top^tm3_clk_v0)
Path Type : setup

Point                                                                  Incr      Path
-------------------------------------------------------------------------------------
clock top^tm3_clk_v0 (rise edge)                                      0.000     0.000
clock source latency                                                  0.000     0.000
top^tm3_clk_v0.inpad[0] (.input)                                      0.000     0.000
top.sortedstack+st^FF_NODE~4181.clk[0] (.latch)                       1.338     1.338
top.sortedstack+st^FF_NODE~4181.Q[0] (.latch) [clock-to-output]       0.124     1.462
n7691_1.in[0] (.names)                                                1.338     2.800
n7691_1.out[0] (.names)                                               0.261     3.061
n7690_1.in[4] (.names)                                                1.338     4.398
n7690_1.out[0] (.names)                                               0.261     4.659
n7688.in[5] (.names)                                                  1.338     5.997
n7688.out[0] (.names)                                                 0.261     6.258
n7687.in[4] (.names)                                                  1.338     7.596
n7687.out[0] (.names)                                                 0.261     7.857
n7686_1.in[4] (.names)                                                1.338     9.195
n7686_1.out[0] (.names)                                               0.261     9.456
n7685_1.in[0] (.names)                                                1.338    10.793
n7685_1.out[0] (.names)                                               0.261    11.054
n7684.in[0] (.names)                                                  1.338    12.392
n7684.out[0] (.names)                                                 0.261    12.653
n7882.in[0] (.names)                                                  1.338    13.991
n7882.out[0] (.names)                                                 0.261    14.252
n2740.in[2] (.names)                                                  1.338    15.590
n2740.out[0] (.names)                                                 0.261    15.851
top.sortedstack+st^FF_NODE~4033.D[0] (.latch)                         1.338    17.188
data arrival time                                                              17.188

clock top^tm3_clk_v0 (rise edge)                                      0.000     0.000
clock source latency                                                  0.000     0.000
top^tm3_clk_v0.inpad[0] (.input)                                      0.000     0.000
top.sortedstack+st^FF_NODE~4033.clk[0] (.latch)                       1.338     1.338
clock uncertainty                                                     0.000     1.338
cell setup time                                                      -0.066     1.272
data required time                                                              1.272
-------------------------------------------------------------------------------------
data required time                                                              1.272
data arrival time                                                             -17.188
-------------------------------------------------------------------------------------
slack (VIOLATED)                                                              -15.917


#Path 21
Startpoint: top.sortedstack+st^FF_NODE~4181.Q[0] (.latch clocked by top^tm3_clk_v0)
Endpoint  : top.sortedstack+st^FF_NODE~4058.D[0] (.latch clocked by top^tm3_clk_v0)
Path Type : setup

Point                                                                  Incr      Path
-------------------------------------------------------------------------------------
clock top^tm3_clk_v0 (rise edge)                                      0.000     0.000
clock source latency                                                  0.000     0.000
top^tm3_clk_v0.inpad[0] (.input)                                      0.000     0.000
top.sortedstack+st^FF_NODE~4181.clk[0] (.latch)                       1.338     1.338
top.sortedstack+st^FF_NODE~4181.Q[0] (.latch) [clock-to-output]       0.124     1.462
n7691_1.in[0] (.names)                                                1.338     2.800
n7691_1.out[0] (.names)                                               0.261     3.061
n7690_1.in[4] (.names)                                                1.338     4.398
n7690_1.out[0] (.names)                                               0.261     4.659
n7688.in[5] (.names)                                                  1.338     5.997
n7688.out[0] (.names)                                                 0.261     6.258
n7687.in[4] (.names)                                                  1.338     7.596
n7687.out[0] (.names)                                                 0.261     7.857
n7686_1.in[4] (.names)                                                1.338     9.195
n7686_1.out[0] (.names)                                               0.261     9.456
n7685_1.in[0] (.names)                                                1.338    10.793
n7685_1.out[0] (.names)                                               0.261    11.054
n7684.in[0] (.names)                                                  1.338    12.392
n7684.out[0] (.names)                                                 0.261    12.653
n7894.in[2] (.names)                                                  1.338    13.991
n7894.out[0] (.names)                                                 0.261    14.252
n2690.in[2] (.names)                                                  1.338    15.590
n2690.out[0] (.names)                                                 0.261    15.851
top.sortedstack+st^FF_NODE~4058.D[0] (.latch)                         1.338    17.188
data arrival time                                                              17.188

clock top^tm3_clk_v0 (rise edge)                                      0.000     0.000
clock source latency                                                  0.000     0.000
top^tm3_clk_v0.inpad[0] (.input)                                      0.000     0.000
top.sortedstack+st^FF_NODE~4058.clk[0] (.latch)                       1.338     1.338
clock uncertainty                                                     0.000     1.338
cell setup time                                                      -0.066     1.272
data required time                                                              1.272
-------------------------------------------------------------------------------------
data required time                                                              1.272
data arrival time                                                             -17.188
-------------------------------------------------------------------------------------
slack (VIOLATED)                                                              -15.917


#Path 22
Startpoint: top.sortedstack+st^FF_NODE~4181.Q[0] (.latch clocked by top^tm3_clk_v0)
Endpoint  : top.sortedstack+st^FF_NODE~4244.D[0] (.latch clocked by top^tm3_clk_v0)
Path Type : setup

Point                                                                  Incr      Path
-------------------------------------------------------------------------------------
clock top^tm3_clk_v0 (rise edge)                                      0.000     0.000
clock source latency                                                  0.000     0.000
top^tm3_clk_v0.inpad[0] (.input)                                      0.000     0.000
top.sortedstack+st^FF_NODE~4181.clk[0] (.latch)                       1.338     1.338
top.sortedstack+st^FF_NODE~4181.Q[0] (.latch) [clock-to-output]       0.124     1.462
n7691_1.in[0] (.names)                                                1.338     2.800
n7691_1.out[0] (.names)                                               0.261     3.061
n7690_1.in[4] (.names)                                                1.338     4.398
n7690_1.out[0] (.names)                                               0.261     4.659
n7688.in[5] (.names)                                                  1.338     5.997
n7688.out[0] (.names)                                                 0.261     6.258
n7687.in[4] (.names)                                                  1.338     7.596
n7687.out[0] (.names)                                                 0.261     7.857
n7686_1.in[4] (.names)                                                1.338     9.195
n7686_1.out[0] (.names)                                               0.261     9.456
n7685_1.in[0] (.names)                                                1.338    10.793
n7685_1.out[0] (.names)                                               0.261    11.054
n7684.in[0] (.names)                                                  1.338    12.392
n7684.out[0] (.names)                                                 0.261    12.653
n7882.in[0] (.names)                                                  1.338    13.991
n7882.out[0] (.names)                                                 0.261    14.252
n8775.in[2] (.names)                                                  1.338    15.590
n8775.out[0] (.names)                                                 0.261    15.851
top.sortedstack+st^FF_NODE~4244.D[0] (.latch)                         1.338    17.188
data arrival time                                                              17.188

clock top^tm3_clk_v0 (rise edge)                                      0.000     0.000
clock source latency                                                  0.000     0.000
top^tm3_clk_v0.inpad[0] (.input)                                      0.000     0.000
top.sortedstack+st^FF_NODE~4244.clk[0] (.latch)                       1.338     1.338
clock uncertainty                                                     0.000     1.338
cell setup time                                                      -0.066     1.272
data required time                                                              1.272
-------------------------------------------------------------------------------------
data required time                                                              1.272
data arrival time                                                             -17.188
-------------------------------------------------------------------------------------
slack (VIOLATED)                                                              -15.917


#Path 23
Startpoint: top.sortedstack+st^FF_NODE~4181.Q[0] (.latch clocked by top^tm3_clk_v0)
Endpoint  : top.sortedstack+st^FF_NODE~4243.D[0] (.latch clocked by top^tm3_clk_v0)
Path Type : setup

Point                                                                  Incr      Path
-------------------------------------------------------------------------------------
clock top^tm3_clk_v0 (rise edge)                                      0.000     0.000
clock source latency                                                  0.000     0.000
top^tm3_clk_v0.inpad[0] (.input)                                      0.000     0.000
top.sortedstack+st^FF_NODE~4181.clk[0] (.latch)                       1.338     1.338
top.sortedstack+st^FF_NODE~4181.Q[0] (.latch) [clock-to-output]       0.124     1.462
n7691_1.in[0] (.names)                                                1.338     2.800
n7691_1.out[0] (.names)                                               0.261     3.061
n7690_1.in[4] (.names)                                                1.338     4.398
n7690_1.out[0] (.names)                                               0.261     4.659
n7688.in[5] (.names)                                                  1.338     5.997
n7688.out[0] (.names)                                                 0.261     6.258
n7687.in[4] (.names)                                                  1.338     7.596
n7687.out[0] (.names)                                                 0.261     7.857
n7686_1.in[4] (.names)                                                1.338     9.195
n7686_1.out[0] (.names)                                               0.261     9.456
n7685_1.in[0] (.names)                                                1.338    10.793
n7685_1.out[0] (.names)                                               0.261    11.054
n7684.in[0] (.names)                                                  1.338    12.392
n7684.out[0] (.names)                                                 0.261    12.653
n7882.in[0] (.names)                                                  1.338    13.991
n7882.out[0] (.names)                                                 0.261    14.252
n8745.in[2] (.names)                                                  1.338    15.590
n8745.out[0] (.names)                                                 0.261    15.851
top.sortedstack+st^FF_NODE~4243.D[0] (.latch)                         1.338    17.188
data arrival time                                                              17.188

clock top^tm3_clk_v0 (rise edge)                                      0.000     0.000
clock source latency                                                  0.000     0.000
top^tm3_clk_v0.inpad[0] (.input)                                      0.000     0.000
top.sortedstack+st^FF_NODE~4243.clk[0] (.latch)                       1.338     1.338
clock uncertainty                                                     0.000     1.338
cell setup time                                                      -0.066     1.272
data required time                                                              1.272
-------------------------------------------------------------------------------------
data required time                                                              1.272
data arrival time                                                             -17.188
-------------------------------------------------------------------------------------
slack (VIOLATED)                                                              -15.917


#Path 24
Startpoint: top.sortedstack+st^FF_NODE~4181.Q[0] (.latch clocked by top^tm3_clk_v0)
Endpoint  : top.sortedstack+st^FF_NODE~4242.D[0] (.latch clocked by top^tm3_clk_v0)
Path Type : setup

Point                                                                  Incr      Path
-------------------------------------------------------------------------------------
clock top^tm3_clk_v0 (rise edge)                                      0.000     0.000
clock source latency                                                  0.000     0.000
top^tm3_clk_v0.inpad[0] (.input)                                      0.000     0.000
top.sortedstack+st^FF_NODE~4181.clk[0] (.latch)                       1.338     1.338
top.sortedstack+st^FF_NODE~4181.Q[0] (.latch) [clock-to-output]       0.124     1.462
n7691_1.in[0] (.names)                                                1.338     2.800
n7691_1.out[0] (.names)                                               0.261     3.061
n7690_1.in[4] (.names)                                                1.338     4.398
n7690_1.out[0] (.names)                                               0.261     4.659
n7688.in[5] (.names)                                                  1.338     5.997
n7688.out[0] (.names)                                                 0.261     6.258
n7687.in[4] (.names)                                                  1.338     7.596
n7687.out[0] (.names)                                                 0.261     7.857
n7686_1.in[4] (.names)                                                1.338     9.195
n7686_1.out[0] (.names)                                               0.261     9.456
n7685_1.in[0] (.names)                                                1.338    10.793
n7685_1.out[0] (.names)                                               0.261    11.054
n7684.in[0] (.names)                                                  1.338    12.392
n7684.out[0] (.names)                                                 0.261    12.653
n7882.in[0] (.names)                                                  1.338    13.991
n7882.out[0] (.names)                                                 0.261    14.252
n8715.in[2] (.names)                                                  1.338    15.590
n8715.out[0] (.names)                                                 0.261    15.851
top.sortedstack+st^FF_NODE~4242.D[0] (.latch)                         1.338    17.188
data arrival time                                                              17.188

clock top^tm3_clk_v0 (rise edge)                                      0.000     0.000
clock source latency                                                  0.000     0.000
top^tm3_clk_v0.inpad[0] (.input)                                      0.000     0.000
top.sortedstack+st^FF_NODE~4242.clk[0] (.latch)                       1.338     1.338
clock uncertainty                                                     0.000     1.338
cell setup time                                                      -0.066     1.272
data required time                                                              1.272
-------------------------------------------------------------------------------------
data required time                                                              1.272
data arrival time                                                             -17.188
-------------------------------------------------------------------------------------
slack (VIOLATED)                                                              -15.917


#Path 25
Startpoint: top.sortedstack+st^FF_NODE~4181.Q[0] (.latch clocked by top^tm3_clk_v0)
Endpoint  : top.sortedstack+st^FF_NODE~4241.D[0] (.latch clocked by top^tm3_clk_v0)
Path Type : setup

Point                                                                  Incr      Path
-------------------------------------------------------------------------------------
clock top^tm3_clk_v0 (rise edge)                                      0.000     0.000
clock source latency                                                  0.000     0.000
top^tm3_clk_v0.inpad[0] (.input)                                      0.000     0.000
top.sortedstack+st^FF_NODE~4181.clk[0] (.latch)                       1.338     1.338
top.sortedstack+st^FF_NODE~4181.Q[0] (.latch) [clock-to-output]       0.124     1.462
n7691_1.in[0] (.names)                                                1.338     2.800
n7691_1.out[0] (.names)                                               0.261     3.061
n7690_1.in[4] (.names)                                                1.338     4.398
n7690_1.out[0] (.names)                                               0.261     4.659
n7688.in[5] (.names)                                                  1.338     5.997
n7688.out[0] (.names)                                                 0.261     6.258
n7687.in[4] (.names)                                                  1.338     7.596
n7687.out[0] (.names)                                                 0.261     7.857
n7686_1.in[4] (.names)                                                1.338     9.195
n7686_1.out[0] (.names)                                               0.261     9.456
n7685_1.in[0] (.names)                                                1.338    10.793
n7685_1.out[0] (.names)                                               0.261    11.054
n7684.in[0] (.names)                                                  1.338    12.392
n7684.out[0] (.names)                                                 0.261    12.653
n7882.in[0] (.names)                                                  1.338    13.991
n7882.out[0] (.names)                                                 0.261    14.252
n8685.in[2] (.names)                                                  1.338    15.590
n8685.out[0] (.names)                                                 0.261    15.851
top.sortedstack+st^FF_NODE~4241.D[0] (.latch)                         1.338    17.188
data arrival time                                                              17.188

clock top^tm3_clk_v0 (rise edge)                                      0.000     0.000
clock source latency                                                  0.000     0.000
top^tm3_clk_v0.inpad[0] (.input)                                      0.000     0.000
top.sortedstack+st^FF_NODE~4241.clk[0] (.latch)                       1.338     1.338
clock uncertainty                                                     0.000     1.338
cell setup time                                                      -0.066     1.272
data required time                                                              1.272
-------------------------------------------------------------------------------------
data required time                                                              1.272
data arrival time                                                             -17.188
-------------------------------------------------------------------------------------
slack (VIOLATED)                                                              -15.917


#Path 26
Startpoint: top.sortedstack+st^FF_NODE~4181.Q[0] (.latch clocked by top^tm3_clk_v0)
Endpoint  : top.sortedstack+st^FF_NODE~4240.D[0] (.latch clocked by top^tm3_clk_v0)
Path Type : setup

Point                                                                  Incr      Path
-------------------------------------------------------------------------------------
clock top^tm3_clk_v0 (rise edge)                                      0.000     0.000
clock source latency                                                  0.000     0.000
top^tm3_clk_v0.inpad[0] (.input)                                      0.000     0.000
top.sortedstack+st^FF_NODE~4181.clk[0] (.latch)                       1.338     1.338
top.sortedstack+st^FF_NODE~4181.Q[0] (.latch) [clock-to-output]       0.124     1.462
n7691_1.in[0] (.names)                                                1.338     2.800
n7691_1.out[0] (.names)                                               0.261     3.061
n7690_1.in[4] (.names)                                                1.338     4.398
n7690_1.out[0] (.names)                                               0.261     4.659
n7688.in[5] (.names)                                                  1.338     5.997
n7688.out[0] (.names)                                                 0.261     6.258
n7687.in[4] (.names)                                                  1.338     7.596
n7687.out[0] (.names)                                                 0.261     7.857
n7686_1.in[4] (.names)                                                1.338     9.195
n7686_1.out[0] (.names)                                               0.261     9.456
n7685_1.in[0] (.names)                                                1.338    10.793
n7685_1.out[0] (.names)                                               0.261    11.054
n7684.in[0] (.names)                                                  1.338    12.392
n7684.out[0] (.names)                                                 0.261    12.653
n7882.in[0] (.names)                                                  1.338    13.991
n7882.out[0] (.names)                                                 0.261    14.252
n8655.in[2] (.names)                                                  1.338    15.590
n8655.out[0] (.names)                                                 0.261    15.851
top.sortedstack+st^FF_NODE~4240.D[0] (.latch)                         1.338    17.188
data arrival time                                                              17.188

clock top^tm3_clk_v0 (rise edge)                                      0.000     0.000
clock source latency                                                  0.000     0.000
top^tm3_clk_v0.inpad[0] (.input)                                      0.000     0.000
top.sortedstack+st^FF_NODE~4240.clk[0] (.latch)                       1.338     1.338
clock uncertainty                                                     0.000     1.338
cell setup time                                                      -0.066     1.272
data required time                                                              1.272
-------------------------------------------------------------------------------------
data required time                                                              1.272
data arrival time                                                             -17.188
-------------------------------------------------------------------------------------
slack (VIOLATED)                                                              -15.917


#Path 27
Startpoint: top.sortedstack+st^FF_NODE~4181.Q[0] (.latch clocked by top^tm3_clk_v0)
Endpoint  : top.sortedstack+st^FF_NODE~4239.D[0] (.latch clocked by top^tm3_clk_v0)
Path Type : setup

Point                                                                  Incr      Path
-------------------------------------------------------------------------------------
clock top^tm3_clk_v0 (rise edge)                                      0.000     0.000
clock source latency                                                  0.000     0.000
top^tm3_clk_v0.inpad[0] (.input)                                      0.000     0.000
top.sortedstack+st^FF_NODE~4181.clk[0] (.latch)                       1.338     1.338
top.sortedstack+st^FF_NODE~4181.Q[0] (.latch) [clock-to-output]       0.124     1.462
n7691_1.in[0] (.names)                                                1.338     2.800
n7691_1.out[0] (.names)                                               0.261     3.061
n7690_1.in[4] (.names)                                                1.338     4.398
n7690_1.out[0] (.names)                                               0.261     4.659
n7688.in[5] (.names)                                                  1.338     5.997
n7688.out[0] (.names)                                                 0.261     6.258
n7687.in[4] (.names)                                                  1.338     7.596
n7687.out[0] (.names)                                                 0.261     7.857
n7686_1.in[4] (.names)                                                1.338     9.195
n7686_1.out[0] (.names)                                               0.261     9.456
n7685_1.in[0] (.names)                                                1.338    10.793
n7685_1.out[0] (.names)                                               0.261    11.054
n7684.in[0] (.names)                                                  1.338    12.392
n7684.out[0] (.names)                                                 0.261    12.653
n7882.in[0] (.names)                                                  1.338    13.991
n7882.out[0] (.names)                                                 0.261    14.252
n8625.in[2] (.names)                                                  1.338    15.590
n8625.out[0] (.names)                                                 0.261    15.851
top.sortedstack+st^FF_NODE~4239.D[0] (.latch)                         1.338    17.188
data arrival time                                                              17.188

clock top^tm3_clk_v0 (rise edge)                                      0.000     0.000
clock source latency                                                  0.000     0.000
top^tm3_clk_v0.inpad[0] (.input)                                      0.000     0.000
top.sortedstack+st^FF_NODE~4239.clk[0] (.latch)                       1.338     1.338
clock uncertainty                                                     0.000     1.338
cell setup time                                                      -0.066     1.272
data required time                                                              1.272
-------------------------------------------------------------------------------------
data required time                                                              1.272
data arrival time                                                             -17.188
-------------------------------------------------------------------------------------
slack (VIOLATED)                                                              -15.917


#Path 28
Startpoint: top.sortedstack+st^FF_NODE~4181.Q[0] (.latch clocked by top^tm3_clk_v0)
Endpoint  : top.sortedstack+st^FF_NODE~4281.D[0] (.latch clocked by top^tm3_clk_v0)
Path Type : setup

Point                                                                  Incr      Path
-------------------------------------------------------------------------------------
clock top^tm3_clk_v0 (rise edge)                                      0.000     0.000
clock source latency                                                  0.000     0.000
top^tm3_clk_v0.inpad[0] (.input)                                      0.000     0.000
top.sortedstack+st^FF_NODE~4181.clk[0] (.latch)                       1.338     1.338
top.sortedstack+st^FF_NODE~4181.Q[0] (.latch) [clock-to-output]       0.124     1.462
n7691_1.in[0] (.names)                                                1.338     2.800
n7691_1.out[0] (.names)                                               0.261     3.061
n7690_1.in[4] (.names)                                                1.338     4.398
n7690_1.out[0] (.names)                                               0.261     4.659
n7688.in[5] (.names)                                                  1.338     5.997
n7688.out[0] (.names)                                                 0.261     6.258
n7687.in[4] (.names)                                                  1.338     7.596
n7687.out[0] (.names)                                                 0.261     7.857
n7686_1.in[4] (.names)                                                1.338     9.195
n7686_1.out[0] (.names)                                               0.261     9.456
n7685_1.in[0] (.names)                                                1.338    10.793
n7685_1.out[0] (.names)                                               0.261    11.054
n7684.in[0] (.names)                                                  1.338    12.392
n7684.out[0] (.names)                                                 0.261    12.653
n7896_1.in[0] (.names)                                                1.338    13.991
n7896_1.out[0] (.names)                                               0.261    14.252
n7975.in[2] (.names)                                                  1.338    15.590
n7975.out[0] (.names)                                                 0.261    15.851
top.sortedstack+st^FF_NODE~4281.D[0] (.latch)                         1.338    17.188
data arrival time                                                              17.188

clock top^tm3_clk_v0 (rise edge)                                      0.000     0.000
clock source latency                                                  0.000     0.000
top^tm3_clk_v0.inpad[0] (.input)                                      0.000     0.000
top.sortedstack+st^FF_NODE~4281.clk[0] (.latch)                       1.338     1.338
clock uncertainty                                                     0.000     1.338
cell setup time                                                      -0.066     1.272
data required time                                                              1.272
-------------------------------------------------------------------------------------
data required time                                                              1.272
data arrival time                                                             -17.188
-------------------------------------------------------------------------------------
slack (VIOLATED)                                                              -15.917


#Path 29
Startpoint: top.sortedstack+st^FF_NODE~4181.Q[0] (.latch clocked by top^tm3_clk_v0)
Endpoint  : top.sortedstack+st^FF_NODE~4293.D[0] (.latch clocked by top^tm3_clk_v0)
Path Type : setup

Point                                                                  Incr      Path
-------------------------------------------------------------------------------------
clock top^tm3_clk_v0 (rise edge)                                      0.000     0.000
clock source latency                                                  0.000     0.000
top^tm3_clk_v0.inpad[0] (.input)                                      0.000     0.000
top.sortedstack+st^FF_NODE~4181.clk[0] (.latch)                       1.338     1.338
top.sortedstack+st^FF_NODE~4181.Q[0] (.latch) [clock-to-output]       0.124     1.462
n7691_1.in[0] (.names)                                                1.338     2.800
n7691_1.out[0] (.names)                                               0.261     3.061
n7690_1.in[4] (.names)                                                1.338     4.398
n7690_1.out[0] (.names)                                               0.261     4.659
n7688.in[5] (.names)                                                  1.338     5.997
n7688.out[0] (.names)                                                 0.261     6.258
n7687.in[4] (.names)                                                  1.338     7.596
n7687.out[0] (.names)                                                 0.261     7.857
n7686_1.in[4] (.names)                                                1.338     9.195
n7686_1.out[0] (.names)                                               0.261     9.456
n7685_1.in[0] (.names)                                                1.338    10.793
n7685_1.out[0] (.names)                                               0.261    11.054
n7684.in[0] (.names)                                                  1.338    12.392
n7684.out[0] (.names)                                                 0.261    12.653
n7896_1.in[0] (.names)                                                1.338    13.991
n7896_1.out[0] (.names)                                               0.261    14.252
n8335.in[2] (.names)                                                  1.338    15.590
n8335.out[0] (.names)                                                 0.261    15.851
top.sortedstack+st^FF_NODE~4293.D[0] (.latch)                         1.338    17.188
data arrival time                                                              17.188

clock top^tm3_clk_v0 (rise edge)                                      0.000     0.000
clock source latency                                                  0.000     0.000
top^tm3_clk_v0.inpad[0] (.input)                                      0.000     0.000
top.sortedstack+st^FF_NODE~4293.clk[0] (.latch)                       1.338     1.338
clock uncertainty                                                     0.000     1.338
cell setup time                                                      -0.066     1.272
data required time                                                              1.272
-------------------------------------------------------------------------------------
data required time                                                              1.272
data arrival time                                                             -17.188
-------------------------------------------------------------------------------------
slack (VIOLATED)                                                              -15.917


#Path 30
Startpoint: top.sortedstack+st^FF_NODE~4181.Q[0] (.latch clocked by top^tm3_clk_v0)
Endpoint  : top.sortedstack+st^FF_NODE~4292.D[0] (.latch clocked by top^tm3_clk_v0)
Path Type : setup

Point                                                                  Incr      Path
-------------------------------------------------------------------------------------
clock top^tm3_clk_v0 (rise edge)                                      0.000     0.000
clock source latency                                                  0.000     0.000
top^tm3_clk_v0.inpad[0] (.input)                                      0.000     0.000
top.sortedstack+st^FF_NODE~4181.clk[0] (.latch)                       1.338     1.338
top.sortedstack+st^FF_NODE~4181.Q[0] (.latch) [clock-to-output]       0.124     1.462
n7691_1.in[0] (.names)                                                1.338     2.800
n7691_1.out[0] (.names)                                               0.261     3.061
n7690_1.in[4] (.names)                                                1.338     4.398
n7690_1.out[0] (.names)                                               0.261     4.659
n7688.in[5] (.names)                                                  1.338     5.997
n7688.out[0] (.names)                                                 0.261     6.258
n7687.in[4] (.names)                                                  1.338     7.596
n7687.out[0] (.names)                                                 0.261     7.857
n7686_1.in[4] (.names)                                                1.338     9.195
n7686_1.out[0] (.names)                                               0.261     9.456
n7685_1.in[0] (.names)                                                1.338    10.793
n7685_1.out[0] (.names)                                               0.261    11.054
n7684.in[0] (.names)                                                  1.338    12.392
n7684.out[0] (.names)                                                 0.261    12.653
n7896_1.in[0] (.names)                                                1.338    13.991
n7896_1.out[0] (.names)                                               0.261    14.252
n8305.in[2] (.names)                                                  1.338    15.590
n8305.out[0] (.names)                                                 0.261    15.851
top.sortedstack+st^FF_NODE~4292.D[0] (.latch)                         1.338    17.188
data arrival time                                                              17.188

clock top^tm3_clk_v0 (rise edge)                                      0.000     0.000
clock source latency                                                  0.000     0.000
top^tm3_clk_v0.inpad[0] (.input)                                      0.000     0.000
top.sortedstack+st^FF_NODE~4292.clk[0] (.latch)                       1.338     1.338
clock uncertainty                                                     0.000     1.338
cell setup time                                                      -0.066     1.272
data required time                                                              1.272
-------------------------------------------------------------------------------------
data required time                                                              1.272
data arrival time                                                             -17.188
-------------------------------------------------------------------------------------
slack (VIOLATED)                                                              -15.917


#Path 31
Startpoint: top.sortedstack+st^FF_NODE~4181.Q[0] (.latch clocked by top^tm3_clk_v0)
Endpoint  : top.sortedstack+st^FF_NODE~4291.D[0] (.latch clocked by top^tm3_clk_v0)
Path Type : setup

Point                                                                  Incr      Path
-------------------------------------------------------------------------------------
clock top^tm3_clk_v0 (rise edge)                                      0.000     0.000
clock source latency                                                  0.000     0.000
top^tm3_clk_v0.inpad[0] (.input)                                      0.000     0.000
top.sortedstack+st^FF_NODE~4181.clk[0] (.latch)                       1.338     1.338
top.sortedstack+st^FF_NODE~4181.Q[0] (.latch) [clock-to-output]       0.124     1.462
n7691_1.in[0] (.names)                                                1.338     2.800
n7691_1.out[0] (.names)                                               0.261     3.061
n7690_1.in[4] (.names)                                                1.338     4.398
n7690_1.out[0] (.names)                                               0.261     4.659
n7688.in[5] (.names)                                                  1.338     5.997
n7688.out[0] (.names)                                                 0.261     6.258
n7687.in[4] (.names)                                                  1.338     7.596
n7687.out[0] (.names)                                                 0.261     7.857
n7686_1.in[4] (.names)                                                1.338     9.195
n7686_1.out[0] (.names)                                               0.261     9.456
n7685_1.in[0] (.names)                                                1.338    10.793
n7685_1.out[0] (.names)                                               0.261    11.054
n7684.in[0] (.names)                                                  1.338    12.392
n7684.out[0] (.names)                                                 0.261    12.653
n7896_1.in[0] (.names)                                                1.338    13.991
n7896_1.out[0] (.names)                                               0.261    14.252
n8275.in[2] (.names)                                                  1.338    15.590
n8275.out[0] (.names)                                                 0.261    15.851
top.sortedstack+st^FF_NODE~4291.D[0] (.latch)                         1.338    17.188
data arrival time                                                              17.188

clock top^tm3_clk_v0 (rise edge)                                      0.000     0.000
clock source latency                                                  0.000     0.000
top^tm3_clk_v0.inpad[0] (.input)                                      0.000     0.000
top.sortedstack+st^FF_NODE~4291.clk[0] (.latch)                       1.338     1.338
clock uncertainty                                                     0.000     1.338
cell setup time                                                      -0.066     1.272
data required time                                                              1.272
-------------------------------------------------------------------------------------
data required time                                                              1.272
data arrival time                                                             -17.188
-------------------------------------------------------------------------------------
slack (VIOLATED)                                                              -15.917


#Path 32
Startpoint: top.sortedstack+st^FF_NODE~4181.Q[0] (.latch clocked by top^tm3_clk_v0)
Endpoint  : top.sortedstack+st^FF_NODE~4290.D[0] (.latch clocked by top^tm3_clk_v0)
Path Type : setup

Point                                                                  Incr      Path
-------------------------------------------------------------------------------------
clock top^tm3_clk_v0 (rise edge)                                      0.000     0.000
clock source latency                                                  0.000     0.000
top^tm3_clk_v0.inpad[0] (.input)                                      0.000     0.000
top.sortedstack+st^FF_NODE~4181.clk[0] (.latch)                       1.338     1.338
top.sortedstack+st^FF_NODE~4181.Q[0] (.latch) [clock-to-output]       0.124     1.462
n7691_1.in[0] (.names)                                                1.338     2.800
n7691_1.out[0] (.names)                                               0.261     3.061
n7690_1.in[4] (.names)                                                1.338     4.398
n7690_1.out[0] (.names)                                               0.261     4.659
n7688.in[5] (.names)                                                  1.338     5.997
n7688.out[0] (.names)                                                 0.261     6.258
n7687.in[4] (.names)                                                  1.338     7.596
n7687.out[0] (.names)                                                 0.261     7.857
n7686_1.in[4] (.names)                                                1.338     9.195
n7686_1.out[0] (.names)                                               0.261     9.456
n7685_1.in[0] (.names)                                                1.338    10.793
n7685_1.out[0] (.names)                                               0.261    11.054
n7684.in[0] (.names)                                                  1.338    12.392
n7684.out[0] (.names)                                                 0.261    12.653
n7896_1.in[0] (.names)                                                1.338    13.991
n7896_1.out[0] (.names)                                               0.261    14.252
n8245.in[2] (.names)                                                  1.338    15.590
n8245.out[0] (.names)                                                 0.261    15.851
top.sortedstack+st^FF_NODE~4290.D[0] (.latch)                         1.338    17.188
data arrival time                                                              17.188

clock top^tm3_clk_v0 (rise edge)                                      0.000     0.000
clock source latency                                                  0.000     0.000
top^tm3_clk_v0.inpad[0] (.input)                                      0.000     0.000
top.sortedstack+st^FF_NODE~4290.clk[0] (.latch)                       1.338     1.338
clock uncertainty                                                     0.000     1.338
cell setup time                                                      -0.066     1.272
data required time                                                              1.272
-------------------------------------------------------------------------------------
data required time                                                              1.272
data arrival time                                                             -17.188
-------------------------------------------------------------------------------------
slack (VIOLATED)                                                              -15.917


#Path 33
Startpoint: top.sortedstack+st^FF_NODE~4181.Q[0] (.latch clocked by top^tm3_clk_v0)
Endpoint  : top.sortedstack+st^FF_NODE~4289.D[0] (.latch clocked by top^tm3_clk_v0)
Path Type : setup

Point                                                                  Incr      Path
-------------------------------------------------------------------------------------
clock top^tm3_clk_v0 (rise edge)                                      0.000     0.000
clock source latency                                                  0.000     0.000
top^tm3_clk_v0.inpad[0] (.input)                                      0.000     0.000
top.sortedstack+st^FF_NODE~4181.clk[0] (.latch)                       1.338     1.338
top.sortedstack+st^FF_NODE~4181.Q[0] (.latch) [clock-to-output]       0.124     1.462
n7691_1.in[0] (.names)                                                1.338     2.800
n7691_1.out[0] (.names)                                               0.261     3.061
n7690_1.in[4] (.names)                                                1.338     4.398
n7690_1.out[0] (.names)                                               0.261     4.659
n7688.in[5] (.names)                                                  1.338     5.997
n7688.out[0] (.names)                                                 0.261     6.258
n7687.in[4] (.names)                                                  1.338     7.596
n7687.out[0] (.names)                                                 0.261     7.857
n7686_1.in[4] (.names)                                                1.338     9.195
n7686_1.out[0] (.names)                                               0.261     9.456
n7685_1.in[0] (.names)                                                1.338    10.793
n7685_1.out[0] (.names)                                               0.261    11.054
n7684.in[0] (.names)                                                  1.338    12.392
n7684.out[0] (.names)                                                 0.261    12.653
n7896_1.in[0] (.names)                                                1.338    13.991
n7896_1.out[0] (.names)                                               0.261    14.252
n8215.in[2] (.names)                                                  1.338    15.590
n8215.out[0] (.names)                                                 0.261    15.851
top.sortedstack+st^FF_NODE~4289.D[0] (.latch)                         1.338    17.188
data arrival time                                                              17.188

clock top^tm3_clk_v0 (rise edge)                                      0.000     0.000
clock source latency                                                  0.000     0.000
top^tm3_clk_v0.inpad[0] (.input)                                      0.000     0.000
top.sortedstack+st^FF_NODE~4289.clk[0] (.latch)                       1.338     1.338
clock uncertainty                                                     0.000     1.338
cell setup time                                                      -0.066     1.272
data required time                                                              1.272
-------------------------------------------------------------------------------------
data required time                                                              1.272
data arrival time                                                             -17.188
-------------------------------------------------------------------------------------
slack (VIOLATED)                                                              -15.917


#Path 34
Startpoint: top.sortedstack+st^FF_NODE~4181.Q[0] (.latch clocked by top^tm3_clk_v0)
Endpoint  : top.sortedstack+st^FF_NODE~4288.D[0] (.latch clocked by top^tm3_clk_v0)
Path Type : setup

Point                                                                  Incr      Path
-------------------------------------------------------------------------------------
clock top^tm3_clk_v0 (rise edge)                                      0.000     0.000
clock source latency                                                  0.000     0.000
top^tm3_clk_v0.inpad[0] (.input)                                      0.000     0.000
top.sortedstack+st^FF_NODE~4181.clk[0] (.latch)                       1.338     1.338
top.sortedstack+st^FF_NODE~4181.Q[0] (.latch) [clock-to-output]       0.124     1.462
n7691_1.in[0] (.names)                                                1.338     2.800
n7691_1.out[0] (.names)                                               0.261     3.061
n7690_1.in[4] (.names)                                                1.338     4.398
n7690_1.out[0] (.names)                                               0.261     4.659
n7688.in[5] (.names)                                                  1.338     5.997
n7688.out[0] (.names)                                                 0.261     6.258
n7687.in[4] (.names)                                                  1.338     7.596
n7687.out[0] (.names)                                                 0.261     7.857
n7686_1.in[4] (.names)                                                1.338     9.195
n7686_1.out[0] (.names)                                               0.261     9.456
n7685_1.in[0] (.names)                                                1.338    10.793
n7685_1.out[0] (.names)                                               0.261    11.054
n7684.in[0] (.names)                                                  1.338    12.392
n7684.out[0] (.names)                                                 0.261    12.653
n7896_1.in[0] (.names)                                                1.338    13.991
n7896_1.out[0] (.names)                                               0.261    14.252
n8185.in[2] (.names)                                                  1.338    15.590
n8185.out[0] (.names)                                                 0.261    15.851
top.sortedstack+st^FF_NODE~4288.D[0] (.latch)                         1.338    17.188
data arrival time                                                              17.188

clock top^tm3_clk_v0 (rise edge)                                      0.000     0.000
clock source latency                                                  0.000     0.000
top^tm3_clk_v0.inpad[0] (.input)                                      0.000     0.000
top.sortedstack+st^FF_NODE~4288.clk[0] (.latch)                       1.338     1.338
clock uncertainty                                                     0.000     1.338
cell setup time                                                      -0.066     1.272
data required time                                                              1.272
-------------------------------------------------------------------------------------
data required time                                                              1.272
data arrival time                                                             -17.188
-------------------------------------------------------------------------------------
slack (VIOLATED)                                                              -15.917


#Path 35
Startpoint: top.sortedstack+st^FF_NODE~4181.Q[0] (.latch clocked by top^tm3_clk_v0)
Endpoint  : top.sortedstack+st^FF_NODE~4287.D[0] (.latch clocked by top^tm3_clk_v0)
Path Type : setup

Point                                                                  Incr      Path
-------------------------------------------------------------------------------------
clock top^tm3_clk_v0 (rise edge)                                      0.000     0.000
clock source latency                                                  0.000     0.000
top^tm3_clk_v0.inpad[0] (.input)                                      0.000     0.000
top.sortedstack+st^FF_NODE~4181.clk[0] (.latch)                       1.338     1.338
top.sortedstack+st^FF_NODE~4181.Q[0] (.latch) [clock-to-output]       0.124     1.462
n7691_1.in[0] (.names)                                                1.338     2.800
n7691_1.out[0] (.names)                                               0.261     3.061
n7690_1.in[4] (.names)                                                1.338     4.398
n7690_1.out[0] (.names)                                               0.261     4.659
n7688.in[5] (.names)                                                  1.338     5.997
n7688.out[0] (.names)                                                 0.261     6.258
n7687.in[4] (.names)                                                  1.338     7.596
n7687.out[0] (.names)                                                 0.261     7.857
n7686_1.in[4] (.names)                                                1.338     9.195
n7686_1.out[0] (.names)                                               0.261     9.456
n7685_1.in[0] (.names)                                                1.338    10.793
n7685_1.out[0] (.names)                                               0.261    11.054
n7684.in[0] (.names)                                                  1.338    12.392
n7684.out[0] (.names)                                                 0.261    12.653
n7896_1.in[0] (.names)                                                1.338    13.991
n7896_1.out[0] (.names)                                               0.261    14.252
n8155.in[2] (.names)                                                  1.338    15.590
n8155.out[0] (.names)                                                 0.261    15.851
top.sortedstack+st^FF_NODE~4287.D[0] (.latch)                         1.338    17.188
data arrival time                                                              17.188

clock top^tm3_clk_v0 (rise edge)                                      0.000     0.000
clock source latency                                                  0.000     0.000
top^tm3_clk_v0.inpad[0] (.input)                                      0.000     0.000
top.sortedstack+st^FF_NODE~4287.clk[0] (.latch)                       1.338     1.338
clock uncertainty                                                     0.000     1.338
cell setup time                                                      -0.066     1.272
data required time                                                              1.272
-------------------------------------------------------------------------------------
data required time                                                              1.272
data arrival time                                                             -17.188
-------------------------------------------------------------------------------------
slack (VIOLATED)                                                              -15.917


#Path 36
Startpoint: top.sortedstack+st^FF_NODE~4181.Q[0] (.latch clocked by top^tm3_clk_v0)
Endpoint  : top.sortedstack+st^FF_NODE~4286.D[0] (.latch clocked by top^tm3_clk_v0)
Path Type : setup

Point                                                                  Incr      Path
-------------------------------------------------------------------------------------
clock top^tm3_clk_v0 (rise edge)                                      0.000     0.000
clock source latency                                                  0.000     0.000
top^tm3_clk_v0.inpad[0] (.input)                                      0.000     0.000
top.sortedstack+st^FF_NODE~4181.clk[0] (.latch)                       1.338     1.338
top.sortedstack+st^FF_NODE~4181.Q[0] (.latch) [clock-to-output]       0.124     1.462
n7691_1.in[0] (.names)                                                1.338     2.800
n7691_1.out[0] (.names)                                               0.261     3.061
n7690_1.in[4] (.names)                                                1.338     4.398
n7690_1.out[0] (.names)                                               0.261     4.659
n7688.in[5] (.names)                                                  1.338     5.997
n7688.out[0] (.names)                                                 0.261     6.258
n7687.in[4] (.names)                                                  1.338     7.596
n7687.out[0] (.names)                                                 0.261     7.857
n7686_1.in[4] (.names)                                                1.338     9.195
n7686_1.out[0] (.names)                                               0.261     9.456
n7685_1.in[0] (.names)                                                1.338    10.793
n7685_1.out[0] (.names)                                               0.261    11.054
n7684.in[0] (.names)                                                  1.338    12.392
n7684.out[0] (.names)                                                 0.261    12.653
n7896_1.in[0] (.names)                                                1.338    13.991
n7896_1.out[0] (.names)                                               0.261    14.252
n8125.in[2] (.names)                                                  1.338    15.590
n8125.out[0] (.names)                                                 0.261    15.851
top.sortedstack+st^FF_NODE~4286.D[0] (.latch)                         1.338    17.188
data arrival time                                                              17.188

clock top^tm3_clk_v0 (rise edge)                                      0.000     0.000
clock source latency                                                  0.000     0.000
top^tm3_clk_v0.inpad[0] (.input)                                      0.000     0.000
top.sortedstack+st^FF_NODE~4286.clk[0] (.latch)                       1.338     1.338
clock uncertainty                                                     0.000     1.338
cell setup time                                                      -0.066     1.272
data required time                                                              1.272
-------------------------------------------------------------------------------------
data required time                                                              1.272
data arrival time                                                             -17.188
-------------------------------------------------------------------------------------
slack (VIOLATED)                                                              -15.917


#Path 37
Startpoint: top.sortedstack+st^FF_NODE~4181.Q[0] (.latch clocked by top^tm3_clk_v0)
Endpoint  : top.sortedstack+st^FF_NODE~4285.D[0] (.latch clocked by top^tm3_clk_v0)
Path Type : setup

Point                                                                  Incr      Path
-------------------------------------------------------------------------------------
clock top^tm3_clk_v0 (rise edge)                                      0.000     0.000
clock source latency                                                  0.000     0.000
top^tm3_clk_v0.inpad[0] (.input)                                      0.000     0.000
top.sortedstack+st^FF_NODE~4181.clk[0] (.latch)                       1.338     1.338
top.sortedstack+st^FF_NODE~4181.Q[0] (.latch) [clock-to-output]       0.124     1.462
n7691_1.in[0] (.names)                                                1.338     2.800
n7691_1.out[0] (.names)                                               0.261     3.061
n7690_1.in[4] (.names)                                                1.338     4.398
n7690_1.out[0] (.names)                                               0.261     4.659
n7688.in[5] (.names)                                                  1.338     5.997
n7688.out[0] (.names)                                                 0.261     6.258
n7687.in[4] (.names)                                                  1.338     7.596
n7687.out[0] (.names)                                                 0.261     7.857
n7686_1.in[4] (.names)                                                1.338     9.195
n7686_1.out[0] (.names)                                               0.261     9.456
n7685_1.in[0] (.names)                                                1.338    10.793
n7685_1.out[0] (.names)                                               0.261    11.054
n7684.in[0] (.names)                                                  1.338    12.392
n7684.out[0] (.names)                                                 0.261    12.653
n7896_1.in[0] (.names)                                                1.338    13.991
n7896_1.out[0] (.names)                                               0.261    14.252
n8095.in[2] (.names)                                                  1.338    15.590
n8095.out[0] (.names)                                                 0.261    15.851
top.sortedstack+st^FF_NODE~4285.D[0] (.latch)                         1.338    17.188
data arrival time                                                              17.188

clock top^tm3_clk_v0 (rise edge)                                      0.000     0.000
clock source latency                                                  0.000     0.000
top^tm3_clk_v0.inpad[0] (.input)                                      0.000     0.000
top.sortedstack+st^FF_NODE~4285.clk[0] (.latch)                       1.338     1.338
clock uncertainty                                                     0.000     1.338
cell setup time                                                      -0.066     1.272
data required time                                                              1.272
-------------------------------------------------------------------------------------
data required time                                                              1.272
data arrival time                                                             -17.188
-------------------------------------------------------------------------------------
slack (VIOLATED)                                                              -15.917


#Path 38
Startpoint: top.sortedstack+st^FF_NODE~4181.Q[0] (.latch clocked by top^tm3_clk_v0)
Endpoint  : top.sortedstack+st^FF_NODE~4284.D[0] (.latch clocked by top^tm3_clk_v0)
Path Type : setup

Point                                                                  Incr      Path
-------------------------------------------------------------------------------------
clock top^tm3_clk_v0 (rise edge)                                      0.000     0.000
clock source latency                                                  0.000     0.000
top^tm3_clk_v0.inpad[0] (.input)                                      0.000     0.000
top.sortedstack+st^FF_NODE~4181.clk[0] (.latch)                       1.338     1.338
top.sortedstack+st^FF_NODE~4181.Q[0] (.latch) [clock-to-output]       0.124     1.462
n7691_1.in[0] (.names)                                                1.338     2.800
n7691_1.out[0] (.names)                                               0.261     3.061
n7690_1.in[4] (.names)                                                1.338     4.398
n7690_1.out[0] (.names)                                               0.261     4.659
n7688.in[5] (.names)                                                  1.338     5.997
n7688.out[0] (.names)                                                 0.261     6.258
n7687.in[4] (.names)                                                  1.338     7.596
n7687.out[0] (.names)                                                 0.261     7.857
n7686_1.in[4] (.names)                                                1.338     9.195
n7686_1.out[0] (.names)                                               0.261     9.456
n7685_1.in[0] (.names)                                                1.338    10.793
n7685_1.out[0] (.names)                                               0.261    11.054
n7684.in[0] (.names)                                                  1.338    12.392
n7684.out[0] (.names)                                                 0.261    12.653
n7896_1.in[0] (.names)                                                1.338    13.991
n7896_1.out[0] (.names)                                               0.261    14.252
n8065.in[2] (.names)                                                  1.338    15.590
n8065.out[0] (.names)                                                 0.261    15.851
top.sortedstack+st^FF_NODE~4284.D[0] (.latch)                         1.338    17.188
data arrival time                                                              17.188

clock top^tm3_clk_v0 (rise edge)                                      0.000     0.000
clock source latency                                                  0.000     0.000
top^tm3_clk_v0.inpad[0] (.input)                                      0.000     0.000
top.sortedstack+st^FF_NODE~4284.clk[0] (.latch)                       1.338     1.338
clock uncertainty                                                     0.000     1.338
cell setup time                                                      -0.066     1.272
data required time                                                              1.272
-------------------------------------------------------------------------------------
data required time                                                              1.272
data arrival time                                                             -17.188
-------------------------------------------------------------------------------------
slack (VIOLATED)                                                              -15.917


#Path 39
Startpoint: top.sortedstack+st^FF_NODE~4181.Q[0] (.latch clocked by top^tm3_clk_v0)
Endpoint  : top.sortedstack+st^FF_NODE~4283.D[0] (.latch clocked by top^tm3_clk_v0)
Path Type : setup

Point                                                                  Incr      Path
-------------------------------------------------------------------------------------
clock top^tm3_clk_v0 (rise edge)                                      0.000     0.000
clock source latency                                                  0.000     0.000
top^tm3_clk_v0.inpad[0] (.input)                                      0.000     0.000
top.sortedstack+st^FF_NODE~4181.clk[0] (.latch)                       1.338     1.338
top.sortedstack+st^FF_NODE~4181.Q[0] (.latch) [clock-to-output]       0.124     1.462
n7691_1.in[0] (.names)                                                1.338     2.800
n7691_1.out[0] (.names)                                               0.261     3.061
n7690_1.in[4] (.names)                                                1.338     4.398
n7690_1.out[0] (.names)                                               0.261     4.659
n7688.in[5] (.names)                                                  1.338     5.997
n7688.out[0] (.names)                                                 0.261     6.258
n7687.in[4] (.names)                                                  1.338     7.596
n7687.out[0] (.names)                                                 0.261     7.857
n7686_1.in[4] (.names)                                                1.338     9.195
n7686_1.out[0] (.names)                                               0.261     9.456
n7685_1.in[0] (.names)                                                1.338    10.793
n7685_1.out[0] (.names)                                               0.261    11.054
n7684.in[0] (.names)                                                  1.338    12.392
n7684.out[0] (.names)                                                 0.261    12.653
n7896_1.in[0] (.names)                                                1.338    13.991
n7896_1.out[0] (.names)                                               0.261    14.252
n8035.in[2] (.names)                                                  1.338    15.590
n8035.out[0] (.names)                                                 0.261    15.851
top.sortedstack+st^FF_NODE~4283.D[0] (.latch)                         1.338    17.188
data arrival time                                                              17.188

clock top^tm3_clk_v0 (rise edge)                                      0.000     0.000
clock source latency                                                  0.000     0.000
top^tm3_clk_v0.inpad[0] (.input)                                      0.000     0.000
top.sortedstack+st^FF_NODE~4283.clk[0] (.latch)                       1.338     1.338
clock uncertainty                                                     0.000     1.338
cell setup time                                                      -0.066     1.272
data required time                                                              1.272
-------------------------------------------------------------------------------------
data required time                                                              1.272
data arrival time                                                             -17.188
-------------------------------------------------------------------------------------
slack (VIOLATED)                                                              -15.917


#Path 40
Startpoint: top.sortedstack+st^FF_NODE~4181.Q[0] (.latch clocked by top^tm3_clk_v0)
Endpoint  : top.sortedstack+st^FF_NODE~4282.D[0] (.latch clocked by top^tm3_clk_v0)
Path Type : setup

Point                                                                  Incr      Path
-------------------------------------------------------------------------------------
clock top^tm3_clk_v0 (rise edge)                                      0.000     0.000
clock source latency                                                  0.000     0.000
top^tm3_clk_v0.inpad[0] (.input)                                      0.000     0.000
top.sortedstack+st^FF_NODE~4181.clk[0] (.latch)                       1.338     1.338
top.sortedstack+st^FF_NODE~4181.Q[0] (.latch) [clock-to-output]       0.124     1.462
n7691_1.in[0] (.names)                                                1.338     2.800
n7691_1.out[0] (.names)                                               0.261     3.061
n7690_1.in[4] (.names)                                                1.338     4.398
n7690_1.out[0] (.names)                                               0.261     4.659
n7688.in[5] (.names)                                                  1.338     5.997
n7688.out[0] (.names)                                                 0.261     6.258
n7687.in[4] (.names)                                                  1.338     7.596
n7687.out[0] (.names)                                                 0.261     7.857
n7686_1.in[4] (.names)                                                1.338     9.195
n7686_1.out[0] (.names)                                               0.261     9.456
n7685_1.in[0] (.names)                                                1.338    10.793
n7685_1.out[0] (.names)                                               0.261    11.054
n7684.in[0] (.names)                                                  1.338    12.392
n7684.out[0] (.names)                                                 0.261    12.653
n7896_1.in[0] (.names)                                                1.338    13.991
n7896_1.out[0] (.names)                                               0.261    14.252
n8005.in[2] (.names)                                                  1.338    15.590
n8005.out[0] (.names)                                                 0.261    15.851
top.sortedstack+st^FF_NODE~4282.D[0] (.latch)                         1.338    17.188
data arrival time                                                              17.188

clock top^tm3_clk_v0 (rise edge)                                      0.000     0.000
clock source latency                                                  0.000     0.000
top^tm3_clk_v0.inpad[0] (.input)                                      0.000     0.000
top.sortedstack+st^FF_NODE~4282.clk[0] (.latch)                       1.338     1.338
clock uncertainty                                                     0.000     1.338
cell setup time                                                      -0.066     1.272
data required time                                                              1.272
-------------------------------------------------------------------------------------
data required time                                                              1.272
data arrival time                                                             -17.188
-------------------------------------------------------------------------------------
slack (VIOLATED)                                                              -15.917


#Path 41
Startpoint: top.sortedstack+st^FF_NODE~4181.Q[0] (.latch clocked by top^tm3_clk_v0)
Endpoint  : top.sortedstack+st^FF_NODE~4238.D[0] (.latch clocked by top^tm3_clk_v0)
Path Type : setup

Point                                                                  Incr      Path
-------------------------------------------------------------------------------------
clock top^tm3_clk_v0 (rise edge)                                      0.000     0.000
clock source latency                                                  0.000     0.000
top^tm3_clk_v0.inpad[0] (.input)                                      0.000     0.000
top.sortedstack+st^FF_NODE~4181.clk[0] (.latch)                       1.338     1.338
top.sortedstack+st^FF_NODE~4181.Q[0] (.latch) [clock-to-output]       0.124     1.462
n7691_1.in[0] (.names)                                                1.338     2.800
n7691_1.out[0] (.names)                                               0.261     3.061
n7690_1.in[4] (.names)                                                1.338     4.398
n7690_1.out[0] (.names)                                               0.261     4.659
n7688.in[5] (.names)                                                  1.338     5.997
n7688.out[0] (.names)                                                 0.261     6.258
n7687.in[4] (.names)                                                  1.338     7.596
n7687.out[0] (.names)                                                 0.261     7.857
n7686_1.in[4] (.names)                                                1.338     9.195
n7686_1.out[0] (.names)                                               0.261     9.456
n7685_1.in[0] (.names)                                                1.338    10.793
n7685_1.out[0] (.names)                                               0.261    11.054
n7684.in[0] (.names)                                                  1.338    12.392
n7684.out[0] (.names)                                                 0.261    12.653
n7882.in[0] (.names)                                                  1.338    13.991
n7882.out[0] (.names)                                                 0.261    14.252
n8595.in[2] (.names)                                                  1.338    15.590
n8595.out[0] (.names)                                                 0.261    15.851
top.sortedstack+st^FF_NODE~4238.D[0] (.latch)                         1.338    17.188
data arrival time                                                              17.188

clock top^tm3_clk_v0 (rise edge)                                      0.000     0.000
clock source latency                                                  0.000     0.000
top^tm3_clk_v0.inpad[0] (.input)                                      0.000     0.000
top.sortedstack+st^FF_NODE~4238.clk[0] (.latch)                       1.338     1.338
clock uncertainty                                                     0.000     1.338
cell setup time                                                      -0.066     1.272
data required time                                                              1.272
-------------------------------------------------------------------------------------
data required time                                                              1.272
data arrival time                                                             -17.188
-------------------------------------------------------------------------------------
slack (VIOLATED)                                                              -15.917


#Path 42
Startpoint: top.sortedstack+st^FF_NODE~4181.Q[0] (.latch clocked by top^tm3_clk_v0)
Endpoint  : top.sortedstack+st^FF_NODE~4280.D[0] (.latch clocked by top^tm3_clk_v0)
Path Type : setup

Point                                                                  Incr      Path
-------------------------------------------------------------------------------------
clock top^tm3_clk_v0 (rise edge)                                      0.000     0.000
clock source latency                                                  0.000     0.000
top^tm3_clk_v0.inpad[0] (.input)                                      0.000     0.000
top.sortedstack+st^FF_NODE~4181.clk[0] (.latch)                       1.338     1.338
top.sortedstack+st^FF_NODE~4181.Q[0] (.latch) [clock-to-output]       0.124     1.462
n7691_1.in[0] (.names)                                                1.338     2.800
n7691_1.out[0] (.names)                                               0.261     3.061
n7690_1.in[4] (.names)                                                1.338     4.398
n7690_1.out[0] (.names)                                               0.261     4.659
n7688.in[5] (.names)                                                  1.338     5.997
n7688.out[0] (.names)                                                 0.261     6.258
n7687.in[4] (.names)                                                  1.338     7.596
n7687.out[0] (.names)                                                 0.261     7.857
n7686_1.in[4] (.names)                                                1.338     9.195
n7686_1.out[0] (.names)                                               0.261     9.456
n7685_1.in[0] (.names)                                                1.338    10.793
n7685_1.out[0] (.names)                                               0.261    11.054
n7684.in[0] (.names)                                                  1.338    12.392
n7684.out[0] (.names)                                                 0.261    12.653
n7896_1.in[0] (.names)                                                1.338    13.991
n7896_1.out[0] (.names)                                               0.261    14.252
n7945.in[2] (.names)                                                  1.338    15.590
n7945.out[0] (.names)                                                 0.261    15.851
top.sortedstack+st^FF_NODE~4280.D[0] (.latch)                         1.338    17.188
data arrival time                                                              17.188

clock top^tm3_clk_v0 (rise edge)                                      0.000     0.000
clock source latency                                                  0.000     0.000
top^tm3_clk_v0.inpad[0] (.input)                                      0.000     0.000
top.sortedstack+st^FF_NODE~4280.clk[0] (.latch)                       1.338     1.338
clock uncertainty                                                     0.000     1.338
cell setup time                                                      -0.066     1.272
data required time                                                              1.272
-------------------------------------------------------------------------------------
data required time                                                              1.272
data arrival time                                                             -17.188
-------------------------------------------------------------------------------------
slack (VIOLATED)                                                              -15.917


#Path 43
Startpoint: top.sortedstack+st^FF_NODE~4181.Q[0] (.latch clocked by top^tm3_clk_v0)
Endpoint  : top.sortedstack+st^FF_NODE~4279.D[0] (.latch clocked by top^tm3_clk_v0)
Path Type : setup

Point                                                                  Incr      Path
-------------------------------------------------------------------------------------
clock top^tm3_clk_v0 (rise edge)                                      0.000     0.000
clock source latency                                                  0.000     0.000
top^tm3_clk_v0.inpad[0] (.input)                                      0.000     0.000
top.sortedstack+st^FF_NODE~4181.clk[0] (.latch)                       1.338     1.338
top.sortedstack+st^FF_NODE~4181.Q[0] (.latch) [clock-to-output]       0.124     1.462
n7691_1.in[0] (.names)                                                1.338     2.800
n7691_1.out[0] (.names)                                               0.261     3.061
n7690_1.in[4] (.names)                                                1.338     4.398
n7690_1.out[0] (.names)                                               0.261     4.659
n7688.in[5] (.names)                                                  1.338     5.997
n7688.out[0] (.names)                                                 0.261     6.258
n7687.in[4] (.names)                                                  1.338     7.596
n7687.out[0] (.names)                                                 0.261     7.857
n7686_1.in[4] (.names)                                                1.338     9.195
n7686_1.out[0] (.names)                                               0.261     9.456
n7685_1.in[0] (.names)                                                1.338    10.793
n7685_1.out[0] (.names)                                               0.261    11.054
n7684.in[0] (.names)                                                  1.338    12.392
n7684.out[0] (.names)                                                 0.261    12.653
n7896_1.in[0] (.names)                                                1.338    13.991
n7896_1.out[0] (.names)                                               0.261    14.252
n7915.in[2] (.names)                                                  1.338    15.590
n7915.out[0] (.names)                                                 0.261    15.851
top.sortedstack+st^FF_NODE~4279.D[0] (.latch)                         1.338    17.188
data arrival time                                                              17.188

clock top^tm3_clk_v0 (rise edge)                                      0.000     0.000
clock source latency                                                  0.000     0.000
top^tm3_clk_v0.inpad[0] (.input)                                      0.000     0.000
top.sortedstack+st^FF_NODE~4279.clk[0] (.latch)                       1.338     1.338
clock uncertainty                                                     0.000     1.338
cell setup time                                                      -0.066     1.272
data required time                                                              1.272
-------------------------------------------------------------------------------------
data required time                                                              1.272
data arrival time                                                             -17.188
-------------------------------------------------------------------------------------
slack (VIOLATED)                                                              -15.917


#Path 44
Startpoint: top.sortedstack+st^FF_NODE~4181.Q[0] (.latch clocked by top^tm3_clk_v0)
Endpoint  : top.sortedstack+st^FF_NODE~4278.D[0] (.latch clocked by top^tm3_clk_v0)
Path Type : setup

Point                                                                  Incr      Path
-------------------------------------------------------------------------------------
clock top^tm3_clk_v0 (rise edge)                                      0.000     0.000
clock source latency                                                  0.000     0.000
top^tm3_clk_v0.inpad[0] (.input)                                      0.000     0.000
top.sortedstack+st^FF_NODE~4181.clk[0] (.latch)                       1.338     1.338
top.sortedstack+st^FF_NODE~4181.Q[0] (.latch) [clock-to-output]       0.124     1.462
n7691_1.in[0] (.names)                                                1.338     2.800
n7691_1.out[0] (.names)                                               0.261     3.061
n7690_1.in[4] (.names)                                                1.338     4.398
n7690_1.out[0] (.names)                                               0.261     4.659
n7688.in[5] (.names)                                                  1.338     5.997
n7688.out[0] (.names)                                                 0.261     6.258
n7687.in[4] (.names)                                                  1.338     7.596
n7687.out[0] (.names)                                                 0.261     7.857
n7686_1.in[4] (.names)                                                1.338     9.195
n7686_1.out[0] (.names)                                               0.261     9.456
n7685_1.in[0] (.names)                                                1.338    10.793
n7685_1.out[0] (.names)                                               0.261    11.054
n7684.in[0] (.names)                                                  1.338    12.392
n7684.out[0] (.names)                                                 0.261    12.653
n7896_1.in[0] (.names)                                                1.338    13.991
n7896_1.out[0] (.names)                                               0.261    14.252
n7885.in[2] (.names)                                                  1.338    15.590
n7885.out[0] (.names)                                                 0.261    15.851
top.sortedstack+st^FF_NODE~4278.D[0] (.latch)                         1.338    17.188
data arrival time                                                              17.188

clock top^tm3_clk_v0 (rise edge)                                      0.000     0.000
clock source latency                                                  0.000     0.000
top^tm3_clk_v0.inpad[0] (.input)                                      0.000     0.000
top.sortedstack+st^FF_NODE~4278.clk[0] (.latch)                       1.338     1.338
clock uncertainty                                                     0.000     1.338
cell setup time                                                      -0.066     1.272
data required time                                                              1.272
-------------------------------------------------------------------------------------
data required time                                                              1.272
data arrival time                                                             -17.188
-------------------------------------------------------------------------------------
slack (VIOLATED)                                                              -15.917


#Path 45
Startpoint: top.sortedstack+st^FF_NODE~4181.Q[0] (.latch clocked by top^tm3_clk_v0)
Endpoint  : top.sortedstack+st^FF_NODE~4277.D[0] (.latch clocked by top^tm3_clk_v0)
Path Type : setup

Point                                                                  Incr      Path
-------------------------------------------------------------------------------------
clock top^tm3_clk_v0 (rise edge)                                      0.000     0.000
clock source latency                                                  0.000     0.000
top^tm3_clk_v0.inpad[0] (.input)                                      0.000     0.000
top.sortedstack+st^FF_NODE~4181.clk[0] (.latch)                       1.338     1.338
top.sortedstack+st^FF_NODE~4181.Q[0] (.latch) [clock-to-output]       0.124     1.462
n7691_1.in[0] (.names)                                                1.338     2.800
n7691_1.out[0] (.names)                                               0.261     3.061
n7690_1.in[4] (.names)                                                1.338     4.398
n7690_1.out[0] (.names)                                               0.261     4.659
n7688.in[5] (.names)                                                  1.338     5.997
n7688.out[0] (.names)                                                 0.261     6.258
n7687.in[4] (.names)                                                  1.338     7.596
n7687.out[0] (.names)                                                 0.261     7.857
n7686_1.in[4] (.names)                                                1.338     9.195
n7686_1.out[0] (.names)                                               0.261     9.456
n7685_1.in[0] (.names)                                                1.338    10.793
n7685_1.out[0] (.names)                                               0.261    11.054
n7684.in[0] (.names)                                                  1.338    12.392
n7684.out[0] (.names)                                                 0.261    12.653
n7896_1.in[0] (.names)                                                1.338    13.991
n7896_1.out[0] (.names)                                               0.261    14.252
n7855.in[2] (.names)                                                  1.338    15.590
n7855.out[0] (.names)                                                 0.261    15.851
top.sortedstack+st^FF_NODE~4277.D[0] (.latch)                         1.338    17.188
data arrival time                                                              17.188

clock top^tm3_clk_v0 (rise edge)                                      0.000     0.000
clock source latency                                                  0.000     0.000
top^tm3_clk_v0.inpad[0] (.input)                                      0.000     0.000
top.sortedstack+st^FF_NODE~4277.clk[0] (.latch)                       1.338     1.338
clock uncertainty                                                     0.000     1.338
cell setup time                                                      -0.066     1.272
data required time                                                              1.272
-------------------------------------------------------------------------------------
data required time                                                              1.272
data arrival time                                                             -17.188
-------------------------------------------------------------------------------------
slack (VIOLATED)                                                              -15.917


#Path 46
Startpoint: top.sortedstack+st^FF_NODE~4181.Q[0] (.latch clocked by top^tm3_clk_v0)
Endpoint  : top.sortedstack+st^FF_NODE~4084.D[0] (.latch clocked by top^tm3_clk_v0)
Path Type : setup

Point                                                                  Incr      Path
-------------------------------------------------------------------------------------
clock top^tm3_clk_v0 (rise edge)                                      0.000     0.000
clock source latency                                                  0.000     0.000
top^tm3_clk_v0.inpad[0] (.input)                                      0.000     0.000
top.sortedstack+st^FF_NODE~4181.clk[0] (.latch)                       1.338     1.338
top.sortedstack+st^FF_NODE~4181.Q[0] (.latch) [clock-to-output]       0.124     1.462
n7691_1.in[0] (.names)                                                1.338     2.800
n7691_1.out[0] (.names)                                               0.261     3.061
n7690_1.in[4] (.names)                                                1.338     4.398
n7690_1.out[0] (.names)                                               0.261     4.659
n7688.in[5] (.names)                                                  1.338     5.997
n7688.out[0] (.names)                                                 0.261     6.258
n7687.in[4] (.names)                                                  1.338     7.596
n7687.out[0] (.names)                                                 0.261     7.857
n7686_1.in[4] (.names)                                                1.338     9.195
n7686_1.out[0] (.names)                                               0.261     9.456
n7685_1.in[0] (.names)                                                1.338    10.793
n7685_1.out[0] (.names)                                               0.261    11.054
n7684.in[0] (.names)                                                  1.338    12.392
n7684.out[0] (.names)                                                 0.261    12.653
n7896_1.in[0] (.names)                                                1.338    13.991
n7896_1.out[0] (.names)                                               0.261    14.252
n7830.in[4] (.names)                                                  1.338    15.590
n7830.out[0] (.names)                                                 0.261    15.851
top.sortedstack+st^FF_NODE~4084.D[0] (.latch)                         1.338    17.188
data arrival time                                                              17.188

clock top^tm3_clk_v0 (rise edge)                                      0.000     0.000
clock source latency                                                  0.000     0.000
top^tm3_clk_v0.inpad[0] (.input)                                      0.000     0.000
top.sortedstack+st^FF_NODE~4084.clk[0] (.latch)                       1.338     1.338
clock uncertainty                                                     0.000     1.338
cell setup time                                                      -0.066     1.272
data required time                                                              1.272
-------------------------------------------------------------------------------------
data required time                                                              1.272
data arrival time                                                             -17.188
-------------------------------------------------------------------------------------
slack (VIOLATED)                                                              -15.917


#Path 47
Startpoint: top.sortedstack+st^FF_NODE~4181.Q[0] (.latch clocked by top^tm3_clk_v0)
Endpoint  : top.sortedstack+st^FF_NODE~4083.D[0] (.latch clocked by top^tm3_clk_v0)
Path Type : setup

Point                                                                  Incr      Path
-------------------------------------------------------------------------------------
clock top^tm3_clk_v0 (rise edge)                                      0.000     0.000
clock source latency                                                  0.000     0.000
top^tm3_clk_v0.inpad[0] (.input)                                      0.000     0.000
top.sortedstack+st^FF_NODE~4181.clk[0] (.latch)                       1.338     1.338
top.sortedstack+st^FF_NODE~4181.Q[0] (.latch) [clock-to-output]       0.124     1.462
n7691_1.in[0] (.names)                                                1.338     2.800
n7691_1.out[0] (.names)                                               0.261     3.061
n7690_1.in[4] (.names)                                                1.338     4.398
n7690_1.out[0] (.names)                                               0.261     4.659
n7688.in[5] (.names)                                                  1.338     5.997
n7688.out[0] (.names)                                                 0.261     6.258
n7687.in[4] (.names)                                                  1.338     7.596
n7687.out[0] (.names)                                                 0.261     7.857
n7686_1.in[4] (.names)                                                1.338     9.195
n7686_1.out[0] (.names)                                               0.261     9.456
n7685_1.in[0] (.names)                                                1.338    10.793
n7685_1.out[0] (.names)                                               0.261    11.054
n7881_1.in[4] (.names)                                                1.338    12.392
n7881_1.out[0] (.names)                                               0.261    12.653
n9069.in[0] (.names)                                                  1.338    13.991
n9069.out[0] (.names)                                                 0.261    14.252
n7825.in[4] (.names)                                                  1.338    15.590
n7825.out[0] (.names)                                                 0.261    15.851
top.sortedstack+st^FF_NODE~4083.D[0] (.latch)                         1.338    17.188
data arrival time                                                              17.188

clock top^tm3_clk_v0 (rise edge)                                      0.000     0.000
clock source latency                                                  0.000     0.000
top^tm3_clk_v0.inpad[0] (.input)                                      0.000     0.000
top.sortedstack+st^FF_NODE~4083.clk[0] (.latch)                       1.338     1.338
clock uncertainty                                                     0.000     1.338
cell setup time                                                      -0.066     1.272
data required time                                                              1.272
-------------------------------------------------------------------------------------
data required time                                                              1.272
data arrival time                                                             -17.188
-------------------------------------------------------------------------------------
slack (VIOLATED)                                                              -15.917


#Path 48
Startpoint: top.sortedstack+st^FF_NODE~4181.Q[0] (.latch clocked by top^tm3_clk_v0)
Endpoint  : top.sortedstack+st^FF_NODE~4082.D[0] (.latch clocked by top^tm3_clk_v0)
Path Type : setup

Point                                                                  Incr      Path
-------------------------------------------------------------------------------------
clock top^tm3_clk_v0 (rise edge)                                      0.000     0.000
clock source latency                                                  0.000     0.000
top^tm3_clk_v0.inpad[0] (.input)                                      0.000     0.000
top.sortedstack+st^FF_NODE~4181.clk[0] (.latch)                       1.338     1.338
top.sortedstack+st^FF_NODE~4181.Q[0] (.latch) [clock-to-output]       0.124     1.462
n7691_1.in[0] (.names)                                                1.338     2.800
n7691_1.out[0] (.names)                                               0.261     3.061
n7690_1.in[4] (.names)                                                1.338     4.398
n7690_1.out[0] (.names)                                               0.261     4.659
n7688.in[5] (.names)                                                  1.338     5.997
n7688.out[0] (.names)                                                 0.261     6.258
n7687.in[4] (.names)                                                  1.338     7.596
n7687.out[0] (.names)                                                 0.261     7.857
n7686_1.in[4] (.names)                                                1.338     9.195
n7686_1.out[0] (.names)                                               0.261     9.456
n7685_1.in[0] (.names)                                                1.338    10.793
n7685_1.out[0] (.names)                                               0.261    11.054
n7684.in[0] (.names)                                                  1.338    12.392
n7684.out[0] (.names)                                                 0.261    12.653
n7882.in[0] (.names)                                                  1.338    13.991
n7882.out[0] (.names)                                                 0.261    14.252
n7820.in[4] (.names)                                                  1.338    15.590
n7820.out[0] (.names)                                                 0.261    15.851
top.sortedstack+st^FF_NODE~4082.D[0] (.latch)                         1.338    17.188
data arrival time                                                              17.188

clock top^tm3_clk_v0 (rise edge)                                      0.000     0.000
clock source latency                                                  0.000     0.000
top^tm3_clk_v0.inpad[0] (.input)                                      0.000     0.000
top.sortedstack+st^FF_NODE~4082.clk[0] (.latch)                       1.338     1.338
clock uncertainty                                                     0.000     1.338
cell setup time                                                      -0.066     1.272
data required time                                                              1.272
-------------------------------------------------------------------------------------
data required time                                                              1.272
data arrival time                                                             -17.188
-------------------------------------------------------------------------------------
slack (VIOLATED)                                                              -15.917


#Path 49
Startpoint: top.sortedstack+st^FF_NODE~4181.Q[0] (.latch clocked by top^tm3_clk_v0)
Endpoint  : top.sortedstack+st^FF_NODE~4056.D[0] (.latch clocked by top^tm3_clk_v0)
Path Type : setup

Point                                                                  Incr      Path
-------------------------------------------------------------------------------------
clock top^tm3_clk_v0 (rise edge)                                      0.000     0.000
clock source latency                                                  0.000     0.000
top^tm3_clk_v0.inpad[0] (.input)                                      0.000     0.000
top.sortedstack+st^FF_NODE~4181.clk[0] (.latch)                       1.338     1.338
top.sortedstack+st^FF_NODE~4181.Q[0] (.latch) [clock-to-output]       0.124     1.462
n7691_1.in[0] (.names)                                                1.338     2.800
n7691_1.out[0] (.names)                                               0.261     3.061
n7690_1.in[4] (.names)                                                1.338     4.398
n7690_1.out[0] (.names)                                               0.261     4.659
n7688.in[5] (.names)                                                  1.338     5.997
n7688.out[0] (.names)                                                 0.261     6.258
n7687.in[4] (.names)                                                  1.338     7.596
n7687.out[0] (.names)                                                 0.261     7.857
n7686_1.in[4] (.names)                                                1.338     9.195
n7686_1.out[0] (.names)                                               0.261     9.456
n7685_1.in[0] (.names)                                                1.338    10.793
n7685_1.out[0] (.names)                                               0.261    11.054
n7684.in[0] (.names)                                                  1.338    12.392
n7684.out[0] (.names)                                                 0.261    12.653
n7896_1.in[0] (.names)                                                1.338    13.991
n7896_1.out[0] (.names)                                               0.261    14.252
n7785.in[2] (.names)                                                  1.338    15.590
n7785.out[0] (.names)                                                 0.261    15.851
top.sortedstack+st^FF_NODE~4056.D[0] (.latch)                         1.338    17.188
data arrival time                                                              17.188

clock top^tm3_clk_v0 (rise edge)                                      0.000     0.000
clock source latency                                                  0.000     0.000
top^tm3_clk_v0.inpad[0] (.input)                                      0.000     0.000
top.sortedstack+st^FF_NODE~4056.clk[0] (.latch)                       1.338     1.338
clock uncertainty                                                     0.000     1.338
cell setup time                                                      -0.066     1.272
data required time                                                              1.272
-------------------------------------------------------------------------------------
data required time                                                              1.272
data arrival time                                                             -17.188
-------------------------------------------------------------------------------------
slack (VIOLATED)                                                              -15.917


#Path 50
Startpoint: top.sortedstack+st^FF_NODE~4181.Q[0] (.latch clocked by top^tm3_clk_v0)
Endpoint  : top.sortedstack+st^FF_NODE~4030.D[0] (.latch clocked by top^tm3_clk_v0)
Path Type : setup

Point                                                                  Incr      Path
-------------------------------------------------------------------------------------
clock top^tm3_clk_v0 (rise edge)                                      0.000     0.000
clock source latency                                                  0.000     0.000
top^tm3_clk_v0.inpad[0] (.input)                                      0.000     0.000
top.sortedstack+st^FF_NODE~4181.clk[0] (.latch)                       1.338     1.338
top.sortedstack+st^FF_NODE~4181.Q[0] (.latch) [clock-to-output]       0.124     1.462
n7691_1.in[0] (.names)                                                1.338     2.800
n7691_1.out[0] (.names)                                               0.261     3.061
n7690_1.in[4] (.names)                                                1.338     4.398
n7690_1.out[0] (.names)                                               0.261     4.659
n7688.in[5] (.names)                                                  1.338     5.997
n7688.out[0] (.names)                                                 0.261     6.258
n7687.in[4] (.names)                                                  1.338     7.596
n7687.out[0] (.names)                                                 0.261     7.857
n7686_1.in[4] (.names)                                                1.338     9.195
n7686_1.out[0] (.names)                                               0.261     9.456
n7685_1.in[0] (.names)                                                1.338    10.793
n7685_1.out[0] (.names)                                               0.261    11.054
n7684.in[0] (.names)                                                  1.338    12.392
n7684.out[0] (.names)                                                 0.261    12.653
n7882.in[0] (.names)                                                  1.338    13.991
n7882.out[0] (.names)                                                 0.261    14.252
n7775.in[2] (.names)                                                  1.338    15.590
n7775.out[0] (.names)                                                 0.261    15.851
top.sortedstack+st^FF_NODE~4030.D[0] (.latch)                         1.338    17.188
data arrival time                                                              17.188

clock top^tm3_clk_v0 (rise edge)                                      0.000     0.000
clock source latency                                                  0.000     0.000
top^tm3_clk_v0.inpad[0] (.input)                                      0.000     0.000
top.sortedstack+st^FF_NODE~4030.clk[0] (.latch)                       1.338     1.338
clock uncertainty                                                     0.000     1.338
cell setup time                                                      -0.066     1.272
data required time                                                              1.272
-------------------------------------------------------------------------------------
data required time                                                              1.272
data arrival time                                                             -17.188
-------------------------------------------------------------------------------------
slack (VIOLATED)                                                              -15.917


#Path 51
Startpoint: top.sortedstack+st^FF_NODE~4181.Q[0] (.latch clocked by top^tm3_clk_v0)
Endpoint  : top.sortedstack+st^FF_NODE~4052.D[0] (.latch clocked by top^tm3_clk_v0)
Path Type : setup

Point                                                                  Incr      Path
-------------------------------------------------------------------------------------
clock top^tm3_clk_v0 (rise edge)                                      0.000     0.000
clock source latency                                                  0.000     0.000
top^tm3_clk_v0.inpad[0] (.input)                                      0.000     0.000
top.sortedstack+st^FF_NODE~4181.clk[0] (.latch)                       1.338     1.338
top.sortedstack+st^FF_NODE~4181.Q[0] (.latch) [clock-to-output]       0.124     1.462
n7691_1.in[0] (.names)                                                1.338     2.800
n7691_1.out[0] (.names)                                               0.261     3.061
n7690_1.in[4] (.names)                                                1.338     4.398
n7690_1.out[0] (.names)                                               0.261     4.659
n7688.in[5] (.names)                                                  1.338     5.997
n7688.out[0] (.names)                                                 0.261     6.258
n7687.in[4] (.names)                                                  1.338     7.596
n7687.out[0] (.names)                                                 0.261     7.857
n7686_1.in[4] (.names)                                                1.338     9.195
n7686_1.out[0] (.names)                                               0.261     9.456
n7685_1.in[0] (.names)                                                1.338    10.793
n7685_1.out[0] (.names)                                               0.261    11.054
n7684.in[0] (.names)                                                  1.338    12.392
n7684.out[0] (.names)                                                 0.261    12.653
n7896_1.in[0] (.names)                                                1.338    13.991
n7896_1.out[0] (.names)                                               0.261    14.252
n7745.in[2] (.names)                                                  1.338    15.590
n7745.out[0] (.names)                                                 0.261    15.851
top.sortedstack+st^FF_NODE~4052.D[0] (.latch)                         1.338    17.188
data arrival time                                                              17.188

clock top^tm3_clk_v0 (rise edge)                                      0.000     0.000
clock source latency                                                  0.000     0.000
top^tm3_clk_v0.inpad[0] (.input)                                      0.000     0.000
top.sortedstack+st^FF_NODE~4052.clk[0] (.latch)                       1.338     1.338
clock uncertainty                                                     0.000     1.338
cell setup time                                                      -0.066     1.272
data required time                                                              1.272
-------------------------------------------------------------------------------------
data required time                                                              1.272
data arrival time                                                             -17.188
-------------------------------------------------------------------------------------
slack (VIOLATED)                                                              -15.917


#Path 52
Startpoint: top.sortedstack+st^FF_NODE~4181.Q[0] (.latch clocked by top^tm3_clk_v0)
Endpoint  : top.sortedstack+st^FF_NODE~4026.D[0] (.latch clocked by top^tm3_clk_v0)
Path Type : setup

Point                                                                  Incr      Path
-------------------------------------------------------------------------------------
clock top^tm3_clk_v0 (rise edge)                                      0.000     0.000
clock source latency                                                  0.000     0.000
top^tm3_clk_v0.inpad[0] (.input)                                      0.000     0.000
top.sortedstack+st^FF_NODE~4181.clk[0] (.latch)                       1.338     1.338
top.sortedstack+st^FF_NODE~4181.Q[0] (.latch) [clock-to-output]       0.124     1.462
n7691_1.in[0] (.names)                                                1.338     2.800
n7691_1.out[0] (.names)                                               0.261     3.061
n7690_1.in[4] (.names)                                                1.338     4.398
n7690_1.out[0] (.names)                                               0.261     4.659
n7688.in[5] (.names)                                                  1.338     5.997
n7688.out[0] (.names)                                                 0.261     6.258
n7687.in[4] (.names)                                                  1.338     7.596
n7687.out[0] (.names)                                                 0.261     7.857
n7686_1.in[4] (.names)                                                1.338     9.195
n7686_1.out[0] (.names)                                               0.261     9.456
n7685_1.in[0] (.names)                                                1.338    10.793
n7685_1.out[0] (.names)                                               0.261    11.054
n7684.in[0] (.names)                                                  1.338    12.392
n7684.out[0] (.names)                                                 0.261    12.653
n7882.in[0] (.names)                                                  1.338    13.991
n7882.out[0] (.names)                                                 0.261    14.252
n7735.in[2] (.names)                                                  1.338    15.590
n7735.out[0] (.names)                                                 0.261    15.851
top.sortedstack+st^FF_NODE~4026.D[0] (.latch)                         1.338    17.188
data arrival time                                                              17.188

clock top^tm3_clk_v0 (rise edge)                                      0.000     0.000
clock source latency                                                  0.000     0.000
top^tm3_clk_v0.inpad[0] (.input)                                      0.000     0.000
top.sortedstack+st^FF_NODE~4026.clk[0] (.latch)                       1.338     1.338
clock uncertainty                                                     0.000     1.338
cell setup time                                                      -0.066     1.272
data required time                                                              1.272
-------------------------------------------------------------------------------------
data required time                                                              1.272
data arrival time                                                             -17.188
-------------------------------------------------------------------------------------
slack (VIOLATED)                                                              -15.917


#Path 53
Startpoint: top.sortedstack+st^FF_NODE~4181.Q[0] (.latch clocked by top^tm3_clk_v0)
Endpoint  : top.sortedstack+st^FF_NODE~4051.D[0] (.latch clocked by top^tm3_clk_v0)
Path Type : setup

Point                                                                  Incr      Path
-------------------------------------------------------------------------------------
clock top^tm3_clk_v0 (rise edge)                                      0.000     0.000
clock source latency                                                  0.000     0.000
top^tm3_clk_v0.inpad[0] (.input)                                      0.000     0.000
top.sortedstack+st^FF_NODE~4181.clk[0] (.latch)                       1.338     1.338
top.sortedstack+st^FF_NODE~4181.Q[0] (.latch) [clock-to-output]       0.124     1.462
n7691_1.in[0] (.names)                                                1.338     2.800
n7691_1.out[0] (.names)                                               0.261     3.061
n7690_1.in[4] (.names)                                                1.338     4.398
n7690_1.out[0] (.names)                                               0.261     4.659
n7688.in[5] (.names)                                                  1.338     5.997
n7688.out[0] (.names)                                                 0.261     6.258
n7687.in[4] (.names)                                                  1.338     7.596
n7687.out[0] (.names)                                                 0.261     7.857
n7686_1.in[4] (.names)                                                1.338     9.195
n7686_1.out[0] (.names)                                               0.261     9.456
n7685_1.in[0] (.names)                                                1.338    10.793
n7685_1.out[0] (.names)                                               0.261    11.054
n7684.in[0] (.names)                                                  1.338    12.392
n7684.out[0] (.names)                                                 0.261    12.653
n7896_1.in[0] (.names)                                                1.338    13.991
n7896_1.out[0] (.names)                                               0.261    14.252
n7705.in[2] (.names)                                                  1.338    15.590
n7705.out[0] (.names)                                                 0.261    15.851
top.sortedstack+st^FF_NODE~4051.D[0] (.latch)                         1.338    17.188
data arrival time                                                              17.188

clock top^tm3_clk_v0 (rise edge)                                      0.000     0.000
clock source latency                                                  0.000     0.000
top^tm3_clk_v0.inpad[0] (.input)                                      0.000     0.000
top.sortedstack+st^FF_NODE~4051.clk[0] (.latch)                       1.338     1.338
clock uncertainty                                                     0.000     1.338
cell setup time                                                      -0.066     1.272
data required time                                                              1.272
-------------------------------------------------------------------------------------
data required time                                                              1.272
data arrival time                                                             -17.188
-------------------------------------------------------------------------------------
slack (VIOLATED)                                                              -15.917


#Path 54
Startpoint: top.sortedstack+st^FF_NODE~4181.Q[0] (.latch clocked by top^tm3_clk_v0)
Endpoint  : top.sortedstack+st^FF_NODE~4006.D[0] (.latch clocked by top^tm3_clk_v0)
Path Type : setup

Point                                                                  Incr      Path
-------------------------------------------------------------------------------------
clock top^tm3_clk_v0 (rise edge)                                      0.000     0.000
clock source latency                                                  0.000     0.000
top^tm3_clk_v0.inpad[0] (.input)                                      0.000     0.000
top.sortedstack+st^FF_NODE~4181.clk[0] (.latch)                       1.338     1.338
top.sortedstack+st^FF_NODE~4181.Q[0] (.latch) [clock-to-output]       0.124     1.462
n7691_1.in[0] (.names)                                                1.338     2.800
n7691_1.out[0] (.names)                                               0.261     3.061
n7690_1.in[4] (.names)                                                1.338     4.398
n7690_1.out[0] (.names)                                               0.261     4.659
n7688.in[5] (.names)                                                  1.338     5.997
n7688.out[0] (.names)                                                 0.261     6.258
n7687.in[4] (.names)                                                  1.338     7.596
n7687.out[0] (.names)                                                 0.261     7.857
n7686_1.in[4] (.names)                                                1.338     9.195
n7686_1.out[0] (.names)                                               0.261     9.456
n7685_1.in[0] (.names)                                                1.338    10.793
n7685_1.out[0] (.names)                                               0.261    11.054
n7684.in[0] (.names)                                                  1.338    12.392
n7684.out[0] (.names)                                                 0.261    12.653
n7681_1.in[4] (.names)                                                1.338    13.991
n7681_1.out[0] (.names)                                               0.261    14.252
n2650.in[2] (.names)                                                  1.338    15.590
n2650.out[0] (.names)                                                 0.261    15.851
top.sortedstack+st^FF_NODE~4006.D[0] (.latch)                         1.338    17.188
data arrival time                                                              17.188

clock top^tm3_clk_v0 (rise edge)                                      0.000     0.000
clock source latency                                                  0.000     0.000
top^tm3_clk_v0.inpad[0] (.input)                                      0.000     0.000
top.sortedstack+st^FF_NODE~4006.clk[0] (.latch)                       1.338     1.338
clock uncertainty                                                     0.000     1.338
cell setup time                                                      -0.066     1.272
data required time                                                              1.272
-------------------------------------------------------------------------------------
data required time                                                              1.272
data arrival time                                                             -17.188
-------------------------------------------------------------------------------------
slack (VIOLATED)                                                              -15.917


#Path 55
Startpoint: top.sortedstack+st^FF_NODE~4181.Q[0] (.latch clocked by top^tm3_clk_v0)
Endpoint  : top.sortedstack+st^FF_NODE~4079.D[0] (.latch clocked by top^tm3_clk_v0)
Path Type : setup

Point                                                                  Incr      Path
-------------------------------------------------------------------------------------
clock top^tm3_clk_v0 (rise edge)                                      0.000     0.000
clock source latency                                                  0.000     0.000
top^tm3_clk_v0.inpad[0] (.input)                                      0.000     0.000
top.sortedstack+st^FF_NODE~4181.clk[0] (.latch)                       1.338     1.338
top.sortedstack+st^FF_NODE~4181.Q[0] (.latch) [clock-to-output]       0.124     1.462
n7691_1.in[0] (.names)                                                1.338     2.800
n7691_1.out[0] (.names)                                               0.261     3.061
n7690_1.in[4] (.names)                                                1.338     4.398
n7690_1.out[0] (.names)                                               0.261     4.659
n7688.in[5] (.names)                                                  1.338     5.997
n7688.out[0] (.names)                                                 0.261     6.258
n7687.in[4] (.names)                                                  1.338     7.596
n7687.out[0] (.names)                                                 0.261     7.857
n7686_1.in[4] (.names)                                                1.338     9.195
n7686_1.out[0] (.names)                                               0.261     9.456
n7685_1.in[0] (.names)                                                1.338    10.793
n7685_1.out[0] (.names)                                               0.261    11.054
n7684.in[0] (.names)                                                  1.338    12.392
n7684.out[0] (.names)                                                 0.261    12.653
n9065_1.in[2] (.names)                                                1.338    13.991
n9065_1.out[0] (.names)                                               0.261    14.252
n7805.in[5] (.names)                                                  1.338    15.590
n7805.out[0] (.names)                                                 0.261    15.851
top.sortedstack+st^FF_NODE~4079.D[0] (.latch)                         1.338    17.188
data arrival time                                                              17.188

clock top^tm3_clk_v0 (rise edge)                                      0.000     0.000
clock source latency                                                  0.000     0.000
top^tm3_clk_v0.inpad[0] (.input)                                      0.000     0.000
top.sortedstack+st^FF_NODE~4079.clk[0] (.latch)                       1.338     1.338
clock uncertainty                                                     0.000     1.338
cell setup time                                                      -0.066     1.272
data required time                                                              1.272
-------------------------------------------------------------------------------------
data required time                                                              1.272
data arrival time                                                             -17.188
-------------------------------------------------------------------------------------
slack (VIOLATED)                                                              -15.917


#Path 56
Startpoint: top.sortedstack+st^FF_NODE~4181.Q[0] (.latch clocked by top^tm3_clk_v0)
Endpoint  : top.sortedstack+st^FF_NODE~4004.D[0] (.latch clocked by top^tm3_clk_v0)
Path Type : setup

Point                                                                  Incr      Path
-------------------------------------------------------------------------------------
clock top^tm3_clk_v0 (rise edge)                                      0.000     0.000
clock source latency                                                  0.000     0.000
top^tm3_clk_v0.inpad[0] (.input)                                      0.000     0.000
top.sortedstack+st^FF_NODE~4181.clk[0] (.latch)                       1.338     1.338
top.sortedstack+st^FF_NODE~4181.Q[0] (.latch) [clock-to-output]       0.124     1.462
n7691_1.in[0] (.names)                                                1.338     2.800
n7691_1.out[0] (.names)                                               0.261     3.061
n7690_1.in[4] (.names)                                                1.338     4.398
n7690_1.out[0] (.names)                                               0.261     4.659
n7688.in[5] (.names)                                                  1.338     5.997
n7688.out[0] (.names)                                                 0.261     6.258
n7687.in[4] (.names)                                                  1.338     7.596
n7687.out[0] (.names)                                                 0.261     7.857
n7686_1.in[4] (.names)                                                1.338     9.195
n7686_1.out[0] (.names)                                               0.261     9.456
n7685_1.in[0] (.names)                                                1.338    10.793
n7685_1.out[0] (.names)                                               0.261    11.054
n7684.in[0] (.names)                                                  1.338    12.392
n7684.out[0] (.names)                                                 0.261    12.653
n9050_1.in[4] (.names)                                                1.338    13.991
n9050_1.out[0] (.names)                                               0.261    14.252
n7765.in[3] (.names)                                                  1.338    15.590
n7765.out[0] (.names)                                                 0.261    15.851
top.sortedstack+st^FF_NODE~4004.D[0] (.latch)                         1.338    17.188
data arrival time                                                              17.188

clock top^tm3_clk_v0 (rise edge)                                      0.000     0.000
clock source latency                                                  0.000     0.000
top^tm3_clk_v0.inpad[0] (.input)                                      0.000     0.000
top.sortedstack+st^FF_NODE~4004.clk[0] (.latch)                       1.338     1.338
clock uncertainty                                                     0.000     1.338
cell setup time                                                      -0.066     1.272
data required time                                                              1.272
-------------------------------------------------------------------------------------
data required time                                                              1.272
data arrival time                                                             -17.188
-------------------------------------------------------------------------------------
slack (VIOLATED)                                                              -15.917


#Path 57
Startpoint: top.sortedstack+st^FF_NODE~4181.Q[0] (.latch clocked by top^tm3_clk_v0)
Endpoint  : top.sortedstack+st^FF_NODE~4000.D[0] (.latch clocked by top^tm3_clk_v0)
Path Type : setup

Point                                                                  Incr      Path
-------------------------------------------------------------------------------------
clock top^tm3_clk_v0 (rise edge)                                      0.000     0.000
clock source latency                                                  0.000     0.000
top^tm3_clk_v0.inpad[0] (.input)                                      0.000     0.000
top.sortedstack+st^FF_NODE~4181.clk[0] (.latch)                       1.338     1.338
top.sortedstack+st^FF_NODE~4181.Q[0] (.latch) [clock-to-output]       0.124     1.462
n7691_1.in[0] (.names)                                                1.338     2.800
n7691_1.out[0] (.names)                                               0.261     3.061
n7690_1.in[4] (.names)                                                1.338     4.398
n7690_1.out[0] (.names)                                               0.261     4.659
n7688.in[5] (.names)                                                  1.338     5.997
n7688.out[0] (.names)                                                 0.261     6.258
n7687.in[4] (.names)                                                  1.338     7.596
n7687.out[0] (.names)                                                 0.261     7.857
n7686_1.in[4] (.names)                                                1.338     9.195
n7686_1.out[0] (.names)                                               0.261     9.456
n7685_1.in[0] (.names)                                                1.338    10.793
n7685_1.out[0] (.names)                                               0.261    11.054
n7684.in[0] (.names)                                                  1.338    12.392
n7684.out[0] (.names)                                                 0.261    12.653
n9035_1.in[4] (.names)                                                1.338    13.991
n9035_1.out[0] (.names)                                               0.261    14.252
n7725.in[3] (.names)                                                  1.338    15.590
n7725.out[0] (.names)                                                 0.261    15.851
top.sortedstack+st^FF_NODE~4000.D[0] (.latch)                         1.338    17.188
data arrival time                                                              17.188

clock top^tm3_clk_v0 (rise edge)                                      0.000     0.000
clock source latency                                                  0.000     0.000
top^tm3_clk_v0.inpad[0] (.input)                                      0.000     0.000
top.sortedstack+st^FF_NODE~4000.clk[0] (.latch)                       1.338     1.338
clock uncertainty                                                     0.000     1.338
cell setup time                                                      -0.066     1.272
data required time                                                              1.272
-------------------------------------------------------------------------------------
data required time                                                              1.272
data arrival time                                                             -17.188
-------------------------------------------------------------------------------------
slack (VIOLATED)                                                              -15.917


#Path 58
Startpoint: top.sortedstack+st^FF_NODE~4181.Q[0] (.latch clocked by top^tm3_clk_v0)
Endpoint  : top.sortedstack+st^FF_NODE~3999.D[0] (.latch clocked by top^tm3_clk_v0)
Path Type : setup

Point                                                                  Incr      Path
-------------------------------------------------------------------------------------
clock top^tm3_clk_v0 (rise edge)                                      0.000     0.000
clock source latency                                                  0.000     0.000
top^tm3_clk_v0.inpad[0] (.input)                                      0.000     0.000
top.sortedstack+st^FF_NODE~4181.clk[0] (.latch)                       1.338     1.338
top.sortedstack+st^FF_NODE~4181.Q[0] (.latch) [clock-to-output]       0.124     1.462
n7691_1.in[0] (.names)                                                1.338     2.800
n7691_1.out[0] (.names)                                               0.261     3.061
n7690_1.in[4] (.names)                                                1.338     4.398
n7690_1.out[0] (.names)                                               0.261     4.659
n7688.in[5] (.names)                                                  1.338     5.997
n7688.out[0] (.names)                                                 0.261     6.258
n7687.in[4] (.names)                                                  1.338     7.596
n7687.out[0] (.names)                                                 0.261     7.857
n7686_1.in[4] (.names)                                                1.338     9.195
n7686_1.out[0] (.names)                                               0.261     9.456
n7685_1.in[0] (.names)                                                1.338    10.793
n7685_1.out[0] (.names)                                               0.261    11.054
n7684.in[0] (.names)                                                  1.338    12.392
n7684.out[0] (.names)                                                 0.261    12.653
n9018.in[4] (.names)                                                  1.338    13.991
n9018.out[0] (.names)                                                 0.261    14.252
n7685.in[3] (.names)                                                  1.338    15.590
n7685.out[0] (.names)                                                 0.261    15.851
top.sortedstack+st^FF_NODE~3999.D[0] (.latch)                         1.338    17.188
data arrival time                                                              17.188

clock top^tm3_clk_v0 (rise edge)                                      0.000     0.000
clock source latency                                                  0.000     0.000
top^tm3_clk_v0.inpad[0] (.input)                                      0.000     0.000
top.sortedstack+st^FF_NODE~3999.clk[0] (.latch)                       1.338     1.338
clock uncertainty                                                     0.000     1.338
cell setup time                                                      -0.066     1.272
data required time                                                              1.272
-------------------------------------------------------------------------------------
data required time                                                              1.272
data arrival time                                                             -17.188
-------------------------------------------------------------------------------------
slack (VIOLATED)                                                              -15.917


#Path 59
Startpoint: top.sortedstack+st^FF_NODE~4181.Q[0] (.latch clocked by top^tm3_clk_v0)
Endpoint  : top.sortedstack+st^FF_NODE~4011.D[0] (.latch clocked by top^tm3_clk_v0)
Path Type : setup

Point                                                                  Incr      Path
-------------------------------------------------------------------------------------
clock top^tm3_clk_v0 (rise edge)                                      0.000     0.000
clock source latency                                                  0.000     0.000
top^tm3_clk_v0.inpad[0] (.input)                                      0.000     0.000
top.sortedstack+st^FF_NODE~4181.clk[0] (.latch)                       1.338     1.338
top.sortedstack+st^FF_NODE~4181.Q[0] (.latch) [clock-to-output]       0.124     1.462
n7691_1.in[0] (.names)                                                1.338     2.800
n7691_1.out[0] (.names)                                               0.261     3.061
n7690_1.in[4] (.names)                                                1.338     4.398
n7690_1.out[0] (.names)                                               0.261     4.659
n7688.in[5] (.names)                                                  1.338     5.997
n7688.out[0] (.names)                                                 0.261     6.258
n7687.in[4] (.names)                                                  1.338     7.596
n7687.out[0] (.names)                                                 0.261     7.857
n7686_1.in[4] (.names)                                                1.338     9.195
n7686_1.out[0] (.names)                                               0.261     9.456
n7685_1.in[0] (.names)                                                1.338    10.793
n7685_1.out[0] (.names)                                               0.261    11.054
n7684.in[0] (.names)                                                  1.338    12.392
n7684.out[0] (.names)                                                 0.261    12.653
n8990_1.in[4] (.names)                                                1.338    13.991
n8990_1.out[0] (.names)                                               0.261    14.252
n7615.in[3] (.names)                                                  1.338    15.590
n7615.out[0] (.names)                                                 0.261    15.851
top.sortedstack+st^FF_NODE~4011.D[0] (.latch)                         1.338    17.188
data arrival time                                                              17.188

clock top^tm3_clk_v0 (rise edge)                                      0.000     0.000
clock source latency                                                  0.000     0.000
top^tm3_clk_v0.inpad[0] (.input)                                      0.000     0.000
top.sortedstack+st^FF_NODE~4011.clk[0] (.latch)                       1.338     1.338
clock uncertainty                                                     0.000     1.338
cell setup time                                                      -0.066     1.272
data required time                                                              1.272
-------------------------------------------------------------------------------------
data required time                                                              1.272
data arrival time                                                             -17.188
-------------------------------------------------------------------------------------
slack (VIOLATED)                                                              -15.917


#Path 60
Startpoint: top.sortedstack+st^FF_NODE~4181.Q[0] (.latch clocked by top^tm3_clk_v0)
Endpoint  : top.sortedstack+st^FF_NODE~4010.D[0] (.latch clocked by top^tm3_clk_v0)
Path Type : setup

Point                                                                  Incr      Path
-------------------------------------------------------------------------------------
clock top^tm3_clk_v0 (rise edge)                                      0.000     0.000
clock source latency                                                  0.000     0.000
top^tm3_clk_v0.inpad[0] (.input)                                      0.000     0.000
top.sortedstack+st^FF_NODE~4181.clk[0] (.latch)                       1.338     1.338
top.sortedstack+st^FF_NODE~4181.Q[0] (.latch) [clock-to-output]       0.124     1.462
n7691_1.in[0] (.names)                                                1.338     2.800
n7691_1.out[0] (.names)                                               0.261     3.061
n7690_1.in[4] (.names)                                                1.338     4.398
n7690_1.out[0] (.names)                                               0.261     4.659
n7688.in[5] (.names)                                                  1.338     5.997
n7688.out[0] (.names)                                                 0.261     6.258
n7687.in[4] (.names)                                                  1.338     7.596
n7687.out[0] (.names)                                                 0.261     7.857
n7686_1.in[4] (.names)                                                1.338     9.195
n7686_1.out[0] (.names)                                               0.261     9.456
n7685_1.in[0] (.names)                                                1.338    10.793
n7685_1.out[0] (.names)                                               0.261    11.054
n7684.in[0] (.names)                                                  1.338    12.392
n7684.out[0] (.names)                                                 0.261    12.653
n8932.in[4] (.names)                                                  1.338    13.991
n8932.out[0] (.names)                                                 0.261    14.252
n7360.in[3] (.names)                                                  1.338    15.590
n7360.out[0] (.names)                                                 0.261    15.851
top.sortedstack+st^FF_NODE~4010.D[0] (.latch)                         1.338    17.188
data arrival time                                                              17.188

clock top^tm3_clk_v0 (rise edge)                                      0.000     0.000
clock source latency                                                  0.000     0.000
top^tm3_clk_v0.inpad[0] (.input)                                      0.000     0.000
top.sortedstack+st^FF_NODE~4010.clk[0] (.latch)                       1.338     1.338
clock uncertainty                                                     0.000     1.338
cell setup time                                                      -0.066     1.272
data required time                                                              1.272
-------------------------------------------------------------------------------------
data required time                                                              1.272
data arrival time                                                             -17.188
-------------------------------------------------------------------------------------
slack (VIOLATED)                                                              -15.917


#Path 61
Startpoint: top.sortedstack+st^FF_NODE~4181.Q[0] (.latch clocked by top^tm3_clk_v0)
Endpoint  : top.sortedstack+st^FF_NODE~4009.D[0] (.latch clocked by top^tm3_clk_v0)
Path Type : setup

Point                                                                  Incr      Path
-------------------------------------------------------------------------------------
clock top^tm3_clk_v0 (rise edge)                                      0.000     0.000
clock source latency                                                  0.000     0.000
top^tm3_clk_v0.inpad[0] (.input)                                      0.000     0.000
top.sortedstack+st^FF_NODE~4181.clk[0] (.latch)                       1.338     1.338
top.sortedstack+st^FF_NODE~4181.Q[0] (.latch) [clock-to-output]       0.124     1.462
n7691_1.in[0] (.names)                                                1.338     2.800
n7691_1.out[0] (.names)                                               0.261     3.061
n7690_1.in[4] (.names)                                                1.338     4.398
n7690_1.out[0] (.names)                                               0.261     4.659
n7688.in[5] (.names)                                                  1.338     5.997
n7688.out[0] (.names)                                                 0.261     6.258
n7687.in[4] (.names)                                                  1.338     7.596
n7687.out[0] (.names)                                                 0.261     7.857
n7686_1.in[4] (.names)                                                1.338     9.195
n7686_1.out[0] (.names)                                               0.261     9.456
n7685_1.in[0] (.names)                                                1.338    10.793
n7685_1.out[0] (.names)                                               0.261    11.054
n7684.in[0] (.names)                                                  1.338    12.392
n7684.out[0] (.names)                                                 0.261    12.653
n8796_1.in[4] (.names)                                                1.338    13.991
n8796_1.out[0] (.names)                                               0.261    14.252
n6815.in[3] (.names)                                                  1.338    15.590
n6815.out[0] (.names)                                                 0.261    15.851
top.sortedstack+st^FF_NODE~4009.D[0] (.latch)                         1.338    17.188
data arrival time                                                              17.188

clock top^tm3_clk_v0 (rise edge)                                      0.000     0.000
clock source latency                                                  0.000     0.000
top^tm3_clk_v0.inpad[0] (.input)                                      0.000     0.000
top.sortedstack+st^FF_NODE~4009.clk[0] (.latch)                       1.338     1.338
clock uncertainty                                                     0.000     1.338
cell setup time                                                      -0.066     1.272
data required time                                                              1.272
-------------------------------------------------------------------------------------
data required time                                                              1.272
data arrival time                                                             -17.188
-------------------------------------------------------------------------------------
slack (VIOLATED)                                                              -15.917


#Path 62
Startpoint: top.sortedstack+st^FF_NODE~4181.Q[0] (.latch clocked by top^tm3_clk_v0)
Endpoint  : top.sortedstack+st^FF_NODE~4001.D[0] (.latch clocked by top^tm3_clk_v0)
Path Type : setup

Point                                                                  Incr      Path
-------------------------------------------------------------------------------------
clock top^tm3_clk_v0 (rise edge)                                      0.000     0.000
clock source latency                                                  0.000     0.000
top^tm3_clk_v0.inpad[0] (.input)                                      0.000     0.000
top.sortedstack+st^FF_NODE~4181.clk[0] (.latch)                       1.338     1.338
top.sortedstack+st^FF_NODE~4181.Q[0] (.latch) [clock-to-output]       0.124     1.462
n7691_1.in[0] (.names)                                                1.338     2.800
n7691_1.out[0] (.names)                                               0.261     3.061
n7690_1.in[4] (.names)                                                1.338     4.398
n7690_1.out[0] (.names)                                               0.261     4.659
n7688.in[5] (.names)                                                  1.338     5.997
n7688.out[0] (.names)                                                 0.261     6.258
n7687.in[4] (.names)                                                  1.338     7.596
n7687.out[0] (.names)                                                 0.261     7.857
n7686_1.in[4] (.names)                                                1.338     9.195
n7686_1.out[0] (.names)                                               0.261     9.456
n7685_1.in[0] (.names)                                                1.338    10.793
n7685_1.out[0] (.names)                                               0.261    11.054
n7684.in[0] (.names)                                                  1.338    12.392
n7684.out[0] (.names)                                                 0.261    12.653
n8043.in[4] (.names)                                                  1.338    13.991
n8043.out[0] (.names)                                                 0.261    14.252
n3200.in[3] (.names)                                                  1.338    15.590
n3200.out[0] (.names)                                                 0.261    15.851
top.sortedstack+st^FF_NODE~4001.D[0] (.latch)                         1.338    17.188
data arrival time                                                              17.188

clock top^tm3_clk_v0 (rise edge)                                      0.000     0.000
clock source latency                                                  0.000     0.000
top^tm3_clk_v0.inpad[0] (.input)                                      0.000     0.000
top.sortedstack+st^FF_NODE~4001.clk[0] (.latch)                       1.338     1.338
clock uncertainty                                                     0.000     1.338
cell setup time                                                      -0.066     1.272
data required time                                                              1.272
-------------------------------------------------------------------------------------
data required time                                                              1.272
data arrival time                                                             -17.188
-------------------------------------------------------------------------------------
slack (VIOLATED)                                                              -15.917


#Path 63
Startpoint: top.sortedstack+st^FF_NODE~4181.Q[0] (.latch clocked by top^tm3_clk_v0)
Endpoint  : top.sortedstack+st^FF_NODE~4002.D[0] (.latch clocked by top^tm3_clk_v0)
Path Type : setup

Point                                                                  Incr      Path
-------------------------------------------------------------------------------------
clock top^tm3_clk_v0 (rise edge)                                      0.000     0.000
clock source latency                                                  0.000     0.000
top^tm3_clk_v0.inpad[0] (.input)                                      0.000     0.000
top.sortedstack+st^FF_NODE~4181.clk[0] (.latch)                       1.338     1.338
top.sortedstack+st^FF_NODE~4181.Q[0] (.latch) [clock-to-output]       0.124     1.462
n7691_1.in[0] (.names)                                                1.338     2.800
n7691_1.out[0] (.names)                                               0.261     3.061
n7690_1.in[4] (.names)                                                1.338     4.398
n7690_1.out[0] (.names)                                               0.261     4.659
n7688.in[5] (.names)                                                  1.338     5.997
n7688.out[0] (.names)                                                 0.261     6.258
n7687.in[4] (.names)                                                  1.338     7.596
n7687.out[0] (.names)                                                 0.261     7.857
n7686_1.in[4] (.names)                                                1.338     9.195
n7686_1.out[0] (.names)                                               0.261     9.456
n7685_1.in[0] (.names)                                                1.338    10.793
n7685_1.out[0] (.names)                                               0.261    11.054
n7684.in[0] (.names)                                                  1.338    12.392
n7684.out[0] (.names)                                                 0.261    12.653
n8019.in[4] (.names)                                                  1.338    13.991
n8019.out[0] (.names)                                                 0.261    14.252
n3115.in[3] (.names)                                                  1.338    15.590
n3115.out[0] (.names)                                                 0.261    15.851
top.sortedstack+st^FF_NODE~4002.D[0] (.latch)                         1.338    17.188
data arrival time                                                              17.188

clock top^tm3_clk_v0 (rise edge)                                      0.000     0.000
clock source latency                                                  0.000     0.000
top^tm3_clk_v0.inpad[0] (.input)                                      0.000     0.000
top.sortedstack+st^FF_NODE~4002.clk[0] (.latch)                       1.338     1.338
clock uncertainty                                                     0.000     1.338
cell setup time                                                      -0.066     1.272
data required time                                                              1.272
-------------------------------------------------------------------------------------
data required time                                                              1.272
data arrival time                                                             -17.188
-------------------------------------------------------------------------------------
slack (VIOLATED)                                                              -15.917


#Path 64
Startpoint: top.sortedstack+st^FF_NODE~4181.Q[0] (.latch clocked by top^tm3_clk_v0)
Endpoint  : top.sortedstack+st^FF_NODE~4003.D[0] (.latch clocked by top^tm3_clk_v0)
Path Type : setup

Point                                                                  Incr      Path
-------------------------------------------------------------------------------------
clock top^tm3_clk_v0 (rise edge)                                      0.000     0.000
clock source latency                                                  0.000     0.000
top^tm3_clk_v0.inpad[0] (.input)                                      0.000     0.000
top.sortedstack+st^FF_NODE~4181.clk[0] (.latch)                       1.338     1.338
top.sortedstack+st^FF_NODE~4181.Q[0] (.latch) [clock-to-output]       0.124     1.462
n7691_1.in[0] (.names)                                                1.338     2.800
n7691_1.out[0] (.names)                                               0.261     3.061
n7690_1.in[4] (.names)                                                1.338     4.398
n7690_1.out[0] (.names)                                               0.261     4.659
n7688.in[5] (.names)                                                  1.338     5.997
n7688.out[0] (.names)                                                 0.261     6.258
n7687.in[4] (.names)                                                  1.338     7.596
n7687.out[0] (.names)                                                 0.261     7.857
n7686_1.in[4] (.names)                                                1.338     9.195
n7686_1.out[0] (.names)                                               0.261     9.456
n7685_1.in[0] (.names)                                                1.338    10.793
n7685_1.out[0] (.names)                                               0.261    11.054
n7684.in[0] (.names)                                                  1.338    12.392
n7684.out[0] (.names)                                                 0.261    12.653
n7995_1.in[4] (.names)                                                1.338    13.991
n7995_1.out[0] (.names)                                               0.261    14.252
n3030.in[3] (.names)                                                  1.338    15.590
n3030.out[0] (.names)                                                 0.261    15.851
top.sortedstack+st^FF_NODE~4003.D[0] (.latch)                         1.338    17.188
data arrival time                                                              17.188

clock top^tm3_clk_v0 (rise edge)                                      0.000     0.000
clock source latency                                                  0.000     0.000
top^tm3_clk_v0.inpad[0] (.input)                                      0.000     0.000
top.sortedstack+st^FF_NODE~4003.clk[0] (.latch)                       1.338     1.338
clock uncertainty                                                     0.000     1.338
cell setup time                                                      -0.066     1.272
data required time                                                              1.272
-------------------------------------------------------------------------------------
data required time                                                              1.272
data arrival time                                                             -17.188
-------------------------------------------------------------------------------------
slack (VIOLATED)                                                              -15.917


#Path 65
Startpoint: top.sortedstack+st^FF_NODE~4181.Q[0] (.latch clocked by top^tm3_clk_v0)
Endpoint  : top.sortedstack+st^FF_NODE~4008.D[0] (.latch clocked by top^tm3_clk_v0)
Path Type : setup

Point                                                                  Incr      Path
-------------------------------------------------------------------------------------
clock top^tm3_clk_v0 (rise edge)                                      0.000     0.000
clock source latency                                                  0.000     0.000
top^tm3_clk_v0.inpad[0] (.input)                                      0.000     0.000
top.sortedstack+st^FF_NODE~4181.clk[0] (.latch)                       1.338     1.338
top.sortedstack+st^FF_NODE~4181.Q[0] (.latch) [clock-to-output]       0.124     1.462
n7691_1.in[0] (.names)                                                1.338     2.800
n7691_1.out[0] (.names)                                               0.261     3.061
n7690_1.in[4] (.names)                                                1.338     4.398
n7690_1.out[0] (.names)                                               0.261     4.659
n7688.in[5] (.names)                                                  1.338     5.997
n7688.out[0] (.names)                                                 0.261     6.258
n7687.in[4] (.names)                                                  1.338     7.596
n7687.out[0] (.names)                                                 0.261     7.857
n7686_1.in[4] (.names)                                                1.338     9.195
n7686_1.out[0] (.names)                                               0.261     9.456
n7685_1.in[0] (.names)                                                1.338    10.793
n7685_1.out[0] (.names)                                               0.261    11.054
n7684.in[0] (.names)                                                  1.338    12.392
n7684.out[0] (.names)                                                 0.261    12.653
n7948.in[4] (.names)                                                  1.338    13.991
n7948.out[0] (.names)                                                 0.261    14.252
n2860.in[3] (.names)                                                  1.338    15.590
n2860.out[0] (.names)                                                 0.261    15.851
top.sortedstack+st^FF_NODE~4008.D[0] (.latch)                         1.338    17.188
data arrival time                                                              17.188

clock top^tm3_clk_v0 (rise edge)                                      0.000     0.000
clock source latency                                                  0.000     0.000
top^tm3_clk_v0.inpad[0] (.input)                                      0.000     0.000
top.sortedstack+st^FF_NODE~4008.clk[0] (.latch)                       1.338     1.338
clock uncertainty                                                     0.000     1.338
cell setup time                                                      -0.066     1.272
data required time                                                              1.272
-------------------------------------------------------------------------------------
data required time                                                              1.272
data arrival time                                                             -17.188
-------------------------------------------------------------------------------------
slack (VIOLATED)                                                              -15.917


#Path 66
Startpoint: top.sortedstack+st^FF_NODE~4181.Q[0] (.latch clocked by top^tm3_clk_v0)
Endpoint  : top.sortedstack+st^FF_NODE~4005.D[0] (.latch clocked by top^tm3_clk_v0)
Path Type : setup

Point                                                                  Incr      Path
-------------------------------------------------------------------------------------
clock top^tm3_clk_v0 (rise edge)                                      0.000     0.000
clock source latency                                                  0.000     0.000
top^tm3_clk_v0.inpad[0] (.input)                                      0.000     0.000
top.sortedstack+st^FF_NODE~4181.clk[0] (.latch)                       1.338     1.338
top.sortedstack+st^FF_NODE~4181.Q[0] (.latch) [clock-to-output]       0.124     1.462
n7691_1.in[0] (.names)                                                1.338     2.800
n7691_1.out[0] (.names)                                               0.261     3.061
n7690_1.in[4] (.names)                                                1.338     4.398
n7690_1.out[0] (.names)                                               0.261     4.659
n7688.in[5] (.names)                                                  1.338     5.997
n7688.out[0] (.names)                                                 0.261     6.258
n7687.in[4] (.names)                                                  1.338     7.596
n7687.out[0] (.names)                                                 0.261     7.857
n7686_1.in[4] (.names)                                                1.338     9.195
n7686_1.out[0] (.names)                                               0.261     9.456
n7685_1.in[0] (.names)                                                1.338    10.793
n7685_1.out[0] (.names)                                               0.261    11.054
n7684.in[0] (.names)                                                  1.338    12.392
n7684.out[0] (.names)                                                 0.261    12.653
n7927.in[4] (.names)                                                  1.338    13.991
n7927.out[0] (.names)                                                 0.261    14.252
n2790.in[3] (.names)                                                  1.338    15.590
n2790.out[0] (.names)                                                 0.261    15.851
top.sortedstack+st^FF_NODE~4005.D[0] (.latch)                         1.338    17.188
data arrival time                                                              17.188

clock top^tm3_clk_v0 (rise edge)                                      0.000     0.000
clock source latency                                                  0.000     0.000
top^tm3_clk_v0.inpad[0] (.input)                                      0.000     0.000
top.sortedstack+st^FF_NODE~4005.clk[0] (.latch)                       1.338     1.338
clock uncertainty                                                     0.000     1.338
cell setup time                                                      -0.066     1.272
data required time                                                              1.272
-------------------------------------------------------------------------------------
data required time                                                              1.272
data arrival time                                                             -17.188
-------------------------------------------------------------------------------------
slack (VIOLATED)                                                              -15.917


#Path 67
Startpoint: top.sortedstack+st^FF_NODE~4181.Q[0] (.latch clocked by top^tm3_clk_v0)
Endpoint  : top.sortedstack+st^FF_NODE~4007.D[0] (.latch clocked by top^tm3_clk_v0)
Path Type : setup

Point                                                                  Incr      Path
-------------------------------------------------------------------------------------
clock top^tm3_clk_v0 (rise edge)                                      0.000     0.000
clock source latency                                                  0.000     0.000
top^tm3_clk_v0.inpad[0] (.input)                                      0.000     0.000
top.sortedstack+st^FF_NODE~4181.clk[0] (.latch)                       1.338     1.338
top.sortedstack+st^FF_NODE~4181.Q[0] (.latch) [clock-to-output]       0.124     1.462
n7691_1.in[0] (.names)                                                1.338     2.800
n7691_1.out[0] (.names)                                               0.261     3.061
n7690_1.in[4] (.names)                                                1.338     4.398
n7690_1.out[0] (.names)                                               0.261     4.659
n7688.in[5] (.names)                                                  1.338     5.997
n7688.out[0] (.names)                                                 0.261     6.258
n7687.in[4] (.names)                                                  1.338     7.596
n7687.out[0] (.names)                                                 0.261     7.857
n7686_1.in[4] (.names)                                                1.338     9.195
n7686_1.out[0] (.names)                                               0.261     9.456
n7685_1.in[0] (.names)                                                1.338    10.793
n7685_1.out[0] (.names)                                               0.261    11.054
n7684.in[0] (.names)                                                  1.338    12.392
n7684.out[0] (.names)                                                 0.261    12.653
n7906_1.in[4] (.names)                                                1.338    13.991
n7906_1.out[0] (.names)                                               0.261    14.252
n2720.in[3] (.names)                                                  1.338    15.590
n2720.out[0] (.names)                                                 0.261    15.851
top.sortedstack+st^FF_NODE~4007.D[0] (.latch)                         1.338    17.188
data arrival time                                                              17.188

clock top^tm3_clk_v0 (rise edge)                                      0.000     0.000
clock source latency                                                  0.000     0.000
top^tm3_clk_v0.inpad[0] (.input)                                      0.000     0.000
top.sortedstack+st^FF_NODE~4007.clk[0] (.latch)                       1.338     1.338
clock uncertainty                                                     0.000     1.338
cell setup time                                                      -0.066     1.272
data required time                                                              1.272
-------------------------------------------------------------------------------------
data required time                                                              1.272
data arrival time                                                             -17.188
-------------------------------------------------------------------------------------
slack (VIOLATED)                                                              -15.917


#Path 68
Startpoint: top.sortedstack+st^FF_NODE~4181.Q[0] (.latch clocked by top^tm3_clk_v0)
Endpoint  : top.sortedstack+st^FF_NODE~4032.D[0] (.latch clocked by top^tm3_clk_v0)
Path Type : setup

Point                                                                  Incr      Path
-------------------------------------------------------------------------------------
clock top^tm3_clk_v0 (rise edge)                                      0.000     0.000
clock source latency                                                  0.000     0.000
top^tm3_clk_v0.inpad[0] (.input)                                      0.000     0.000
top.sortedstack+st^FF_NODE~4181.clk[0] (.latch)                       1.338     1.338
top.sortedstack+st^FF_NODE~4181.Q[0] (.latch) [clock-to-output]       0.124     1.462
n7691_1.in[0] (.names)                                                1.338     2.800
n7691_1.out[0] (.names)                                               0.261     3.061
n7690_1.in[4] (.names)                                                1.338     4.398
n7690_1.out[0] (.names)                                               0.261     4.659
n7688.in[5] (.names)                                                  1.338     5.997
n7688.out[0] (.names)                                                 0.261     6.258
n7687.in[4] (.names)                                                  1.338     7.596
n7687.out[0] (.names)                                                 0.261     7.857
n7686_1.in[4] (.names)                                                1.338     9.195
n7686_1.out[0] (.names)                                               0.261     9.456
n7685_1.in[0] (.names)                                                1.338    10.793
n7685_1.out[0] (.names)                                               0.261    11.054
n7684.in[0] (.names)                                                  1.338    12.392
n7684.out[0] (.names)                                                 0.261    12.653
n7879.in[2] (.names)                                                  1.338    13.991
n7879.out[0] (.names)                                                 0.261    14.252
n2670.in[2] (.names)                                                  1.338    15.590
n2670.out[0] (.names)                                                 0.261    15.851
top.sortedstack+st^FF_NODE~4032.D[0] (.latch)                         1.338    17.188
data arrival time                                                              17.188

clock top^tm3_clk_v0 (rise edge)                                      0.000     0.000
clock source latency                                                  0.000     0.000
top^tm3_clk_v0.inpad[0] (.input)                                      0.000     0.000
top.sortedstack+st^FF_NODE~4032.clk[0] (.latch)                       1.338     1.338
clock uncertainty                                                     0.000     1.338
cell setup time                                                      -0.066     1.272
data required time                                                              1.272
-------------------------------------------------------------------------------------
data required time                                                              1.272
data arrival time                                                             -17.188
-------------------------------------------------------------------------------------
slack (VIOLATED)                                                              -15.917


#Path 69
Startpoint: top.listhandler+lh01^FF_NODE~4482.Q[0] (.latch clocked by top^tm3_clk_v0)
Endpoint  : top.listhandler+lh01.spram+ram^FF_NODE~4375.D[0] (.latch clocked by top^tm3_clk_v0)
Path Type : setup

Point                                                                              Incr      Path
-------------------------------------------------------------------------------------------------
clock top^tm3_clk_v0 (rise edge)                                                  0.000     0.000
clock source latency                                                              0.000     0.000
top^tm3_clk_v0.inpad[0] (.input)                                                  0.000     0.000
top.listhandler+lh01^FF_NODE~4482.clk[0] (.latch)                                 1.338     1.338
top.listhandler+lh01^FF_NODE~4482.Q[0] (.latch) [clock-to-output]                 0.124     1.462
n6616_1.in[0] (.names)                                                            1.338     2.800
n6616_1.out[0] (.names)                                                           0.261     3.061
n6615_1.in[0] (.names)                                                            1.338     4.398
n6615_1.out[0] (.names)                                                           0.261     4.659
n6687.in[2] (.names)                                                              1.338     5.997
n6687.out[0] (.names)                                                             0.261     6.258
n6684.in[4] (.names)                                                              1.338     7.596
n6684.out[0] (.names)                                                             0.261     7.857
n6683.in[5] (.names)                                                              1.338     9.195
n6683.out[0] (.names)                                                             0.261     9.456
n6680_1.in[5] (.names)                                                            1.338    10.793
n6680_1.out[0] (.names)                                                           0.261    11.054
n7141_1.in[2] (.names)                                                            1.338    12.392
n7141_1.out[0] (.names)                                                           0.261    12.653
n7160_1.in[3] (.names)                                                            1.338    13.991
n7160_1.out[0] (.names)                                                           0.261    14.252
n1500.in[4] (.names)                                                              1.338    15.590
n1500.out[0] (.names)                                                             0.261    15.851
top.listhandler+lh01.spram+ram^FF_NODE~4375.D[0] (.latch)                         1.338    17.188
data arrival time                                                                          17.188

clock top^tm3_clk_v0 (rise edge)                                                  0.000     0.000
clock source latency                                                              0.000     0.000
top^tm3_clk_v0.inpad[0] (.input)                                                  0.000     0.000
top.listhandler+lh01.spram+ram^FF_NODE~4375.clk[0] (.latch)                       1.338     1.338
clock uncertainty                                                                 0.000     1.338
cell setup time                                                                  -0.066     1.272
data required time                                                                          1.272
-------------------------------------------------------------------------------------------------
data required time                                                                          1.272
data arrival time                                                                         -17.188
-------------------------------------------------------------------------------------------------
slack (VIOLATED)                                                                          -15.917


#Path 70
Startpoint: top.listhandler+lh01^FF_NODE~4482.Q[0] (.latch clocked by top^tm3_clk_v0)
Endpoint  : top.listhandler+lh01.spram+ram^FF_NODE~4374.D[0] (.latch clocked by top^tm3_clk_v0)
Path Type : setup

Point                                                                              Incr      Path
-------------------------------------------------------------------------------------------------
clock top^tm3_clk_v0 (rise edge)                                                  0.000     0.000
clock source latency                                                              0.000     0.000
top^tm3_clk_v0.inpad[0] (.input)                                                  0.000     0.000
top.listhandler+lh01^FF_NODE~4482.clk[0] (.latch)                                 1.338     1.338
top.listhandler+lh01^FF_NODE~4482.Q[0] (.latch) [clock-to-output]                 0.124     1.462
n6616_1.in[0] (.names)                                                            1.338     2.800
n6616_1.out[0] (.names)                                                           0.261     3.061
n6615_1.in[0] (.names)                                                            1.338     4.398
n6615_1.out[0] (.names)                                                           0.261     4.659
n6687.in[2] (.names)                                                              1.338     5.997
n6687.out[0] (.names)                                                             0.261     6.258
n6684.in[4] (.names)                                                              1.338     7.596
n6684.out[0] (.names)                                                             0.261     7.857
n6683.in[5] (.names)                                                              1.338     9.195
n6683.out[0] (.names)                                                             0.261     9.456
n6680_1.in[5] (.names)                                                            1.338    10.793
n6680_1.out[0] (.names)                                                           0.261    11.054
n7141_1.in[2] (.names)                                                            1.338    12.392
n7141_1.out[0] (.names)                                                           0.261    12.653
n7149.in[3] (.names)                                                              1.338    13.991
n7149.out[0] (.names)                                                             0.261    14.252
n1490.in[1] (.names)                                                              1.338    15.590
n1490.out[0] (.names)                                                             0.261    15.851
top.listhandler+lh01.spram+ram^FF_NODE~4374.D[0] (.latch)                         1.338    17.188
data arrival time                                                                          17.188

clock top^tm3_clk_v0 (rise edge)                                                  0.000     0.000
clock source latency                                                              0.000     0.000
top^tm3_clk_v0.inpad[0] (.input)                                                  0.000     0.000
top.listhandler+lh01.spram+ram^FF_NODE~4374.clk[0] (.latch)                       1.338     1.338
clock uncertainty                                                                 0.000     1.338
cell setup time                                                                  -0.066     1.272
data required time                                                                          1.272
-------------------------------------------------------------------------------------------------
data required time                                                                          1.272
data arrival time                                                                         -17.188
-------------------------------------------------------------------------------------------------
slack (VIOLATED)                                                                          -15.917


#Path 71
Startpoint: top.listhandler+lh01^FF_NODE~4482.Q[0] (.latch clocked by top^tm3_clk_v0)
Endpoint  : top.listhandler+lh01.spram+ram^FF_NODE~4383.D[0] (.latch clocked by top^tm3_clk_v0)
Path Type : setup

Point                                                                              Incr      Path
-------------------------------------------------------------------------------------------------
clock top^tm3_clk_v0 (rise edge)                                                  0.000     0.000
clock source latency                                                              0.000     0.000
top^tm3_clk_v0.inpad[0] (.input)                                                  0.000     0.000
top.listhandler+lh01^FF_NODE~4482.clk[0] (.latch)                                 1.338     1.338
top.listhandler+lh01^FF_NODE~4482.Q[0] (.latch) [clock-to-output]                 0.124     1.462
n6616_1.in[0] (.names)                                                            1.338     2.800
n6616_1.out[0] (.names)                                                           0.261     3.061
n6615_1.in[0] (.names)                                                            1.338     4.398
n6615_1.out[0] (.names)                                                           0.261     4.659
n6693.in[2] (.names)                                                              1.338     5.997
n6693.out[0] (.names)                                                             0.261     6.258
n6692.in[4] (.names)                                                              1.338     7.596
n6692.out[0] (.names)                                                             0.261     7.857
n6691_1.in[5] (.names)                                                            1.338     9.195
n6691_1.out[0] (.names)                                                           0.261     9.456
n6690_1.in[5] (.names)                                                            1.338    10.793
n6690_1.out[0] (.names)                                                           0.261    11.054
n6689.in[1] (.names)                                                              1.338    12.392
n6689.out[0] (.names)                                                             0.261    12.653
n6679.in[2] (.names)                                                              1.338    13.991
n6679.out[0] (.names)                                                             0.261    14.252
n815.in[2] (.names)                                                               1.338    15.590
n815.out[0] (.names)                                                              0.261    15.851
top.listhandler+lh01.spram+ram^FF_NODE~4383.D[0] (.latch)                         1.338    17.188
data arrival time                                                                          17.188

clock top^tm3_clk_v0 (rise edge)                                                  0.000     0.000
clock source latency                                                              0.000     0.000
top^tm3_clk_v0.inpad[0] (.input)                                                  0.000     0.000
top.listhandler+lh01.spram+ram^FF_NODE~4383.clk[0] (.latch)                       1.338     1.338
clock uncertainty                                                                 0.000     1.338
cell setup time                                                                  -0.066     1.272
data required time                                                                          1.272
-------------------------------------------------------------------------------------------------
data required time                                                                          1.272
data arrival time                                                                         -17.188
-------------------------------------------------------------------------------------------------
slack (VIOLATED)                                                                          -15.917


#Path 72
Startpoint: top.boundcontroller+boundcont01^FF_NODE~1220.Q[0] (.latch clocked by top^tm3_clk_v0)
Endpoint  : top.boundcontroller+boundcont01^FF_NODE~1528.D[0] (.latch clocked by top^tm3_clk_v0)
Path Type : setup

Point                                                                               Incr      Path
--------------------------------------------------------------------------------------------------
clock top^tm3_clk_v0 (rise edge)                                                   0.000     0.000
clock source latency                                                               0.000     0.000
top^tm3_clk_v0.inpad[0] (.input)                                                   0.000     0.000
top.boundcontroller+boundcont01^FF_NODE~1220.clk[0] (.latch)                       1.338     1.338
top.boundcontroller+boundcont01^FF_NODE~1220.Q[0] (.latch) [clock-to-output]       0.124     1.462
n6765_1.in[0] (.names)                                                             1.338     2.800
n6765_1.out[0] (.names)                                                            0.261     3.061
n6764.in[4] (.names)                                                               1.338     4.398
n6764.out[0] (.names)                                                              0.261     4.659
n6763.in[2] (.names)                                                               1.338     5.997
n6763.out[0] (.names)                                                              0.261     6.258
n6762.in[4] (.names)                                                               1.338     7.596
n6762.out[0] (.names)                                                              0.261     7.857
n6768.in[2] (.names)                                                               1.338     9.195
n6768.out[0] (.names)                                                              0.261     9.456
n6767.in[4] (.names)                                                               1.338    10.793
n6767.out[0] (.names)                                                              0.261    11.054
n6761_1.in[3] (.names)                                                             1.338    12.392
n6761_1.out[0] (.names)                                                            0.261    12.653
n6760_1.in[4] (.names)                                                             1.338    13.991
n6760_1.out[0] (.names)                                                            0.261    14.252
n1560.in[3] (.names)                                                               1.338    15.590
n1560.out[0] (.names)                                                              0.261    15.851
top.boundcontroller+boundcont01^FF_NODE~1528.D[0] (.latch)                         1.338    17.188
data arrival time                                                                           17.188

clock top^tm3_clk_v0 (rise edge)                                                   0.000     0.000
clock source latency                                                               0.000     0.000
top^tm3_clk_v0.inpad[0] (.input)                                                   0.000     0.000
top.boundcontroller+boundcont01^FF_NODE~1528.clk[0] (.latch)                       1.338     1.338
clock uncertainty                                                                  0.000     1.338
cell setup time                                                                   -0.066     1.272
data required time                                                                           1.272
--------------------------------------------------------------------------------------------------
data required time                                                                           1.272
data arrival time                                                                          -17.188
--------------------------------------------------------------------------------------------------
slack (VIOLATED)                                                                           -15.917


#Path 73
Startpoint: top.boundcontroller+boundcont01^FF_NODE~1220.Q[0] (.latch clocked by top^tm3_clk_v0)
Endpoint  : top.boundcontroller+boundcont01^FF_NODE~1343.D[0] (.latch clocked by top^tm3_clk_v0)
Path Type : setup

Point                                                                               Incr      Path
--------------------------------------------------------------------------------------------------
clock top^tm3_clk_v0 (rise edge)                                                   0.000     0.000
clock source latency                                                               0.000     0.000
top^tm3_clk_v0.inpad[0] (.input)                                                   0.000     0.000
top.boundcontroller+boundcont01^FF_NODE~1220.clk[0] (.latch)                       1.338     1.338
top.boundcontroller+boundcont01^FF_NODE~1220.Q[0] (.latch) [clock-to-output]       0.124     1.462
n6765_1.in[0] (.names)                                                             1.338     2.800
n6765_1.out[0] (.names)                                                            0.261     3.061
n6764.in[4] (.names)                                                               1.338     4.398
n6764.out[0] (.names)                                                              0.261     4.659
n6763.in[2] (.names)                                                               1.338     5.997
n6763.out[0] (.names)                                                              0.261     6.258
n6762.in[4] (.names)                                                               1.338     7.596
n6762.out[0] (.names)                                                              0.261     7.857
n6768.in[2] (.names)                                                               1.338     9.195
n6768.out[0] (.names)                                                              0.261     9.456
n6767.in[4] (.names)                                                               1.338    10.793
n6767.out[0] (.names)                                                              0.261    11.054
n6761_1.in[3] (.names)                                                             1.338    12.392
n6761_1.out[0] (.names)                                                            0.261    12.653
n6760_1.in[4] (.names)                                                             1.338    13.991
n6760_1.out[0] (.names)                                                            0.261    14.252
n1215.in[2] (.names)                                                               1.338    15.590
n1215.out[0] (.names)                                                              0.261    15.851
top.boundcontroller+boundcont01^FF_NODE~1343.D[0] (.latch)                         1.338    17.188
data arrival time                                                                           17.188

clock top^tm3_clk_v0 (rise edge)                                                   0.000     0.000
clock source latency                                                               0.000     0.000
top^tm3_clk_v0.inpad[0] (.input)                                                   0.000     0.000
top.boundcontroller+boundcont01^FF_NODE~1343.clk[0] (.latch)                       1.338     1.338
clock uncertainty                                                                  0.000     1.338
cell setup time                                                                   -0.066     1.272
data required time                                                                           1.272
--------------------------------------------------------------------------------------------------
data required time                                                                           1.272
data arrival time                                                                          -17.188
--------------------------------------------------------------------------------------------------
slack (VIOLATED)                                                                           -15.917


#Path 74
Startpoint: top.boundcontroller+boundcont01^FF_NODE~1220.Q[0] (.latch clocked by top^tm3_clk_v0)
Endpoint  : top.boundcontroller+boundcont01^FF_NODE~1342.D[0] (.latch clocked by top^tm3_clk_v0)
Path Type : setup

Point                                                                               Incr      Path
--------------------------------------------------------------------------------------------------
clock top^tm3_clk_v0 (rise edge)                                                   0.000     0.000
clock source latency                                                               0.000     0.000
top^tm3_clk_v0.inpad[0] (.input)                                                   0.000     0.000
top.boundcontroller+boundcont01^FF_NODE~1220.clk[0] (.latch)                       1.338     1.338
top.boundcontroller+boundcont01^FF_NODE~1220.Q[0] (.latch) [clock-to-output]       0.124     1.462
n6765_1.in[0] (.names)                                                             1.338     2.800
n6765_1.out[0] (.names)                                                            0.261     3.061
n6764.in[4] (.names)                                                               1.338     4.398
n6764.out[0] (.names)                                                              0.261     4.659
n6763.in[2] (.names)                                                               1.338     5.997
n6763.out[0] (.names)                                                              0.261     6.258
n6762.in[4] (.names)                                                               1.338     7.596
n6762.out[0] (.names)                                                              0.261     7.857
n6768.in[2] (.names)                                                               1.338     9.195
n6768.out[0] (.names)                                                              0.261     9.456
n6767.in[4] (.names)                                                               1.338    10.793
n6767.out[0] (.names)                                                              0.261    11.054
n6761_1.in[3] (.names)                                                             1.338    12.392
n6761_1.out[0] (.names)                                                            0.261    12.653
n6760_1.in[4] (.names)                                                             1.338    13.991
n6760_1.out[0] (.names)                                                            0.261    14.252
n840.in[2] (.names)                                                                1.338    15.590
n840.out[0] (.names)                                                               0.261    15.851
top.boundcontroller+boundcont01^FF_NODE~1342.D[0] (.latch)                         1.338    17.188
data arrival time                                                                           17.188

clock top^tm3_clk_v0 (rise edge)                                                   0.000     0.000
clock source latency                                                               0.000     0.000
top^tm3_clk_v0.inpad[0] (.input)                                                   0.000     0.000
top.boundcontroller+boundcont01^FF_NODE~1342.clk[0] (.latch)                       1.338     1.338
clock uncertainty                                                                  0.000     1.338
cell setup time                                                                   -0.066     1.272
data required time                                                                           1.272
--------------------------------------------------------------------------------------------------
data required time                                                                           1.272
data arrival time                                                                          -17.188
--------------------------------------------------------------------------------------------------
slack (VIOLATED)                                                                           -15.917


#Path 75
Startpoint: top.boundcontroller+boundcont10^FF_NODE~2457.Q[0] (.latch clocked by top^tm3_clk_v0)
Endpoint  : top.boundcontroller+boundcont10^FF_NODE~2765.D[0] (.latch clocked by top^tm3_clk_v0)
Path Type : setup

Point                                                                               Incr      Path
--------------------------------------------------------------------------------------------------
clock top^tm3_clk_v0 (rise edge)                                                   0.000     0.000
clock source latency                                                               0.000     0.000
top^tm3_clk_v0.inpad[0] (.input)                                                   0.000     0.000
top.boundcontroller+boundcont10^FF_NODE~2457.clk[0] (.latch)                       1.338     1.338
top.boundcontroller+boundcont10^FF_NODE~2457.Q[0] (.latch) [clock-to-output]       0.124     1.462
n7263.in[0] (.names)                                                               1.338     2.800
n7263.out[0] (.names)                                                              0.261     3.061
n7262.in[4] (.names)                                                               1.338     4.398
n7262.out[0] (.names)                                                              0.261     4.659
n7261_1.in[2] (.names)                                                             1.338     5.997
n7261_1.out[0] (.names)                                                            0.261     6.258
n7260_1.in[4] (.names)                                                             1.338     7.596
n7260_1.out[0] (.names)                                                            0.261     7.857
n7266_1.in[2] (.names)                                                             1.338     9.195
n7266_1.out[0] (.names)                                                            0.261     9.456
n7265_1.in[4] (.names)                                                             1.338    10.793
n7265_1.out[0] (.names)                                                            0.261    11.054
n7259.in[3] (.names)                                                               1.338    12.392
n7259.out[0] (.names)                                                              0.261    12.653
n7258.in[4] (.names)                                                               1.338    13.991
n7258.out[0] (.names)                                                              0.261    14.252
n1905.in[3] (.names)                                                               1.338    15.590
n1905.out[0] (.names)                                                              0.261    15.851
top.boundcontroller+boundcont10^FF_NODE~2765.D[0] (.latch)                         1.338    17.188
data arrival time                                                                           17.188

clock top^tm3_clk_v0 (rise edge)                                                   0.000     0.000
clock source latency                                                               0.000     0.000
top^tm3_clk_v0.inpad[0] (.input)                                                   0.000     0.000
top.boundcontroller+boundcont10^FF_NODE~2765.clk[0] (.latch)                       1.338     1.338
clock uncertainty                                                                  0.000     1.338
cell setup time                                                                   -0.066     1.272
data required time                                                                           1.272
--------------------------------------------------------------------------------------------------
data required time                                                                           1.272
data arrival time                                                                          -17.188
--------------------------------------------------------------------------------------------------
slack (VIOLATED)                                                                           -15.917


#Path 76
Startpoint: top.boundcontroller+boundcont10^FF_NODE~2457.Q[0] (.latch clocked by top^tm3_clk_v0)
Endpoint  : top.boundcontroller+boundcont10^FF_NODE~2580.D[0] (.latch clocked by top^tm3_clk_v0)
Path Type : setup

Point                                                                               Incr      Path
--------------------------------------------------------------------------------------------------
clock top^tm3_clk_v0 (rise edge)                                                   0.000     0.000
clock source latency                                                               0.000     0.000
top^tm3_clk_v0.inpad[0] (.input)                                                   0.000     0.000
top.boundcontroller+boundcont10^FF_NODE~2457.clk[0] (.latch)                       1.338     1.338
top.boundcontroller+boundcont10^FF_NODE~2457.Q[0] (.latch) [clock-to-output]       0.124     1.462
n7263.in[0] (.names)                                                               1.338     2.800
n7263.out[0] (.names)                                                              0.261     3.061
n7262.in[4] (.names)                                                               1.338     4.398
n7262.out[0] (.names)                                                              0.261     4.659
n7261_1.in[2] (.names)                                                             1.338     5.997
n7261_1.out[0] (.names)                                                            0.261     6.258
n7260_1.in[4] (.names)                                                             1.338     7.596
n7260_1.out[0] (.names)                                                            0.261     7.857
n7266_1.in[2] (.names)                                                             1.338     9.195
n7266_1.out[0] (.names)                                                            0.261     9.456
n7265_1.in[4] (.names)                                                             1.338    10.793
n7265_1.out[0] (.names)                                                            0.261    11.054
n7259.in[3] (.names)                                                               1.338    12.392
n7259.out[0] (.names)                                                              0.261    12.653
n7258.in[4] (.names)                                                               1.338    13.991
n7258.out[0] (.names)                                                              0.261    14.252
n1915.in[2] (.names)                                                               1.338    15.590
n1915.out[0] (.names)                                                              0.261    15.851
top.boundcontroller+boundcont10^FF_NODE~2580.D[0] (.latch)                         1.338    17.188
data arrival time                                                                           17.188

clock top^tm3_clk_v0 (rise edge)                                                   0.000     0.000
clock source latency                                                               0.000     0.000
top^tm3_clk_v0.inpad[0] (.input)                                                   0.000     0.000
top.boundcontroller+boundcont10^FF_NODE~2580.clk[0] (.latch)                       1.338     1.338
clock uncertainty                                                                  0.000     1.338
cell setup time                                                                   -0.066     1.272
data required time                                                                           1.272
--------------------------------------------------------------------------------------------------
data required time                                                                           1.272
data arrival time                                                                          -17.188
--------------------------------------------------------------------------------------------------
slack (VIOLATED)                                                                           -15.917


#Path 77
Startpoint: top.boundcontroller+boundcont10^FF_NODE~2457.Q[0] (.latch clocked by top^tm3_clk_v0)
Endpoint  : top.boundcontroller+boundcont10^FF_NODE~2579.D[0] (.latch clocked by top^tm3_clk_v0)
Path Type : setup

Point                                                                               Incr      Path
--------------------------------------------------------------------------------------------------
clock top^tm3_clk_v0 (rise edge)                                                   0.000     0.000
clock source latency                                                               0.000     0.000
top^tm3_clk_v0.inpad[0] (.input)                                                   0.000     0.000
top.boundcontroller+boundcont10^FF_NODE~2457.clk[0] (.latch)                       1.338     1.338
top.boundcontroller+boundcont10^FF_NODE~2457.Q[0] (.latch) [clock-to-output]       0.124     1.462
n7263.in[0] (.names)                                                               1.338     2.800
n7263.out[0] (.names)                                                              0.261     3.061
n7262.in[4] (.names)                                                               1.338     4.398
n7262.out[0] (.names)                                                              0.261     4.659
n7261_1.in[2] (.names)                                                             1.338     5.997
n7261_1.out[0] (.names)                                                            0.261     6.258
n7260_1.in[4] (.names)                                                             1.338     7.596
n7260_1.out[0] (.names)                                                            0.261     7.857
n7266_1.in[2] (.names)                                                             1.338     9.195
n7266_1.out[0] (.names)                                                            0.261     9.456
n7265_1.in[4] (.names)                                                             1.338    10.793
n7265_1.out[0] (.names)                                                            0.261    11.054
n7259.in[3] (.names)                                                               1.338    12.392
n7259.out[0] (.names)                                                              0.261    12.653
n7258.in[4] (.names)                                                               1.338    13.991
n7258.out[0] (.names)                                                              0.261    14.252
n1845.in[2] (.names)                                                               1.338    15.590
n1845.out[0] (.names)                                                              0.261    15.851
top.boundcontroller+boundcont10^FF_NODE~2579.D[0] (.latch)                         1.338    17.188
data arrival time                                                                           17.188

clock top^tm3_clk_v0 (rise edge)                                                   0.000     0.000
clock source latency                                                               0.000     0.000
top^tm3_clk_v0.inpad[0] (.input)                                                   0.000     0.000
top.boundcontroller+boundcont10^FF_NODE~2579.clk[0] (.latch)                       1.338     1.338
clock uncertainty                                                                  0.000     1.338
cell setup time                                                                   -0.066     1.272
data required time                                                                           1.272
--------------------------------------------------------------------------------------------------
data required time                                                                           1.272
data arrival time                                                                          -17.188
--------------------------------------------------------------------------------------------------
slack (VIOLATED)                                                                           -15.917


#Path 78
Startpoint: top.listhandler+lh02^FF_NODE~4792.Q[0] (.latch clocked by top^tm3_clk_v0)
Endpoint  : top.listhandler+lh02.spram+ram^FF_NODE~4685.D[0] (.latch clocked by top^tm3_clk_v0)
Path Type : setup

Point                                                                              Incr      Path
-------------------------------------------------------------------------------------------------
clock top^tm3_clk_v0 (rise edge)                                                  0.000     0.000
clock source latency                                                              0.000     0.000
top^tm3_clk_v0.inpad[0] (.input)                                                  0.000     0.000
top.listhandler+lh02^FF_NODE~4792.clk[0] (.latch)                                 1.338     1.338
top.listhandler+lh02^FF_NODE~4792.Q[0] (.latch) [clock-to-output]                 0.124     1.462
n7310_1.in[0] (.names)                                                            1.338     2.800
n7310_1.out[0] (.names)                                                           0.261     3.061
n7492.in[3] (.names)                                                              1.338     4.398
n7492.out[0] (.names)                                                             0.261     4.659
n7491_1.in[5] (.names)                                                            1.338     5.997
n7491_1.out[0] (.names)                                                           0.261     6.258
n7489.in[3] (.names)                                                              1.338     7.596
n7489.out[0] (.names)                                                             0.261     7.857
n7576_1.in[2] (.names)                                                            1.338     9.195
n7576_1.out[0] (.names)                                                           0.261     9.456
n7595_1.in[3] (.names)                                                            1.338    10.793
n7595_1.out[0] (.names)                                                           0.261    11.054
n7618.in[2] (.names)                                                              1.338    12.392
n7618.out[0] (.names)                                                             0.261    12.653
n7637.in[3] (.names)                                                              1.338    13.991
n7637.out[0] (.names)                                                             0.261    14.252
n2630.in[4] (.names)                                                              1.338    15.590
n2630.out[0] (.names)                                                             0.261    15.851
top.listhandler+lh02.spram+ram^FF_NODE~4685.D[0] (.latch)                         1.338    17.188
data arrival time                                                                          17.188

clock top^tm3_clk_v0 (rise edge)                                                  0.000     0.000
clock source latency                                                              0.000     0.000
top^tm3_clk_v0.inpad[0] (.input)                                                  0.000     0.000
top.listhandler+lh02.spram+ram^FF_NODE~4685.clk[0] (.latch)                       1.338     1.338
clock uncertainty                                                                 0.000     1.338
cell setup time                                                                  -0.066     1.272
data required time                                                                          1.272
-------------------------------------------------------------------------------------------------
data required time                                                                          1.272
data arrival time                                                                         -17.188
-------------------------------------------------------------------------------------------------
slack (VIOLATED)                                                                          -15.917


#Path 79
Startpoint: top.listhandler+lh02^FF_NODE~4792.Q[0] (.latch clocked by top^tm3_clk_v0)
Endpoint  : top.listhandler+lh02.spram+ram^FF_NODE~4684.D[0] (.latch clocked by top^tm3_clk_v0)
Path Type : setup

Point                                                                              Incr      Path
-------------------------------------------------------------------------------------------------
clock top^tm3_clk_v0 (rise edge)                                                  0.000     0.000
clock source latency                                                              0.000     0.000
top^tm3_clk_v0.inpad[0] (.input)                                                  0.000     0.000
top.listhandler+lh02^FF_NODE~4792.clk[0] (.latch)                                 1.338     1.338
top.listhandler+lh02^FF_NODE~4792.Q[0] (.latch) [clock-to-output]                 0.124     1.462
n7310_1.in[0] (.names)                                                            1.338     2.800
n7310_1.out[0] (.names)                                                           0.261     3.061
n7492.in[3] (.names)                                                              1.338     4.398
n7492.out[0] (.names)                                                             0.261     4.659
n7491_1.in[5] (.names)                                                            1.338     5.997
n7491_1.out[0] (.names)                                                           0.261     6.258
n7489.in[3] (.names)                                                              1.338     7.596
n7489.out[0] (.names)                                                             0.261     7.857
n7576_1.in[2] (.names)                                                            1.338     9.195
n7576_1.out[0] (.names)                                                           0.261     9.456
n7595_1.in[3] (.names)                                                            1.338    10.793
n7595_1.out[0] (.names)                                                           0.261    11.054
n7618.in[2] (.names)                                                              1.338    12.392
n7618.out[0] (.names)                                                             0.261    12.653
n7626_1.in[3] (.names)                                                            1.338    13.991
n7626_1.out[0] (.names)                                                           0.261    14.252
n2620.in[1] (.names)                                                              1.338    15.590
n2620.out[0] (.names)                                                             0.261    15.851
top.listhandler+lh02.spram+ram^FF_NODE~4684.D[0] (.latch)                         1.338    17.188
data arrival time                                                                          17.188

clock top^tm3_clk_v0 (rise edge)                                                  0.000     0.000
clock source latency                                                              0.000     0.000
top^tm3_clk_v0.inpad[0] (.input)                                                  0.000     0.000
top.listhandler+lh02.spram+ram^FF_NODE~4684.clk[0] (.latch)                       1.338     1.338
clock uncertainty                                                                 0.000     1.338
cell setup time                                                                  -0.066     1.272
data required time                                                                          1.272
-------------------------------------------------------------------------------------------------
data required time                                                                          1.272
data arrival time                                                                         -17.188
-------------------------------------------------------------------------------------------------
slack (VIOLATED)                                                                          -15.917


#Path 80
Startpoint: top.listhandler+lh02^FF_NODE~4792.Q[0] (.latch clocked by top^tm3_clk_v0)
Endpoint  : top.listhandler+lh02.spram+ram^FF_NODE~4693.D[0] (.latch clocked by top^tm3_clk_v0)
Path Type : setup

Point                                                                              Incr      Path
-------------------------------------------------------------------------------------------------
clock top^tm3_clk_v0 (rise edge)                                                  0.000     0.000
clock source latency                                                              0.000     0.000
top^tm3_clk_v0.inpad[0] (.input)                                                  0.000     0.000
top.listhandler+lh02^FF_NODE~4792.clk[0] (.latch)                                 1.338     1.338
top.listhandler+lh02^FF_NODE~4792.Q[0] (.latch) [clock-to-output]                 0.124     1.462
n7310_1.in[0] (.names)                                                            1.338     2.800
n7310_1.out[0] (.names)                                                           0.261     3.061
n7492.in[3] (.names)                                                              1.338     4.398
n7492.out[0] (.names)                                                             0.261     4.659
n7491_1.in[5] (.names)                                                            1.338     5.997
n7491_1.out[0] (.names)                                                           0.261     6.258
n7489.in[3] (.names)                                                              1.338     7.596
n7489.out[0] (.names)                                                             0.261     7.857
n7576_1.in[2] (.names)                                                            1.338     9.195
n7576_1.out[0] (.names)                                                           0.261     9.456
n7595_1.in[3] (.names)                                                            1.338    10.793
n7595_1.out[0] (.names)                                                           0.261    11.054
n7603.in[1] (.names)                                                              1.338    12.392
n7603.out[0] (.names)                                                             0.261    12.653
n7610_1.in[1] (.names)                                                            1.338    13.991
n7610_1.out[0] (.names)                                                           0.261    14.252
n2600.in[2] (.names)                                                              1.338    15.590
n2600.out[0] (.names)                                                             0.261    15.851
top.listhandler+lh02.spram+ram^FF_NODE~4693.D[0] (.latch)                         1.338    17.188
data arrival time                                                                          17.188

clock top^tm3_clk_v0 (rise edge)                                                  0.000     0.000
clock source latency                                                              0.000     0.000
top^tm3_clk_v0.inpad[0] (.input)                                                  0.000     0.000
top.listhandler+lh02.spram+ram^FF_NODE~4693.clk[0] (.latch)                       1.338     1.338
clock uncertainty                                                                 0.000     1.338
cell setup time                                                                  -0.066     1.272
data required time                                                                          1.272
-------------------------------------------------------------------------------------------------
data required time                                                                          1.272
data arrival time                                                                         -17.188
-------------------------------------------------------------------------------------------------
slack (VIOLATED)                                                                          -15.917


#Path 81
Startpoint: top.sortedstack+st^FF_NODE~4181.Q[0] (.latch clocked by top^tm3_clk_v0)
Endpoint  : top.sortedstack+st^FF_NODE~4225.D[0] (.latch clocked by top^tm3_clk_v0)
Path Type : setup

Point                                                                  Incr      Path
-------------------------------------------------------------------------------------
clock top^tm3_clk_v0 (rise edge)                                      0.000     0.000
clock source latency                                                  0.000     0.000
top^tm3_clk_v0.inpad[0] (.input)                                      0.000     0.000
top.sortedstack+st^FF_NODE~4181.clk[0] (.latch)                       1.338     1.338
top.sortedstack+st^FF_NODE~4181.Q[0] (.latch) [clock-to-output]       0.124     1.462
n7691_1.in[0] (.names)                                                1.338     2.800
n7691_1.out[0] (.names)                                               0.261     3.061
n7690_1.in[4] (.names)                                                1.338     4.398
n7690_1.out[0] (.names)                                               0.261     4.659
n7688.in[5] (.names)                                                  1.338     5.997
n7688.out[0] (.names)                                                 0.261     6.258
n7687.in[4] (.names)                                                  1.338     7.596
n7687.out[0] (.names)                                                 0.261     7.857
n7686_1.in[4] (.names)                                                1.338     9.195
n7686_1.out[0] (.names)                                               0.261     9.456
n7685_1.in[0] (.names)                                                1.338    10.793
n7685_1.out[0] (.names)                                               0.261    11.054
n7684.in[0] (.names)                                                  1.338    12.392
n7684.out[0] (.names)                                                 0.261    12.653
n7882.in[0] (.names)                                                  1.338    13.991
n7882.out[0] (.names)                                                 0.261    14.252
n8205.in[2] (.names)                                                  1.338    15.590
n8205.out[0] (.names)                                                 0.261    15.851
top.sortedstack+st^FF_NODE~4225.D[0] (.latch)                         1.338    17.188
data arrival time                                                              17.188

clock top^tm3_clk_v0 (rise edge)                                      0.000     0.000
clock source latency                                                  0.000     0.000
top^tm3_clk_v0.inpad[0] (.input)                                      0.000     0.000
top.sortedstack+st^FF_NODE~4225.clk[0] (.latch)                       1.338     1.338
clock uncertainty                                                     0.000     1.338
cell setup time                                                      -0.066     1.272
data required time                                                              1.272
-------------------------------------------------------------------------------------
data required time                                                              1.272
data arrival time                                                             -17.188
-------------------------------------------------------------------------------------
slack (VIOLATED)                                                              -15.917


#Path 82
Startpoint: top.sortedstack+st^FF_NODE~4181.Q[0] (.latch clocked by top^tm3_clk_v0)
Endpoint  : top.sortedstack+st^FF_NODE~4237.D[0] (.latch clocked by top^tm3_clk_v0)
Path Type : setup

Point                                                                  Incr      Path
-------------------------------------------------------------------------------------
clock top^tm3_clk_v0 (rise edge)                                      0.000     0.000
clock source latency                                                  0.000     0.000
top^tm3_clk_v0.inpad[0] (.input)                                      0.000     0.000
top.sortedstack+st^FF_NODE~4181.clk[0] (.latch)                       1.338     1.338
top.sortedstack+st^FF_NODE~4181.Q[0] (.latch) [clock-to-output]       0.124     1.462
n7691_1.in[0] (.names)                                                1.338     2.800
n7691_1.out[0] (.names)                                               0.261     3.061
n7690_1.in[4] (.names)                                                1.338     4.398
n7690_1.out[0] (.names)                                               0.261     4.659
n7688.in[5] (.names)                                                  1.338     5.997
n7688.out[0] (.names)                                                 0.261     6.258
n7687.in[4] (.names)                                                  1.338     7.596
n7687.out[0] (.names)                                                 0.261     7.857
n7686_1.in[4] (.names)                                                1.338     9.195
n7686_1.out[0] (.names)                                               0.261     9.456
n7685_1.in[0] (.names)                                                1.338    10.793
n7685_1.out[0] (.names)                                               0.261    11.054
n7684.in[0] (.names)                                                  1.338    12.392
n7684.out[0] (.names)                                                 0.261    12.653
n7882.in[0] (.names)                                                  1.338    13.991
n7882.out[0] (.names)                                                 0.261    14.252
n8565.in[2] (.names)                                                  1.338    15.590
n8565.out[0] (.names)                                                 0.261    15.851
top.sortedstack+st^FF_NODE~4237.D[0] (.latch)                         1.338    17.188
data arrival time                                                              17.188

clock top^tm3_clk_v0 (rise edge)                                      0.000     0.000
clock source latency                                                  0.000     0.000
top^tm3_clk_v0.inpad[0] (.input)                                      0.000     0.000
top.sortedstack+st^FF_NODE~4237.clk[0] (.latch)                       1.338     1.338
clock uncertainty                                                     0.000     1.338
cell setup time                                                      -0.066     1.272
data required time                                                              1.272
-------------------------------------------------------------------------------------
data required time                                                              1.272
data arrival time                                                             -17.188
-------------------------------------------------------------------------------------
slack (VIOLATED)                                                              -15.917


#Path 83
Startpoint: top.sortedstack+st^FF_NODE~4181.Q[0] (.latch clocked by top^tm3_clk_v0)
Endpoint  : top.sortedstack+st^FF_NODE~4236.D[0] (.latch clocked by top^tm3_clk_v0)
Path Type : setup

Point                                                                  Incr      Path
-------------------------------------------------------------------------------------
clock top^tm3_clk_v0 (rise edge)                                      0.000     0.000
clock source latency                                                  0.000     0.000
top^tm3_clk_v0.inpad[0] (.input)                                      0.000     0.000
top.sortedstack+st^FF_NODE~4181.clk[0] (.latch)                       1.338     1.338
top.sortedstack+st^FF_NODE~4181.Q[0] (.latch) [clock-to-output]       0.124     1.462
n7691_1.in[0] (.names)                                                1.338     2.800
n7691_1.out[0] (.names)                                               0.261     3.061
n7690_1.in[4] (.names)                                                1.338     4.398
n7690_1.out[0] (.names)                                               0.261     4.659
n7688.in[5] (.names)                                                  1.338     5.997
n7688.out[0] (.names)                                                 0.261     6.258
n7687.in[4] (.names)                                                  1.338     7.596
n7687.out[0] (.names)                                                 0.261     7.857
n7686_1.in[4] (.names)                                                1.338     9.195
n7686_1.out[0] (.names)                                               0.261     9.456
n7685_1.in[0] (.names)                                                1.338    10.793
n7685_1.out[0] (.names)                                               0.261    11.054
n7684.in[0] (.names)                                                  1.338    12.392
n7684.out[0] (.names)                                                 0.261    12.653
n7882.in[0] (.names)                                                  1.338    13.991
n7882.out[0] (.names)                                                 0.261    14.252
n8535.in[2] (.names)                                                  1.338    15.590
n8535.out[0] (.names)                                                 0.261    15.851
top.sortedstack+st^FF_NODE~4236.D[0] (.latch)                         1.338    17.188
data arrival time                                                              17.188

clock top^tm3_clk_v0 (rise edge)                                      0.000     0.000
clock source latency                                                  0.000     0.000
top^tm3_clk_v0.inpad[0] (.input)                                      0.000     0.000
top.sortedstack+st^FF_NODE~4236.clk[0] (.latch)                       1.338     1.338
clock uncertainty                                                     0.000     1.338
cell setup time                                                      -0.066     1.272
data required time                                                              1.272
-------------------------------------------------------------------------------------
data required time                                                              1.272
data arrival time                                                             -17.188
-------------------------------------------------------------------------------------
slack (VIOLATED)                                                              -15.917


#Path 84
Startpoint: top.sortedstack+st^FF_NODE~4181.Q[0] (.latch clocked by top^tm3_clk_v0)
Endpoint  : top.sortedstack+st^FF_NODE~4235.D[0] (.latch clocked by top^tm3_clk_v0)
Path Type : setup

Point                                                                  Incr      Path
-------------------------------------------------------------------------------------
clock top^tm3_clk_v0 (rise edge)                                      0.000     0.000
clock source latency                                                  0.000     0.000
top^tm3_clk_v0.inpad[0] (.input)                                      0.000     0.000
top.sortedstack+st^FF_NODE~4181.clk[0] (.latch)                       1.338     1.338
top.sortedstack+st^FF_NODE~4181.Q[0] (.latch) [clock-to-output]       0.124     1.462
n7691_1.in[0] (.names)                                                1.338     2.800
n7691_1.out[0] (.names)                                               0.261     3.061
n7690_1.in[4] (.names)                                                1.338     4.398
n7690_1.out[0] (.names)                                               0.261     4.659
n7688.in[5] (.names)                                                  1.338     5.997
n7688.out[0] (.names)                                                 0.261     6.258
n7687.in[4] (.names)                                                  1.338     7.596
n7687.out[0] (.names)                                                 0.261     7.857
n7686_1.in[4] (.names)                                                1.338     9.195
n7686_1.out[0] (.names)                                               0.261     9.456
n7685_1.in[0] (.names)                                                1.338    10.793
n7685_1.out[0] (.names)                                               0.261    11.054
n7684.in[0] (.names)                                                  1.338    12.392
n7684.out[0] (.names)                                                 0.261    12.653
n7882.in[0] (.names)                                                  1.338    13.991
n7882.out[0] (.names)                                                 0.261    14.252
n8505.in[2] (.names)                                                  1.338    15.590
n8505.out[0] (.names)                                                 0.261    15.851
top.sortedstack+st^FF_NODE~4235.D[0] (.latch)                         1.338    17.188
data arrival time                                                              17.188

clock top^tm3_clk_v0 (rise edge)                                      0.000     0.000
clock source latency                                                  0.000     0.000
top^tm3_clk_v0.inpad[0] (.input)                                      0.000     0.000
top.sortedstack+st^FF_NODE~4235.clk[0] (.latch)                       1.338     1.338
clock uncertainty                                                     0.000     1.338
cell setup time                                                      -0.066     1.272
data required time                                                              1.272
-------------------------------------------------------------------------------------
data required time                                                              1.272
data arrival time                                                             -17.188
-------------------------------------------------------------------------------------
slack (VIOLATED)                                                              -15.917


#Path 85
Startpoint: top.sortedstack+st^FF_NODE~4181.Q[0] (.latch clocked by top^tm3_clk_v0)
Endpoint  : top.sortedstack+st^FF_NODE~4234.D[0] (.latch clocked by top^tm3_clk_v0)
Path Type : setup

Point                                                                  Incr      Path
-------------------------------------------------------------------------------------
clock top^tm3_clk_v0 (rise edge)                                      0.000     0.000
clock source latency                                                  0.000     0.000
top^tm3_clk_v0.inpad[0] (.input)                                      0.000     0.000
top.sortedstack+st^FF_NODE~4181.clk[0] (.latch)                       1.338     1.338
top.sortedstack+st^FF_NODE~4181.Q[0] (.latch) [clock-to-output]       0.124     1.462
n7691_1.in[0] (.names)                                                1.338     2.800
n7691_1.out[0] (.names)                                               0.261     3.061
n7690_1.in[4] (.names)                                                1.338     4.398
n7690_1.out[0] (.names)                                               0.261     4.659
n7688.in[5] (.names)                                                  1.338     5.997
n7688.out[0] (.names)                                                 0.261     6.258
n7687.in[4] (.names)                                                  1.338     7.596
n7687.out[0] (.names)                                                 0.261     7.857
n7686_1.in[4] (.names)                                                1.338     9.195
n7686_1.out[0] (.names)                                               0.261     9.456
n7685_1.in[0] (.names)                                                1.338    10.793
n7685_1.out[0] (.names)                                               0.261    11.054
n7684.in[0] (.names)                                                  1.338    12.392
n7684.out[0] (.names)                                                 0.261    12.653
n7882.in[0] (.names)                                                  1.338    13.991
n7882.out[0] (.names)                                                 0.261    14.252
n8475.in[2] (.names)                                                  1.338    15.590
n8475.out[0] (.names)                                                 0.261    15.851
top.sortedstack+st^FF_NODE~4234.D[0] (.latch)                         1.338    17.188
data arrival time                                                              17.188

clock top^tm3_clk_v0 (rise edge)                                      0.000     0.000
clock source latency                                                  0.000     0.000
top^tm3_clk_v0.inpad[0] (.input)                                      0.000     0.000
top.sortedstack+st^FF_NODE~4234.clk[0] (.latch)                       1.338     1.338
clock uncertainty                                                     0.000     1.338
cell setup time                                                      -0.066     1.272
data required time                                                              1.272
-------------------------------------------------------------------------------------
data required time                                                              1.272
data arrival time                                                             -17.188
-------------------------------------------------------------------------------------
slack (VIOLATED)                                                              -15.917


#Path 86
Startpoint: top.sortedstack+st^FF_NODE~4181.Q[0] (.latch clocked by top^tm3_clk_v0)
Endpoint  : top.sortedstack+st^FF_NODE~4233.D[0] (.latch clocked by top^tm3_clk_v0)
Path Type : setup

Point                                                                  Incr      Path
-------------------------------------------------------------------------------------
clock top^tm3_clk_v0 (rise edge)                                      0.000     0.000
clock source latency                                                  0.000     0.000
top^tm3_clk_v0.inpad[0] (.input)                                      0.000     0.000
top.sortedstack+st^FF_NODE~4181.clk[0] (.latch)                       1.338     1.338
top.sortedstack+st^FF_NODE~4181.Q[0] (.latch) [clock-to-output]       0.124     1.462
n7691_1.in[0] (.names)                                                1.338     2.800
n7691_1.out[0] (.names)                                               0.261     3.061
n7690_1.in[4] (.names)                                                1.338     4.398
n7690_1.out[0] (.names)                                               0.261     4.659
n7688.in[5] (.names)                                                  1.338     5.997
n7688.out[0] (.names)                                                 0.261     6.258
n7687.in[4] (.names)                                                  1.338     7.596
n7687.out[0] (.names)                                                 0.261     7.857
n7686_1.in[4] (.names)                                                1.338     9.195
n7686_1.out[0] (.names)                                               0.261     9.456
n7685_1.in[0] (.names)                                                1.338    10.793
n7685_1.out[0] (.names)                                               0.261    11.054
n7684.in[0] (.names)                                                  1.338    12.392
n7684.out[0] (.names)                                                 0.261    12.653
n7882.in[0] (.names)                                                  1.338    13.991
n7882.out[0] (.names)                                                 0.261    14.252
n8445.in[2] (.names)                                                  1.338    15.590
n8445.out[0] (.names)                                                 0.261    15.851
top.sortedstack+st^FF_NODE~4233.D[0] (.latch)                         1.338    17.188
data arrival time                                                              17.188

clock top^tm3_clk_v0 (rise edge)                                      0.000     0.000
clock source latency                                                  0.000     0.000
top^tm3_clk_v0.inpad[0] (.input)                                      0.000     0.000
top.sortedstack+st^FF_NODE~4233.clk[0] (.latch)                       1.338     1.338
clock uncertainty                                                     0.000     1.338
cell setup time                                                      -0.066     1.272
data required time                                                              1.272
-------------------------------------------------------------------------------------
data required time                                                              1.272
data arrival time                                                             -17.188
-------------------------------------------------------------------------------------
slack (VIOLATED)                                                              -15.917


#Path 87
Startpoint: top.sortedstack+st^FF_NODE~4181.Q[0] (.latch clocked by top^tm3_clk_v0)
Endpoint  : top.sortedstack+st^FF_NODE~4232.D[0] (.latch clocked by top^tm3_clk_v0)
Path Type : setup

Point                                                                  Incr      Path
-------------------------------------------------------------------------------------
clock top^tm3_clk_v0 (rise edge)                                      0.000     0.000
clock source latency                                                  0.000     0.000
top^tm3_clk_v0.inpad[0] (.input)                                      0.000     0.000
top.sortedstack+st^FF_NODE~4181.clk[0] (.latch)                       1.338     1.338
top.sortedstack+st^FF_NODE~4181.Q[0] (.latch) [clock-to-output]       0.124     1.462
n7691_1.in[0] (.names)                                                1.338     2.800
n7691_1.out[0] (.names)                                               0.261     3.061
n7690_1.in[4] (.names)                                                1.338     4.398
n7690_1.out[0] (.names)                                               0.261     4.659
n7688.in[5] (.names)                                                  1.338     5.997
n7688.out[0] (.names)                                                 0.261     6.258
n7687.in[4] (.names)                                                  1.338     7.596
n7687.out[0] (.names)                                                 0.261     7.857
n7686_1.in[4] (.names)                                                1.338     9.195
n7686_1.out[0] (.names)                                               0.261     9.456
n7685_1.in[0] (.names)                                                1.338    10.793
n7685_1.out[0] (.names)                                               0.261    11.054
n7684.in[0] (.names)                                                  1.338    12.392
n7684.out[0] (.names)                                                 0.261    12.653
n7882.in[0] (.names)                                                  1.338    13.991
n7882.out[0] (.names)                                                 0.261    14.252
n8415.in[2] (.names)                                                  1.338    15.590
n8415.out[0] (.names)                                                 0.261    15.851
top.sortedstack+st^FF_NODE~4232.D[0] (.latch)                         1.338    17.188
data arrival time                                                              17.188

clock top^tm3_clk_v0 (rise edge)                                      0.000     0.000
clock source latency                                                  0.000     0.000
top^tm3_clk_v0.inpad[0] (.input)                                      0.000     0.000
top.sortedstack+st^FF_NODE~4232.clk[0] (.latch)                       1.338     1.338
clock uncertainty                                                     0.000     1.338
cell setup time                                                      -0.066     1.272
data required time                                                              1.272
-------------------------------------------------------------------------------------
data required time                                                              1.272
data arrival time                                                             -17.188
-------------------------------------------------------------------------------------
slack (VIOLATED)                                                              -15.917


#Path 88
Startpoint: top.sortedstack+st^FF_NODE~4181.Q[0] (.latch clocked by top^tm3_clk_v0)
Endpoint  : top.sortedstack+st^FF_NODE~4231.D[0] (.latch clocked by top^tm3_clk_v0)
Path Type : setup

Point                                                                  Incr      Path
-------------------------------------------------------------------------------------
clock top^tm3_clk_v0 (rise edge)                                      0.000     0.000
clock source latency                                                  0.000     0.000
top^tm3_clk_v0.inpad[0] (.input)                                      0.000     0.000
top.sortedstack+st^FF_NODE~4181.clk[0] (.latch)                       1.338     1.338
top.sortedstack+st^FF_NODE~4181.Q[0] (.latch) [clock-to-output]       0.124     1.462
n7691_1.in[0] (.names)                                                1.338     2.800
n7691_1.out[0] (.names)                                               0.261     3.061
n7690_1.in[4] (.names)                                                1.338     4.398
n7690_1.out[0] (.names)                                               0.261     4.659
n7688.in[5] (.names)                                                  1.338     5.997
n7688.out[0] (.names)                                                 0.261     6.258
n7687.in[4] (.names)                                                  1.338     7.596
n7687.out[0] (.names)                                                 0.261     7.857
n7686_1.in[4] (.names)                                                1.338     9.195
n7686_1.out[0] (.names)                                               0.261     9.456
n7685_1.in[0] (.names)                                                1.338    10.793
n7685_1.out[0] (.names)                                               0.261    11.054
n7684.in[0] (.names)                                                  1.338    12.392
n7684.out[0] (.names)                                                 0.261    12.653
n7882.in[0] (.names)                                                  1.338    13.991
n7882.out[0] (.names)                                                 0.261    14.252
n8385.in[2] (.names)                                                  1.338    15.590
n8385.out[0] (.names)                                                 0.261    15.851
top.sortedstack+st^FF_NODE~4231.D[0] (.latch)                         1.338    17.188
data arrival time                                                              17.188

clock top^tm3_clk_v0 (rise edge)                                      0.000     0.000
clock source latency                                                  0.000     0.000
top^tm3_clk_v0.inpad[0] (.input)                                      0.000     0.000
top.sortedstack+st^FF_NODE~4231.clk[0] (.latch)                       1.338     1.338
clock uncertainty                                                     0.000     1.338
cell setup time                                                      -0.066     1.272
data required time                                                              1.272
-------------------------------------------------------------------------------------
data required time                                                              1.272
data arrival time                                                             -17.188
-------------------------------------------------------------------------------------
slack (VIOLATED)                                                              -15.917


#Path 89
Startpoint: top.sortedstack+st^FF_NODE~4181.Q[0] (.latch clocked by top^tm3_clk_v0)
Endpoint  : top.sortedstack+st^FF_NODE~4230.D[0] (.latch clocked by top^tm3_clk_v0)
Path Type : setup

Point                                                                  Incr      Path
-------------------------------------------------------------------------------------
clock top^tm3_clk_v0 (rise edge)                                      0.000     0.000
clock source latency                                                  0.000     0.000
top^tm3_clk_v0.inpad[0] (.input)                                      0.000     0.000
top.sortedstack+st^FF_NODE~4181.clk[0] (.latch)                       1.338     1.338
top.sortedstack+st^FF_NODE~4181.Q[0] (.latch) [clock-to-output]       0.124     1.462
n7691_1.in[0] (.names)                                                1.338     2.800
n7691_1.out[0] (.names)                                               0.261     3.061
n7690_1.in[4] (.names)                                                1.338     4.398
n7690_1.out[0] (.names)                                               0.261     4.659
n7688.in[5] (.names)                                                  1.338     5.997
n7688.out[0] (.names)                                                 0.261     6.258
n7687.in[4] (.names)                                                  1.338     7.596
n7687.out[0] (.names)                                                 0.261     7.857
n7686_1.in[4] (.names)                                                1.338     9.195
n7686_1.out[0] (.names)                                               0.261     9.456
n7685_1.in[0] (.names)                                                1.338    10.793
n7685_1.out[0] (.names)                                               0.261    11.054
n7684.in[0] (.names)                                                  1.338    12.392
n7684.out[0] (.names)                                                 0.261    12.653
n7882.in[0] (.names)                                                  1.338    13.991
n7882.out[0] (.names)                                                 0.261    14.252
n8355.in[2] (.names)                                                  1.338    15.590
n8355.out[0] (.names)                                                 0.261    15.851
top.sortedstack+st^FF_NODE~4230.D[0] (.latch)                         1.338    17.188
data arrival time                                                              17.188

clock top^tm3_clk_v0 (rise edge)                                      0.000     0.000
clock source latency                                                  0.000     0.000
top^tm3_clk_v0.inpad[0] (.input)                                      0.000     0.000
top.sortedstack+st^FF_NODE~4230.clk[0] (.latch)                       1.338     1.338
clock uncertainty                                                     0.000     1.338
cell setup time                                                      -0.066     1.272
data required time                                                              1.272
-------------------------------------------------------------------------------------
data required time                                                              1.272
data arrival time                                                             -17.188
-------------------------------------------------------------------------------------
slack (VIOLATED)                                                              -15.917


#Path 90
Startpoint: top.sortedstack+st^FF_NODE~4181.Q[0] (.latch clocked by top^tm3_clk_v0)
Endpoint  : top.sortedstack+st^FF_NODE~4229.D[0] (.latch clocked by top^tm3_clk_v0)
Path Type : setup

Point                                                                  Incr      Path
-------------------------------------------------------------------------------------
clock top^tm3_clk_v0 (rise edge)                                      0.000     0.000
clock source latency                                                  0.000     0.000
top^tm3_clk_v0.inpad[0] (.input)                                      0.000     0.000
top.sortedstack+st^FF_NODE~4181.clk[0] (.latch)                       1.338     1.338
top.sortedstack+st^FF_NODE~4181.Q[0] (.latch) [clock-to-output]       0.124     1.462
n7691_1.in[0] (.names)                                                1.338     2.800
n7691_1.out[0] (.names)                                               0.261     3.061
n7690_1.in[4] (.names)                                                1.338     4.398
n7690_1.out[0] (.names)                                               0.261     4.659
n7688.in[5] (.names)                                                  1.338     5.997
n7688.out[0] (.names)                                                 0.261     6.258
n7687.in[4] (.names)                                                  1.338     7.596
n7687.out[0] (.names)                                                 0.261     7.857
n7686_1.in[4] (.names)                                                1.338     9.195
n7686_1.out[0] (.names)                                               0.261     9.456
n7685_1.in[0] (.names)                                                1.338    10.793
n7685_1.out[0] (.names)                                               0.261    11.054
n7684.in[0] (.names)                                                  1.338    12.392
n7684.out[0] (.names)                                                 0.261    12.653
n7882.in[0] (.names)                                                  1.338    13.991
n7882.out[0] (.names)                                                 0.261    14.252
n8325.in[2] (.names)                                                  1.338    15.590
n8325.out[0] (.names)                                                 0.261    15.851
top.sortedstack+st^FF_NODE~4229.D[0] (.latch)                         1.338    17.188
data arrival time                                                              17.188

clock top^tm3_clk_v0 (rise edge)                                      0.000     0.000
clock source latency                                                  0.000     0.000
top^tm3_clk_v0.inpad[0] (.input)                                      0.000     0.000
top.sortedstack+st^FF_NODE~4229.clk[0] (.latch)                       1.338     1.338
clock uncertainty                                                     0.000     1.338
cell setup time                                                      -0.066     1.272
data required time                                                              1.272
-------------------------------------------------------------------------------------
data required time                                                              1.272
data arrival time                                                             -17.188
-------------------------------------------------------------------------------------
slack (VIOLATED)                                                              -15.917


#Path 91
Startpoint: top.sortedstack+st^FF_NODE~4181.Q[0] (.latch clocked by top^tm3_clk_v0)
Endpoint  : top.sortedstack+st^FF_NODE~4228.D[0] (.latch clocked by top^tm3_clk_v0)
Path Type : setup

Point                                                                  Incr      Path
-------------------------------------------------------------------------------------
clock top^tm3_clk_v0 (rise edge)                                      0.000     0.000
clock source latency                                                  0.000     0.000
top^tm3_clk_v0.inpad[0] (.input)                                      0.000     0.000
top.sortedstack+st^FF_NODE~4181.clk[0] (.latch)                       1.338     1.338
top.sortedstack+st^FF_NODE~4181.Q[0] (.latch) [clock-to-output]       0.124     1.462
n7691_1.in[0] (.names)                                                1.338     2.800
n7691_1.out[0] (.names)                                               0.261     3.061
n7690_1.in[4] (.names)                                                1.338     4.398
n7690_1.out[0] (.names)                                               0.261     4.659
n7688.in[5] (.names)                                                  1.338     5.997
n7688.out[0] (.names)                                                 0.261     6.258
n7687.in[4] (.names)                                                  1.338     7.596
n7687.out[0] (.names)                                                 0.261     7.857
n7686_1.in[4] (.names)                                                1.338     9.195
n7686_1.out[0] (.names)                                               0.261     9.456
n7685_1.in[0] (.names)                                                1.338    10.793
n7685_1.out[0] (.names)                                               0.261    11.054
n7684.in[0] (.names)                                                  1.338    12.392
n7684.out[0] (.names)                                                 0.261    12.653
n7882.in[0] (.names)                                                  1.338    13.991
n7882.out[0] (.names)                                                 0.261    14.252
n8295.in[2] (.names)                                                  1.338    15.590
n8295.out[0] (.names)                                                 0.261    15.851
top.sortedstack+st^FF_NODE~4228.D[0] (.latch)                         1.338    17.188
data arrival time                                                              17.188

clock top^tm3_clk_v0 (rise edge)                                      0.000     0.000
clock source latency                                                  0.000     0.000
top^tm3_clk_v0.inpad[0] (.input)                                      0.000     0.000
top.sortedstack+st^FF_NODE~4228.clk[0] (.latch)                       1.338     1.338
clock uncertainty                                                     0.000     1.338
cell setup time                                                      -0.066     1.272
data required time                                                              1.272
-------------------------------------------------------------------------------------
data required time                                                              1.272
data arrival time                                                             -17.188
-------------------------------------------------------------------------------------
slack (VIOLATED)                                                              -15.917


#Path 92
Startpoint: top.sortedstack+st^FF_NODE~4181.Q[0] (.latch clocked by top^tm3_clk_v0)
Endpoint  : top.sortedstack+st^FF_NODE~4227.D[0] (.latch clocked by top^tm3_clk_v0)
Path Type : setup

Point                                                                  Incr      Path
-------------------------------------------------------------------------------------
clock top^tm3_clk_v0 (rise edge)                                      0.000     0.000
clock source latency                                                  0.000     0.000
top^tm3_clk_v0.inpad[0] (.input)                                      0.000     0.000
top.sortedstack+st^FF_NODE~4181.clk[0] (.latch)                       1.338     1.338
top.sortedstack+st^FF_NODE~4181.Q[0] (.latch) [clock-to-output]       0.124     1.462
n7691_1.in[0] (.names)                                                1.338     2.800
n7691_1.out[0] (.names)                                               0.261     3.061
n7690_1.in[4] (.names)                                                1.338     4.398
n7690_1.out[0] (.names)                                               0.261     4.659
n7688.in[5] (.names)                                                  1.338     5.997
n7688.out[0] (.names)                                                 0.261     6.258
n7687.in[4] (.names)                                                  1.338     7.596
n7687.out[0] (.names)                                                 0.261     7.857
n7686_1.in[4] (.names)                                                1.338     9.195
n7686_1.out[0] (.names)                                               0.261     9.456
n7685_1.in[0] (.names)                                                1.338    10.793
n7685_1.out[0] (.names)                                               0.261    11.054
n7684.in[0] (.names)                                                  1.338    12.392
n7684.out[0] (.names)                                                 0.261    12.653
n7882.in[0] (.names)                                                  1.338    13.991
n7882.out[0] (.names)                                                 0.261    14.252
n8265.in[2] (.names)                                                  1.338    15.590
n8265.out[0] (.names)                                                 0.261    15.851
top.sortedstack+st^FF_NODE~4227.D[0] (.latch)                         1.338    17.188
data arrival time                                                              17.188

clock top^tm3_clk_v0 (rise edge)                                      0.000     0.000
clock source latency                                                  0.000     0.000
top^tm3_clk_v0.inpad[0] (.input)                                      0.000     0.000
top.sortedstack+st^FF_NODE~4227.clk[0] (.latch)                       1.338     1.338
clock uncertainty                                                     0.000     1.338
cell setup time                                                      -0.066     1.272
data required time                                                              1.272
-------------------------------------------------------------------------------------
data required time                                                              1.272
data arrival time                                                             -17.188
-------------------------------------------------------------------------------------
slack (VIOLATED)                                                              -15.917


#Path 93
Startpoint: top.sortedstack+st^FF_NODE~4181.Q[0] (.latch clocked by top^tm3_clk_v0)
Endpoint  : top.sortedstack+st^FF_NODE~4226.D[0] (.latch clocked by top^tm3_clk_v0)
Path Type : setup

Point                                                                  Incr      Path
-------------------------------------------------------------------------------------
clock top^tm3_clk_v0 (rise edge)                                      0.000     0.000
clock source latency                                                  0.000     0.000
top^tm3_clk_v0.inpad[0] (.input)                                      0.000     0.000
top.sortedstack+st^FF_NODE~4181.clk[0] (.latch)                       1.338     1.338
top.sortedstack+st^FF_NODE~4181.Q[0] (.latch) [clock-to-output]       0.124     1.462
n7691_1.in[0] (.names)                                                1.338     2.800
n7691_1.out[0] (.names)                                               0.261     3.061
n7690_1.in[4] (.names)                                                1.338     4.398
n7690_1.out[0] (.names)                                               0.261     4.659
n7688.in[5] (.names)                                                  1.338     5.997
n7688.out[0] (.names)                                                 0.261     6.258
n7687.in[4] (.names)                                                  1.338     7.596
n7687.out[0] (.names)                                                 0.261     7.857
n7686_1.in[4] (.names)                                                1.338     9.195
n7686_1.out[0] (.names)                                               0.261     9.456
n7685_1.in[0] (.names)                                                1.338    10.793
n7685_1.out[0] (.names)                                               0.261    11.054
n7684.in[0] (.names)                                                  1.338    12.392
n7684.out[0] (.names)                                                 0.261    12.653
n7882.in[0] (.names)                                                  1.338    13.991
n7882.out[0] (.names)                                                 0.261    14.252
n8235.in[2] (.names)                                                  1.338    15.590
n8235.out[0] (.names)                                                 0.261    15.851
top.sortedstack+st^FF_NODE~4226.D[0] (.latch)                         1.338    17.188
data arrival time                                                              17.188

clock top^tm3_clk_v0 (rise edge)                                      0.000     0.000
clock source latency                                                  0.000     0.000
top^tm3_clk_v0.inpad[0] (.input)                                      0.000     0.000
top.sortedstack+st^FF_NODE~4226.clk[0] (.latch)                       1.338     1.338
clock uncertainty                                                     0.000     1.338
cell setup time                                                      -0.066     1.272
data required time                                                              1.272
-------------------------------------------------------------------------------------
data required time                                                              1.272
data arrival time                                                             -17.188
-------------------------------------------------------------------------------------
slack (VIOLATED)                                                              -15.917


#Path 94
Startpoint: top.sortedstack+st^FF_NODE~4181.Q[0] (.latch clocked by top^tm3_clk_v0)
Endpoint  : top.sortedstack+st^FF_NODE~4276.D[0] (.latch clocked by top^tm3_clk_v0)
Path Type : setup

Point                                                                  Incr      Path
-------------------------------------------------------------------------------------
clock top^tm3_clk_v0 (rise edge)                                      0.000     0.000
clock source latency                                                  0.000     0.000
top^tm3_clk_v0.inpad[0] (.input)                                      0.000     0.000
top.sortedstack+st^FF_NODE~4181.clk[0] (.latch)                       1.338     1.338
top.sortedstack+st^FF_NODE~4181.Q[0] (.latch) [clock-to-output]       0.124     1.462
n7691_1.in[0] (.names)                                                1.338     2.800
n7691_1.out[0] (.names)                                               0.261     3.061
n7690_1.in[4] (.names)                                                1.338     4.398
n7690_1.out[0] (.names)                                               0.261     4.659
n7688.in[5] (.names)                                                  1.338     5.997
n7688.out[0] (.names)                                                 0.261     6.258
n7687.in[4] (.names)                                                  1.338     7.596
n7687.out[0] (.names)                                                 0.261     7.857
n7686_1.in[4] (.names)                                                1.338     9.195
n7686_1.out[0] (.names)                                               0.261     9.456
n7685_1.in[0] (.names)                                                1.338    10.793
n7685_1.out[0] (.names)                                               0.261    11.054
n7684.in[0] (.names)                                                  1.338    12.392
n7684.out[0] (.names)                                                 0.261    12.653
n7882.in[0] (.names)                                                  1.338    13.991
n7882.out[0] (.names)                                                 0.261    14.252
n8780.in[3] (.names)                                                  1.338    15.590
n8780.out[0] (.names)                                                 0.261    15.851
top.sortedstack+st^FF_NODE~4276.D[0] (.latch)                         1.338    17.188
data arrival time                                                              17.188

clock top^tm3_clk_v0 (rise edge)                                      0.000     0.000
clock source latency                                                  0.000     0.000
top^tm3_clk_v0.inpad[0] (.input)                                      0.000     0.000
top.sortedstack+st^FF_NODE~4276.clk[0] (.latch)                       1.338     1.338
clock uncertainty                                                     0.000     1.338
cell setup time                                                      -0.066     1.272
data required time                                                              1.272
-------------------------------------------------------------------------------------
data required time                                                              1.272
data arrival time                                                             -17.188
-------------------------------------------------------------------------------------
slack (VIOLATED)                                                              -15.917


#Path 95
Startpoint: top.sortedstack+st^FF_NODE~4181.Q[0] (.latch clocked by top^tm3_clk_v0)
Endpoint  : top.sortedstack+st^FF_NODE~4224.D[0] (.latch clocked by top^tm3_clk_v0)
Path Type : setup

Point                                                                  Incr      Path
-------------------------------------------------------------------------------------
clock top^tm3_clk_v0 (rise edge)                                      0.000     0.000
clock source latency                                                  0.000     0.000
top^tm3_clk_v0.inpad[0] (.input)                                      0.000     0.000
top.sortedstack+st^FF_NODE~4181.clk[0] (.latch)                       1.338     1.338
top.sortedstack+st^FF_NODE~4181.Q[0] (.latch) [clock-to-output]       0.124     1.462
n7691_1.in[0] (.names)                                                1.338     2.800
n7691_1.out[0] (.names)                                               0.261     3.061
n7690_1.in[4] (.names)                                                1.338     4.398
n7690_1.out[0] (.names)                                               0.261     4.659
n7688.in[5] (.names)                                                  1.338     5.997
n7688.out[0] (.names)                                                 0.261     6.258
n7687.in[4] (.names)                                                  1.338     7.596
n7687.out[0] (.names)                                                 0.261     7.857
n7686_1.in[4] (.names)                                                1.338     9.195
n7686_1.out[0] (.names)                                               0.261     9.456
n7685_1.in[0] (.names)                                                1.338    10.793
n7685_1.out[0] (.names)                                               0.261    11.054
n7684.in[0] (.names)                                                  1.338    12.392
n7684.out[0] (.names)                                                 0.261    12.653
n7882.in[0] (.names)                                                  1.338    13.991
n7882.out[0] (.names)                                                 0.261    14.252
n8175.in[2] (.names)                                                  1.338    15.590
n8175.out[0] (.names)                                                 0.261    15.851
top.sortedstack+st^FF_NODE~4224.D[0] (.latch)                         1.338    17.188
data arrival time                                                              17.188

clock top^tm3_clk_v0 (rise edge)                                      0.000     0.000
clock source latency                                                  0.000     0.000
top^tm3_clk_v0.inpad[0] (.input)                                      0.000     0.000
top.sortedstack+st^FF_NODE~4224.clk[0] (.latch)                       1.338     1.338
clock uncertainty                                                     0.000     1.338
cell setup time                                                      -0.066     1.272
data required time                                                              1.272
-------------------------------------------------------------------------------------
data required time                                                              1.272
data arrival time                                                             -17.188
-------------------------------------------------------------------------------------
slack (VIOLATED)                                                              -15.917


#Path 96
Startpoint: top.sortedstack+st^FF_NODE~4181.Q[0] (.latch clocked by top^tm3_clk_v0)
Endpoint  : top.sortedstack+st^FF_NODE~4223.D[0] (.latch clocked by top^tm3_clk_v0)
Path Type : setup

Point                                                                  Incr      Path
-------------------------------------------------------------------------------------
clock top^tm3_clk_v0 (rise edge)                                      0.000     0.000
clock source latency                                                  0.000     0.000
top^tm3_clk_v0.inpad[0] (.input)                                      0.000     0.000
top.sortedstack+st^FF_NODE~4181.clk[0] (.latch)                       1.338     1.338
top.sortedstack+st^FF_NODE~4181.Q[0] (.latch) [clock-to-output]       0.124     1.462
n7691_1.in[0] (.names)                                                1.338     2.800
n7691_1.out[0] (.names)                                               0.261     3.061
n7690_1.in[4] (.names)                                                1.338     4.398
n7690_1.out[0] (.names)                                               0.261     4.659
n7688.in[5] (.names)                                                  1.338     5.997
n7688.out[0] (.names)                                                 0.261     6.258
n7687.in[4] (.names)                                                  1.338     7.596
n7687.out[0] (.names)                                                 0.261     7.857
n7686_1.in[4] (.names)                                                1.338     9.195
n7686_1.out[0] (.names)                                               0.261     9.456
n7685_1.in[0] (.names)                                                1.338    10.793
n7685_1.out[0] (.names)                                               0.261    11.054
n7684.in[0] (.names)                                                  1.338    12.392
n7684.out[0] (.names)                                                 0.261    12.653
n7882.in[0] (.names)                                                  1.338    13.991
n7882.out[0] (.names)                                                 0.261    14.252
n8145.in[2] (.names)                                                  1.338    15.590
n8145.out[0] (.names)                                                 0.261    15.851
top.sortedstack+st^FF_NODE~4223.D[0] (.latch)                         1.338    17.188
data arrival time                                                              17.188

clock top^tm3_clk_v0 (rise edge)                                      0.000     0.000
clock source latency                                                  0.000     0.000
top^tm3_clk_v0.inpad[0] (.input)                                      0.000     0.000
top.sortedstack+st^FF_NODE~4223.clk[0] (.latch)                       1.338     1.338
clock uncertainty                                                     0.000     1.338
cell setup time                                                      -0.066     1.272
data required time                                                              1.272
-------------------------------------------------------------------------------------
data required time                                                              1.272
data arrival time                                                             -17.188
-------------------------------------------------------------------------------------
slack (VIOLATED)                                                              -15.917


#Path 97
Startpoint: top.sortedstack+st^FF_NODE~4181.Q[0] (.latch clocked by top^tm3_clk_v0)
Endpoint  : top.sortedstack+st^FF_NODE~4222.D[0] (.latch clocked by top^tm3_clk_v0)
Path Type : setup

Point                                                                  Incr      Path
-------------------------------------------------------------------------------------
clock top^tm3_clk_v0 (rise edge)                                      0.000     0.000
clock source latency                                                  0.000     0.000
top^tm3_clk_v0.inpad[0] (.input)                                      0.000     0.000
top.sortedstack+st^FF_NODE~4181.clk[0] (.latch)                       1.338     1.338
top.sortedstack+st^FF_NODE~4181.Q[0] (.latch) [clock-to-output]       0.124     1.462
n7691_1.in[0] (.names)                                                1.338     2.800
n7691_1.out[0] (.names)                                               0.261     3.061
n7690_1.in[4] (.names)                                                1.338     4.398
n7690_1.out[0] (.names)                                               0.261     4.659
n7688.in[5] (.names)                                                  1.338     5.997
n7688.out[0] (.names)                                                 0.261     6.258
n7687.in[4] (.names)                                                  1.338     7.596
n7687.out[0] (.names)                                                 0.261     7.857
n7686_1.in[4] (.names)                                                1.338     9.195
n7686_1.out[0] (.names)                                               0.261     9.456
n7685_1.in[0] (.names)                                                1.338    10.793
n7685_1.out[0] (.names)                                               0.261    11.054
n7684.in[0] (.names)                                                  1.338    12.392
n7684.out[0] (.names)                                                 0.261    12.653
n7882.in[0] (.names)                                                  1.338    13.991
n7882.out[0] (.names)                                                 0.261    14.252
n8115.in[2] (.names)                                                  1.338    15.590
n8115.out[0] (.names)                                                 0.261    15.851
top.sortedstack+st^FF_NODE~4222.D[0] (.latch)                         1.338    17.188
data arrival time                                                              17.188

clock top^tm3_clk_v0 (rise edge)                                      0.000     0.000
clock source latency                                                  0.000     0.000
top^tm3_clk_v0.inpad[0] (.input)                                      0.000     0.000
top.sortedstack+st^FF_NODE~4222.clk[0] (.latch)                       1.338     1.338
clock uncertainty                                                     0.000     1.338
cell setup time                                                      -0.066     1.272
data required time                                                              1.272
-------------------------------------------------------------------------------------
data required time                                                              1.272
data arrival time                                                             -17.188
-------------------------------------------------------------------------------------
slack (VIOLATED)                                                              -15.917


#Path 98
Startpoint: top.sortedstack+st^FF_NODE~4181.Q[0] (.latch clocked by top^tm3_clk_v0)
Endpoint  : top.sortedstack+st^FF_NODE~4221.D[0] (.latch clocked by top^tm3_clk_v0)
Path Type : setup

Point                                                                  Incr      Path
-------------------------------------------------------------------------------------
clock top^tm3_clk_v0 (rise edge)                                      0.000     0.000
clock source latency                                                  0.000     0.000
top^tm3_clk_v0.inpad[0] (.input)                                      0.000     0.000
top.sortedstack+st^FF_NODE~4181.clk[0] (.latch)                       1.338     1.338
top.sortedstack+st^FF_NODE~4181.Q[0] (.latch) [clock-to-output]       0.124     1.462
n7691_1.in[0] (.names)                                                1.338     2.800
n7691_1.out[0] (.names)                                               0.261     3.061
n7690_1.in[4] (.names)                                                1.338     4.398
n7690_1.out[0] (.names)                                               0.261     4.659
n7688.in[5] (.names)                                                  1.338     5.997
n7688.out[0] (.names)                                                 0.261     6.258
n7687.in[4] (.names)                                                  1.338     7.596
n7687.out[0] (.names)                                                 0.261     7.857
n7686_1.in[4] (.names)                                                1.338     9.195
n7686_1.out[0] (.names)                                               0.261     9.456
n7685_1.in[0] (.names)                                                1.338    10.793
n7685_1.out[0] (.names)                                               0.261    11.054
n7684.in[0] (.names)                                                  1.338    12.392
n7684.out[0] (.names)                                                 0.261    12.653
n7882.in[0] (.names)                                                  1.338    13.991
n7882.out[0] (.names)                                                 0.261    14.252
n8085.in[2] (.names)                                                  1.338    15.590
n8085.out[0] (.names)                                                 0.261    15.851
top.sortedstack+st^FF_NODE~4221.D[0] (.latch)                         1.338    17.188
data arrival time                                                              17.188

clock top^tm3_clk_v0 (rise edge)                                      0.000     0.000
clock source latency                                                  0.000     0.000
top^tm3_clk_v0.inpad[0] (.input)                                      0.000     0.000
top.sortedstack+st^FF_NODE~4221.clk[0] (.latch)                       1.338     1.338
clock uncertainty                                                     0.000     1.338
cell setup time                                                      -0.066     1.272
data required time                                                              1.272
-------------------------------------------------------------------------------------
data required time                                                              1.272
data arrival time                                                             -17.188
-------------------------------------------------------------------------------------
slack (VIOLATED)                                                              -15.917


#Path 99
Startpoint: top.sortedstack+st^FF_NODE~4181.Q[0] (.latch clocked by top^tm3_clk_v0)
Endpoint  : top.sortedstack+st^FF_NODE~4220.D[0] (.latch clocked by top^tm3_clk_v0)
Path Type : setup

Point                                                                  Incr      Path
-------------------------------------------------------------------------------------
clock top^tm3_clk_v0 (rise edge)                                      0.000     0.000
clock source latency                                                  0.000     0.000
top^tm3_clk_v0.inpad[0] (.input)                                      0.000     0.000
top.sortedstack+st^FF_NODE~4181.clk[0] (.latch)                       1.338     1.338
top.sortedstack+st^FF_NODE~4181.Q[0] (.latch) [clock-to-output]       0.124     1.462
n7691_1.in[0] (.names)                                                1.338     2.800
n7691_1.out[0] (.names)                                               0.261     3.061
n7690_1.in[4] (.names)                                                1.338     4.398
n7690_1.out[0] (.names)                                               0.261     4.659
n7688.in[5] (.names)                                                  1.338     5.997
n7688.out[0] (.names)                                                 0.261     6.258
n7687.in[4] (.names)                                                  1.338     7.596
n7687.out[0] (.names)                                                 0.261     7.857
n7686_1.in[4] (.names)                                                1.338     9.195
n7686_1.out[0] (.names)                                               0.261     9.456
n7685_1.in[0] (.names)                                                1.338    10.793
n7685_1.out[0] (.names)                                               0.261    11.054
n7684.in[0] (.names)                                                  1.338    12.392
n7684.out[0] (.names)                                                 0.261    12.653
n7882.in[0] (.names)                                                  1.338    13.991
n7882.out[0] (.names)                                                 0.261    14.252
n8055.in[2] (.names)                                                  1.338    15.590
n8055.out[0] (.names)                                                 0.261    15.851
top.sortedstack+st^FF_NODE~4220.D[0] (.latch)                         1.338    17.188
data arrival time                                                              17.188

clock top^tm3_clk_v0 (rise edge)                                      0.000     0.000
clock source latency                                                  0.000     0.000
top^tm3_clk_v0.inpad[0] (.input)                                      0.000     0.000
top.sortedstack+st^FF_NODE~4220.clk[0] (.latch)                       1.338     1.338
clock uncertainty                                                     0.000     1.338
cell setup time                                                      -0.066     1.272
data required time                                                              1.272
-------------------------------------------------------------------------------------
data required time                                                              1.272
data arrival time                                                             -17.188
-------------------------------------------------------------------------------------
slack (VIOLATED)                                                              -15.917


#Path 100
Startpoint: top.sortedstack+st^FF_NODE~4181.Q[0] (.latch clocked by top^tm3_clk_v0)
Endpoint  : top.sortedstack+st^FF_NODE~4219.D[0] (.latch clocked by top^tm3_clk_v0)
Path Type : setup

Point                                                                  Incr      Path
-------------------------------------------------------------------------------------
clock top^tm3_clk_v0 (rise edge)                                      0.000     0.000
clock source latency                                                  0.000     0.000
top^tm3_clk_v0.inpad[0] (.input)                                      0.000     0.000
top.sortedstack+st^FF_NODE~4181.clk[0] (.latch)                       1.338     1.338
top.sortedstack+st^FF_NODE~4181.Q[0] (.latch) [clock-to-output]       0.124     1.462
n7691_1.in[0] (.names)                                                1.338     2.800
n7691_1.out[0] (.names)                                               0.261     3.061
n7690_1.in[4] (.names)                                                1.338     4.398
n7690_1.out[0] (.names)                                               0.261     4.659
n7688.in[5] (.names)                                                  1.338     5.997
n7688.out[0] (.names)                                                 0.261     6.258
n7687.in[4] (.names)                                                  1.338     7.596
n7687.out[0] (.names)                                                 0.261     7.857
n7686_1.in[4] (.names)                                                1.338     9.195
n7686_1.out[0] (.names)                                               0.261     9.456
n7685_1.in[0] (.names)                                                1.338    10.793
n7685_1.out[0] (.names)                                               0.261    11.054
n7684.in[0] (.names)                                                  1.338    12.392
n7684.out[0] (.names)                                                 0.261    12.653
n7882.in[0] (.names)                                                  1.338    13.991
n7882.out[0] (.names)                                                 0.261    14.252
n8025.in[2] (.names)                                                  1.338    15.590
n8025.out[0] (.names)                                                 0.261    15.851
top.sortedstack+st^FF_NODE~4219.D[0] (.latch)                         1.338    17.188
data arrival time                                                              17.188

clock top^tm3_clk_v0 (rise edge)                                      0.000     0.000
clock source latency                                                  0.000     0.000
top^tm3_clk_v0.inpad[0] (.input)                                      0.000     0.000
top.sortedstack+st^FF_NODE~4219.clk[0] (.latch)                       1.338     1.338
clock uncertainty                                                     0.000     1.338
cell setup time                                                      -0.066     1.272
data required time                                                              1.272
-------------------------------------------------------------------------------------
data required time                                                              1.272
data arrival time                                                             -17.188
-------------------------------------------------------------------------------------
slack (VIOLATED)                                                              -15.917


#End of timing report
