#Timing report of worst 100 path(s)
# Unit scale: 1e-09 seconds
# Output precision: 3

#Path 1
Startpoint: top.or1200_operandmuxes+or1200_operandmuxes^FF_NODE~1353.Q[0] (.latch clocked by top^clk)
Endpoint  : top.or1200_rf+or1200_rf.dual_port_ram+rf_a^out2~30.data2[0] (dual_port_ram clocked by top^clk)
Path Type : setup

Point                                                                                              Incr      Path
-----------------------------------------------------------------------------------------------------------------
clock top^clk (rise edge)                                                                         0.000     0.000
clock source latency                                                                              0.000     0.000
top^clk.inpad[0] (.input)                                                                         0.000     0.000
top.or1200_operandmuxes+or1200_operandmuxes^FF_NODE~1353.clk[0] (.latch)                          1.338     1.338
top.or1200_operandmuxes+or1200_operandmuxes^FF_NODE~1353.Q[0] (.latch) [clock-to-output]          0.124     1.462
n4066_1.in[0] (.names)                                                                            1.338     2.800
n4066_1.out[0] (.names)                                                                           0.261     3.061
n4110.in[4] (.names)                                                                              1.338     4.398
n4110.out[0] (.names)                                                                             0.261     4.659
n4145.in[4] (.names)                                                                              1.338     5.997
n4145.out[0] (.names)                                                                             0.261     6.258
n4163.in[2] (.names)                                                                              1.338     7.596
n4163.out[0] (.names)                                                                             0.261     7.857
n4183.in[2] (.names)                                                                              1.338     9.195
n4183.out[0] (.names)                                                                             0.261     9.456
n4199.in[2] (.names)                                                                              1.338    10.793
n4199.out[0] (.names)                                                                             0.261    11.054
n4215.in[2] (.names)                                                                              1.338    12.392
n4215.out[0] (.names)                                                                             0.261    12.653
n4231_1.in[2] (.names)                                                                            1.338    13.991
n4231_1.out[0] (.names)                                                                           0.261    14.252
n4246_1.in[2] (.names)                                                                            1.338    15.590
n4246_1.out[0] (.names)                                                                           0.261    15.851
n4261_1.in[2] (.names)                                                                            1.338    17.188
n4261_1.out[0] (.names)                                                                           0.261    17.449
n4278.in[2] (.names)                                                                              1.338    18.787
n4278.out[0] (.names)                                                                             0.261    19.048
n4293.in[2] (.names)                                                                              1.338    20.386
n4293.out[0] (.names)                                                                             0.261    20.647
n4319.in[2] (.names)                                                                              1.338    21.985
n4319.out[0] (.names)                                                                             0.261    22.246
n4337_1.in[2] (.names)                                                                            1.338    23.584
n4337_1.out[0] (.names)                                                                           0.261    23.845
n4357_1.in[2] (.names)                                                                            1.338    25.182
n4357_1.out[0] (.names)                                                                           0.261    25.443
n4375.in[2] (.names)                                                                              1.338    26.781
n4375.out[0] (.names)                                                                             0.261    27.042
n4395.in[2] (.names)                                                                              1.338    28.380
n4395.out[0] (.names)                                                                             0.261    28.641
n4413.in[2] (.names)                                                                              1.338    29.979
n4413.out[0] (.names)                                                                             0.261    30.240
n4450.in[4] (.names)                                                                              1.338    31.577
n4450.out[0] (.names)                                                                             0.261    31.838
n4474.in[2] (.names)                                                                              1.338    33.176
n4474.out[0] (.names)                                                                             0.261    33.437
n4473.in[2] (.names)                                                                              1.338    34.775
n4473.out[0] (.names)                                                                             0.261    35.036
n4490.in[1] (.names)                                                                              1.338    36.374
n4490.out[0] (.names)                                                                             0.261    36.635
n4509.in[0] (.names)                                                                              1.338    37.972
n4509.out[0] (.names)                                                                             0.261    38.233
n4547_1.in[4] (.names)                                                                            1.338    39.571
n4547_1.out[0] (.names)                                                                           0.261    39.832
n4564.in[0] (.names)                                                                              1.338    41.170
n4564.out[0] (.names)                                                                             0.261    41.431
n4563.in[2] (.names)                                                                              1.338    42.769
n4563.out[0] (.names)                                                                             0.261    43.030
top.or1200_rf+or1200_rf^MULTI_PORT_MUX~1103^MUX_2~8460.in[1] (.names)                             1.338    44.367
top.or1200_rf+or1200_rf^MULTI_PORT_MUX~1103^MUX_2~8460.out[0] (.names)                            0.261    44.628
top.or1200_rf+or1200_rf.dual_port_ram+rf_a^out2~30.data2[0] (dual_port_ram)                       1.338    45.966
data arrival time                                                                                          45.966

clock top^clk (rise edge)                                                                         0.000     0.000
clock source latency                                                                              0.000     0.000
top^clk.inpad[0] (.input)                                                                         0.000     0.000
top.or1200_rf+or1200_rf.dual_port_ram+rf_a^out2~30.clk[0] (dual_port_ram)                         1.338     1.338
clock uncertainty                                                                                 0.000     1.338
cell setup time                                                                                  -0.509     0.829
data required time                                                                                          0.829
-----------------------------------------------------------------------------------------------------------------
data required time                                                                                          0.829
data arrival time                                                                                         -45.966
-----------------------------------------------------------------------------------------------------------------
slack (VIOLATED)                                                                                          -45.137


#Path 2
Startpoint: top.or1200_operandmuxes+or1200_operandmuxes^FF_NODE~1353.Q[0] (.latch clocked by top^clk)
Endpoint  : top.or1200_rf+or1200_rf.dual_port_ram+rf_b^out2~29.data2[0] (dual_port_ram clocked by top^clk)
Path Type : setup

Point                                                                                              Incr      Path
-----------------------------------------------------------------------------------------------------------------
clock top^clk (rise edge)                                                                         0.000     0.000
clock source latency                                                                              0.000     0.000
top^clk.inpad[0] (.input)                                                                         0.000     0.000
top.or1200_operandmuxes+or1200_operandmuxes^FF_NODE~1353.clk[0] (.latch)                          1.338     1.338
top.or1200_operandmuxes+or1200_operandmuxes^FF_NODE~1353.Q[0] (.latch) [clock-to-output]          0.124     1.462
n4066_1.in[0] (.names)                                                                            1.338     2.800
n4066_1.out[0] (.names)                                                                           0.261     3.061
n4110.in[4] (.names)                                                                              1.338     4.398
n4110.out[0] (.names)                                                                             0.261     4.659
n4145.in[4] (.names)                                                                              1.338     5.997
n4145.out[0] (.names)                                                                             0.261     6.258
n4163.in[2] (.names)                                                                              1.338     7.596
n4163.out[0] (.names)                                                                             0.261     7.857
n4183.in[2] (.names)                                                                              1.338     9.195
n4183.out[0] (.names)                                                                             0.261     9.456
n4199.in[2] (.names)                                                                              1.338    10.793
n4199.out[0] (.names)                                                                             0.261    11.054
n4215.in[2] (.names)                                                                              1.338    12.392
n4215.out[0] (.names)                                                                             0.261    12.653
n4231_1.in[2] (.names)                                                                            1.338    13.991
n4231_1.out[0] (.names)                                                                           0.261    14.252
n4246_1.in[2] (.names)                                                                            1.338    15.590
n4246_1.out[0] (.names)                                                                           0.261    15.851
n4261_1.in[2] (.names)                                                                            1.338    17.188
n4261_1.out[0] (.names)                                                                           0.261    17.449
n4278.in[2] (.names)                                                                              1.338    18.787
n4278.out[0] (.names)                                                                             0.261    19.048
n4293.in[2] (.names)                                                                              1.338    20.386
n4293.out[0] (.names)                                                                             0.261    20.647
n4319.in[2] (.names)                                                                              1.338    21.985
n4319.out[0] (.names)                                                                             0.261    22.246
n4337_1.in[2] (.names)                                                                            1.338    23.584
n4337_1.out[0] (.names)                                                                           0.261    23.845
n4357_1.in[2] (.names)                                                                            1.338    25.182
n4357_1.out[0] (.names)                                                                           0.261    25.443
n4375.in[2] (.names)                                                                              1.338    26.781
n4375.out[0] (.names)                                                                             0.261    27.042
n4395.in[2] (.names)                                                                              1.338    28.380
n4395.out[0] (.names)                                                                             0.261    28.641
n4413.in[2] (.names)                                                                              1.338    29.979
n4413.out[0] (.names)                                                                             0.261    30.240
n4450.in[4] (.names)                                                                              1.338    31.577
n4450.out[0] (.names)                                                                             0.261    31.838
n4474.in[2] (.names)                                                                              1.338    33.176
n4474.out[0] (.names)                                                                             0.261    33.437
n4473.in[2] (.names)                                                                              1.338    34.775
n4473.out[0] (.names)                                                                             0.261    35.036
n4490.in[1] (.names)                                                                              1.338    36.374
n4490.out[0] (.names)                                                                             0.261    36.635
n4509.in[0] (.names)                                                                              1.338    37.972
n4509.out[0] (.names)                                                                             0.261    38.233
n4547_1.in[4] (.names)                                                                            1.338    39.571
n4547_1.out[0] (.names)                                                                           0.261    39.832
n4546_1.in[2] (.names)                                                                            1.338    41.170
n4546_1.out[0] (.names)                                                                           0.261    41.431
n4544.in[4] (.names)                                                                              1.338    42.769
n4544.out[0] (.names)                                                                             0.261    43.030
top.or1200_rf+or1200_rf^MULTI_PORT_MUX~1103^MUX_2~8459.in[1] (.names)                             1.338    44.367
top.or1200_rf+or1200_rf^MULTI_PORT_MUX~1103^MUX_2~8459.out[0] (.names)                            0.261    44.628
top.or1200_rf+or1200_rf.dual_port_ram+rf_b^out2~29.data2[0] (dual_port_ram)                       1.338    45.966
data arrival time                                                                                          45.966

clock top^clk (rise edge)                                                                         0.000     0.000
clock source latency                                                                              0.000     0.000
top^clk.inpad[0] (.input)                                                                         0.000     0.000
top.or1200_rf+or1200_rf.dual_port_ram+rf_b^out2~29.clk[0] (dual_port_ram)                         1.338     1.338
clock uncertainty                                                                                 0.000     1.338
cell setup time                                                                                  -0.509     0.829
data required time                                                                                          0.829
-----------------------------------------------------------------------------------------------------------------
data required time                                                                                          0.829
data arrival time                                                                                         -45.966
-----------------------------------------------------------------------------------------------------------------
slack (VIOLATED)                                                                                          -45.137


#Path 3
Startpoint: top.or1200_operandmuxes+or1200_operandmuxes^FF_NODE~1353.Q[0] (.latch clocked by top^clk)
Endpoint  : top.or1200_rf+or1200_rf.dual_port_ram+rf_a^out2~29.data2[0] (dual_port_ram clocked by top^clk)
Path Type : setup

Point                                                                                              Incr      Path
-----------------------------------------------------------------------------------------------------------------
clock top^clk (rise edge)                                                                         0.000     0.000
clock source latency                                                                              0.000     0.000
top^clk.inpad[0] (.input)                                                                         0.000     0.000
top.or1200_operandmuxes+or1200_operandmuxes^FF_NODE~1353.clk[0] (.latch)                          1.338     1.338
top.or1200_operandmuxes+or1200_operandmuxes^FF_NODE~1353.Q[0] (.latch) [clock-to-output]          0.124     1.462
n4066_1.in[0] (.names)                                                                            1.338     2.800
n4066_1.out[0] (.names)                                                                           0.261     3.061
n4110.in[4] (.names)                                                                              1.338     4.398
n4110.out[0] (.names)                                                                             0.261     4.659
n4145.in[4] (.names)                                                                              1.338     5.997
n4145.out[0] (.names)                                                                             0.261     6.258
n4163.in[2] (.names)                                                                              1.338     7.596
n4163.out[0] (.names)                                                                             0.261     7.857
n4183.in[2] (.names)                                                                              1.338     9.195
n4183.out[0] (.names)                                                                             0.261     9.456
n4199.in[2] (.names)                                                                              1.338    10.793
n4199.out[0] (.names)                                                                             0.261    11.054
n4215.in[2] (.names)                                                                              1.338    12.392
n4215.out[0] (.names)                                                                             0.261    12.653
n4231_1.in[2] (.names)                                                                            1.338    13.991
n4231_1.out[0] (.names)                                                                           0.261    14.252
n4246_1.in[2] (.names)                                                                            1.338    15.590
n4246_1.out[0] (.names)                                                                           0.261    15.851
n4261_1.in[2] (.names)                                                                            1.338    17.188
n4261_1.out[0] (.names)                                                                           0.261    17.449
n4278.in[2] (.names)                                                                              1.338    18.787
n4278.out[0] (.names)                                                                             0.261    19.048
n4293.in[2] (.names)                                                                              1.338    20.386
n4293.out[0] (.names)                                                                             0.261    20.647
n4319.in[2] (.names)                                                                              1.338    21.985
n4319.out[0] (.names)                                                                             0.261    22.246
n4337_1.in[2] (.names)                                                                            1.338    23.584
n4337_1.out[0] (.names)                                                                           0.261    23.845
n4357_1.in[2] (.names)                                                                            1.338    25.182
n4357_1.out[0] (.names)                                                                           0.261    25.443
n4375.in[2] (.names)                                                                              1.338    26.781
n4375.out[0] (.names)                                                                             0.261    27.042
n4395.in[2] (.names)                                                                              1.338    28.380
n4395.out[0] (.names)                                                                             0.261    28.641
n4413.in[2] (.names)                                                                              1.338    29.979
n4413.out[0] (.names)                                                                             0.261    30.240
n4450.in[4] (.names)                                                                              1.338    31.577
n4450.out[0] (.names)                                                                             0.261    31.838
n4474.in[2] (.names)                                                                              1.338    33.176
n4474.out[0] (.names)                                                                             0.261    33.437
n4473.in[2] (.names)                                                                              1.338    34.775
n4473.out[0] (.names)                                                                             0.261    35.036
n4490.in[1] (.names)                                                                              1.338    36.374
n4490.out[0] (.names)                                                                             0.261    36.635
n4509.in[0] (.names)                                                                              1.338    37.972
n4509.out[0] (.names)                                                                             0.261    38.233
n4547_1.in[4] (.names)                                                                            1.338    39.571
n4547_1.out[0] (.names)                                                                           0.261    39.832
n4546_1.in[2] (.names)                                                                            1.338    41.170
n4546_1.out[0] (.names)                                                                           0.261    41.431
n4544.in[4] (.names)                                                                              1.338    42.769
n4544.out[0] (.names)                                                                             0.261    43.030
top.or1200_rf+or1200_rf^MULTI_PORT_MUX~1103^MUX_2~8459.in[1] (.names)                             1.338    44.367
top.or1200_rf+or1200_rf^MULTI_PORT_MUX~1103^MUX_2~8459.out[0] (.names)                            0.261    44.628
top.or1200_rf+or1200_rf.dual_port_ram+rf_a^out2~29.data2[0] (dual_port_ram)                       1.338    45.966
data arrival time                                                                                          45.966

clock top^clk (rise edge)                                                                         0.000     0.000
clock source latency                                                                              0.000     0.000
top^clk.inpad[0] (.input)                                                                         0.000     0.000
top.or1200_rf+or1200_rf.dual_port_ram+rf_a^out2~29.clk[0] (dual_port_ram)                         1.338     1.338
clock uncertainty                                                                                 0.000     1.338
cell setup time                                                                                  -0.509     0.829
data required time                                                                                          0.829
-----------------------------------------------------------------------------------------------------------------
data required time                                                                                          0.829
data arrival time                                                                                         -45.966
-----------------------------------------------------------------------------------------------------------------
slack (VIOLATED)                                                                                          -45.137


#Path 4
Startpoint: top.or1200_operandmuxes+or1200_operandmuxes^FF_NODE~1353.Q[0] (.latch clocked by top^clk)
Endpoint  : top.or1200_rf+or1200_rf.dual_port_ram+rf_b^out2~30.data2[0] (dual_port_ram clocked by top^clk)
Path Type : setup

Point                                                                                              Incr      Path
-----------------------------------------------------------------------------------------------------------------
clock top^clk (rise edge)                                                                         0.000     0.000
clock source latency                                                                              0.000     0.000
top^clk.inpad[0] (.input)                                                                         0.000     0.000
top.or1200_operandmuxes+or1200_operandmuxes^FF_NODE~1353.clk[0] (.latch)                          1.338     1.338
top.or1200_operandmuxes+or1200_operandmuxes^FF_NODE~1353.Q[0] (.latch) [clock-to-output]          0.124     1.462
n4066_1.in[0] (.names)                                                                            1.338     2.800
n4066_1.out[0] (.names)                                                                           0.261     3.061
n4110.in[4] (.names)                                                                              1.338     4.398
n4110.out[0] (.names)                                                                             0.261     4.659
n4145.in[4] (.names)                                                                              1.338     5.997
n4145.out[0] (.names)                                                                             0.261     6.258
n4163.in[2] (.names)                                                                              1.338     7.596
n4163.out[0] (.names)                                                                             0.261     7.857
n4183.in[2] (.names)                                                                              1.338     9.195
n4183.out[0] (.names)                                                                             0.261     9.456
n4199.in[2] (.names)                                                                              1.338    10.793
n4199.out[0] (.names)                                                                             0.261    11.054
n4215.in[2] (.names)                                                                              1.338    12.392
n4215.out[0] (.names)                                                                             0.261    12.653
n4231_1.in[2] (.names)                                                                            1.338    13.991
n4231_1.out[0] (.names)                                                                           0.261    14.252
n4246_1.in[2] (.names)                                                                            1.338    15.590
n4246_1.out[0] (.names)                                                                           0.261    15.851
n4261_1.in[2] (.names)                                                                            1.338    17.188
n4261_1.out[0] (.names)                                                                           0.261    17.449
n4278.in[2] (.names)                                                                              1.338    18.787
n4278.out[0] (.names)                                                                             0.261    19.048
n4293.in[2] (.names)                                                                              1.338    20.386
n4293.out[0] (.names)                                                                             0.261    20.647
n4319.in[2] (.names)                                                                              1.338    21.985
n4319.out[0] (.names)                                                                             0.261    22.246
n4337_1.in[2] (.names)                                                                            1.338    23.584
n4337_1.out[0] (.names)                                                                           0.261    23.845
n4357_1.in[2] (.names)                                                                            1.338    25.182
n4357_1.out[0] (.names)                                                                           0.261    25.443
n4375.in[2] (.names)                                                                              1.338    26.781
n4375.out[0] (.names)                                                                             0.261    27.042
n4395.in[2] (.names)                                                                              1.338    28.380
n4395.out[0] (.names)                                                                             0.261    28.641
n4413.in[2] (.names)                                                                              1.338    29.979
n4413.out[0] (.names)                                                                             0.261    30.240
n4450.in[4] (.names)                                                                              1.338    31.577
n4450.out[0] (.names)                                                                             0.261    31.838
n4474.in[2] (.names)                                                                              1.338    33.176
n4474.out[0] (.names)                                                                             0.261    33.437
n4473.in[2] (.names)                                                                              1.338    34.775
n4473.out[0] (.names)                                                                             0.261    35.036
n4490.in[1] (.names)                                                                              1.338    36.374
n4490.out[0] (.names)                                                                             0.261    36.635
n4509.in[0] (.names)                                                                              1.338    37.972
n4509.out[0] (.names)                                                                             0.261    38.233
n4547_1.in[4] (.names)                                                                            1.338    39.571
n4547_1.out[0] (.names)                                                                           0.261    39.832
n4564.in[0] (.names)                                                                              1.338    41.170
n4564.out[0] (.names)                                                                             0.261    41.431
n4563.in[2] (.names)                                                                              1.338    42.769
n4563.out[0] (.names)                                                                             0.261    43.030
top.or1200_rf+or1200_rf^MULTI_PORT_MUX~1103^MUX_2~8460.in[1] (.names)                             1.338    44.367
top.or1200_rf+or1200_rf^MULTI_PORT_MUX~1103^MUX_2~8460.out[0] (.names)                            0.261    44.628
top.or1200_rf+or1200_rf.dual_port_ram+rf_b^out2~30.data2[0] (dual_port_ram)                       1.338    45.966
data arrival time                                                                                          45.966

clock top^clk (rise edge)                                                                         0.000     0.000
clock source latency                                                                              0.000     0.000
top^clk.inpad[0] (.input)                                                                         0.000     0.000
top.or1200_rf+or1200_rf.dual_port_ram+rf_b^out2~30.clk[0] (dual_port_ram)                         1.338     1.338
clock uncertainty                                                                                 0.000     1.338
cell setup time                                                                                  -0.509     0.829
data required time                                                                                          0.829
-----------------------------------------------------------------------------------------------------------------
data required time                                                                                          0.829
data arrival time                                                                                         -45.966
-----------------------------------------------------------------------------------------------------------------
slack (VIOLATED)                                                                                          -45.137


#Path 5
Startpoint: top.or1200_operandmuxes+or1200_operandmuxes^FF_NODE~1353.Q[0] (.latch clocked by top^clk)
Endpoint  : top.or1200_rf+or1200_rf.dual_port_ram+rf_b^out2~31.data2[0] (dual_port_ram clocked by top^clk)
Path Type : setup

Point                                                                                              Incr      Path
-----------------------------------------------------------------------------------------------------------------
clock top^clk (rise edge)                                                                         0.000     0.000
clock source latency                                                                              0.000     0.000
top^clk.inpad[0] (.input)                                                                         0.000     0.000
top.or1200_operandmuxes+or1200_operandmuxes^FF_NODE~1353.clk[0] (.latch)                          1.338     1.338
top.or1200_operandmuxes+or1200_operandmuxes^FF_NODE~1353.Q[0] (.latch) [clock-to-output]          0.124     1.462
n4066_1.in[0] (.names)                                                                            1.338     2.800
n4066_1.out[0] (.names)                                                                           0.261     3.061
n4110.in[4] (.names)                                                                              1.338     4.398
n4110.out[0] (.names)                                                                             0.261     4.659
n4145.in[4] (.names)                                                                              1.338     5.997
n4145.out[0] (.names)                                                                             0.261     6.258
n4163.in[2] (.names)                                                                              1.338     7.596
n4163.out[0] (.names)                                                                             0.261     7.857
n4183.in[2] (.names)                                                                              1.338     9.195
n4183.out[0] (.names)                                                                             0.261     9.456
n4199.in[2] (.names)                                                                              1.338    10.793
n4199.out[0] (.names)                                                                             0.261    11.054
n4215.in[2] (.names)                                                                              1.338    12.392
n4215.out[0] (.names)                                                                             0.261    12.653
n4231_1.in[2] (.names)                                                                            1.338    13.991
n4231_1.out[0] (.names)                                                                           0.261    14.252
n4246_1.in[2] (.names)                                                                            1.338    15.590
n4246_1.out[0] (.names)                                                                           0.261    15.851
n4261_1.in[2] (.names)                                                                            1.338    17.188
n4261_1.out[0] (.names)                                                                           0.261    17.449
n4278.in[2] (.names)                                                                              1.338    18.787
n4278.out[0] (.names)                                                                             0.261    19.048
n4293.in[2] (.names)                                                                              1.338    20.386
n4293.out[0] (.names)                                                                             0.261    20.647
n4319.in[2] (.names)                                                                              1.338    21.985
n4319.out[0] (.names)                                                                             0.261    22.246
n4337_1.in[2] (.names)                                                                            1.338    23.584
n4337_1.out[0] (.names)                                                                           0.261    23.845
n4357_1.in[2] (.names)                                                                            1.338    25.182
n4357_1.out[0] (.names)                                                                           0.261    25.443
n4375.in[2] (.names)                                                                              1.338    26.781
n4375.out[0] (.names)                                                                             0.261    27.042
n4395.in[2] (.names)                                                                              1.338    28.380
n4395.out[0] (.names)                                                                             0.261    28.641
n4413.in[2] (.names)                                                                              1.338    29.979
n4413.out[0] (.names)                                                                             0.261    30.240
n4450.in[4] (.names)                                                                              1.338    31.577
n4450.out[0] (.names)                                                                             0.261    31.838
n4474.in[2] (.names)                                                                              1.338    33.176
n4474.out[0] (.names)                                                                             0.261    33.437
n4473.in[2] (.names)                                                                              1.338    34.775
n4473.out[0] (.names)                                                                             0.261    35.036
n4490.in[1] (.names)                                                                              1.338    36.374
n4490.out[0] (.names)                                                                             0.261    36.635
n4509.in[0] (.names)                                                                              1.338    37.972
n4509.out[0] (.names)                                                                             0.261    38.233
n4547_1.in[4] (.names)                                                                            1.338    39.571
n4547_1.out[0] (.names)                                                                           0.261    39.832
n4581_1.in[0] (.names)                                                                            1.338    41.170
n4581_1.out[0] (.names)                                                                           0.261    41.431
n4580.in[2] (.names)                                                                              1.338    42.769
n4580.out[0] (.names)                                                                             0.261    43.030
top.or1200_rf+or1200_rf^MULTI_PORT_MUX~1103^MUX_2~8461.in[1] (.names)                             1.338    44.367
top.or1200_rf+or1200_rf^MULTI_PORT_MUX~1103^MUX_2~8461.out[0] (.names)                            0.261    44.628
top.or1200_rf+or1200_rf.dual_port_ram+rf_b^out2~31.data2[0] (dual_port_ram)                       1.338    45.966
data arrival time                                                                                          45.966

clock top^clk (rise edge)                                                                         0.000     0.000
clock source latency                                                                              0.000     0.000
top^clk.inpad[0] (.input)                                                                         0.000     0.000
top.or1200_rf+or1200_rf.dual_port_ram+rf_b^out2~31.clk[0] (dual_port_ram)                         1.338     1.338
clock uncertainty                                                                                 0.000     1.338
cell setup time                                                                                  -0.509     0.829
data required time                                                                                          0.829
-----------------------------------------------------------------------------------------------------------------
data required time                                                                                          0.829
data arrival time                                                                                         -45.966
-----------------------------------------------------------------------------------------------------------------
slack (VIOLATED)                                                                                          -45.137


#Path 6
Startpoint: top.or1200_operandmuxes+or1200_operandmuxes^FF_NODE~1353.Q[0] (.latch clocked by top^clk)
Endpoint  : top.or1200_rf+or1200_rf.dual_port_ram+rf_a^out2~31.data2[0] (dual_port_ram clocked by top^clk)
Path Type : setup

Point                                                                                              Incr      Path
-----------------------------------------------------------------------------------------------------------------
clock top^clk (rise edge)                                                                         0.000     0.000
clock source latency                                                                              0.000     0.000
top^clk.inpad[0] (.input)                                                                         0.000     0.000
top.or1200_operandmuxes+or1200_operandmuxes^FF_NODE~1353.clk[0] (.latch)                          1.338     1.338
top.or1200_operandmuxes+or1200_operandmuxes^FF_NODE~1353.Q[0] (.latch) [clock-to-output]          0.124     1.462
n4066_1.in[0] (.names)                                                                            1.338     2.800
n4066_1.out[0] (.names)                                                                           0.261     3.061
n4110.in[4] (.names)                                                                              1.338     4.398
n4110.out[0] (.names)                                                                             0.261     4.659
n4145.in[4] (.names)                                                                              1.338     5.997
n4145.out[0] (.names)                                                                             0.261     6.258
n4163.in[2] (.names)                                                                              1.338     7.596
n4163.out[0] (.names)                                                                             0.261     7.857
n4183.in[2] (.names)                                                                              1.338     9.195
n4183.out[0] (.names)                                                                             0.261     9.456
n4199.in[2] (.names)                                                                              1.338    10.793
n4199.out[0] (.names)                                                                             0.261    11.054
n4215.in[2] (.names)                                                                              1.338    12.392
n4215.out[0] (.names)                                                                             0.261    12.653
n4231_1.in[2] (.names)                                                                            1.338    13.991
n4231_1.out[0] (.names)                                                                           0.261    14.252
n4246_1.in[2] (.names)                                                                            1.338    15.590
n4246_1.out[0] (.names)                                                                           0.261    15.851
n4261_1.in[2] (.names)                                                                            1.338    17.188
n4261_1.out[0] (.names)                                                                           0.261    17.449
n4278.in[2] (.names)                                                                              1.338    18.787
n4278.out[0] (.names)                                                                             0.261    19.048
n4293.in[2] (.names)                                                                              1.338    20.386
n4293.out[0] (.names)                                                                             0.261    20.647
n4319.in[2] (.names)                                                                              1.338    21.985
n4319.out[0] (.names)                                                                             0.261    22.246
n4337_1.in[2] (.names)                                                                            1.338    23.584
n4337_1.out[0] (.names)                                                                           0.261    23.845
n4357_1.in[2] (.names)                                                                            1.338    25.182
n4357_1.out[0] (.names)                                                                           0.261    25.443
n4375.in[2] (.names)                                                                              1.338    26.781
n4375.out[0] (.names)                                                                             0.261    27.042
n4395.in[2] (.names)                                                                              1.338    28.380
n4395.out[0] (.names)                                                                             0.261    28.641
n4413.in[2] (.names)                                                                              1.338    29.979
n4413.out[0] (.names)                                                                             0.261    30.240
n4450.in[4] (.names)                                                                              1.338    31.577
n4450.out[0] (.names)                                                                             0.261    31.838
n4474.in[2] (.names)                                                                              1.338    33.176
n4474.out[0] (.names)                                                                             0.261    33.437
n4473.in[2] (.names)                                                                              1.338    34.775
n4473.out[0] (.names)                                                                             0.261    35.036
n4490.in[1] (.names)                                                                              1.338    36.374
n4490.out[0] (.names)                                                                             0.261    36.635
n4509.in[0] (.names)                                                                              1.338    37.972
n4509.out[0] (.names)                                                                             0.261    38.233
n4547_1.in[4] (.names)                                                                            1.338    39.571
n4547_1.out[0] (.names)                                                                           0.261    39.832
n4581_1.in[0] (.names)                                                                            1.338    41.170
n4581_1.out[0] (.names)                                                                           0.261    41.431
n4580.in[2] (.names)                                                                              1.338    42.769
n4580.out[0] (.names)                                                                             0.261    43.030
top.or1200_rf+or1200_rf^MULTI_PORT_MUX~1103^MUX_2~8461.in[1] (.names)                             1.338    44.367
top.or1200_rf+or1200_rf^MULTI_PORT_MUX~1103^MUX_2~8461.out[0] (.names)                            0.261    44.628
top.or1200_rf+or1200_rf.dual_port_ram+rf_a^out2~31.data2[0] (dual_port_ram)                       1.338    45.966
data arrival time                                                                                          45.966

clock top^clk (rise edge)                                                                         0.000     0.000
clock source latency                                                                              0.000     0.000
top^clk.inpad[0] (.input)                                                                         0.000     0.000
top.or1200_rf+or1200_rf.dual_port_ram+rf_a^out2~31.clk[0] (dual_port_ram)                         1.338     1.338
clock uncertainty                                                                                 0.000     1.338
cell setup time                                                                                  -0.509     0.829
data required time                                                                                          0.829
-----------------------------------------------------------------------------------------------------------------
data required time                                                                                          0.829
data arrival time                                                                                         -45.966
-----------------------------------------------------------------------------------------------------------------
slack (VIOLATED)                                                                                          -45.137


#Path 7
Startpoint: top.or1200_operandmuxes+or1200_operandmuxes^FF_NODE~1353.Q[0] (.latch clocked by top^clk)
Endpoint  : top.or1200_rf+or1200_rf.dual_port_ram+rf_a^out2~26.data2[0] (dual_port_ram clocked by top^clk)
Path Type : setup

Point                                                                                              Incr      Path
-----------------------------------------------------------------------------------------------------------------
clock top^clk (rise edge)                                                                         0.000     0.000
clock source latency                                                                              0.000     0.000
top^clk.inpad[0] (.input)                                                                         0.000     0.000
top.or1200_operandmuxes+or1200_operandmuxes^FF_NODE~1353.clk[0] (.latch)                          1.338     1.338
top.or1200_operandmuxes+or1200_operandmuxes^FF_NODE~1353.Q[0] (.latch) [clock-to-output]          0.124     1.462
n4081_1.in[0] (.names)                                                                            1.338     2.800
n4081_1.out[0] (.names)                                                                           0.261     3.061
n4112_1.in[4] (.names)                                                                            1.338     4.398
n4112_1.out[0] (.names)                                                                           0.261     4.659
n4148.in[4] (.names)                                                                              1.338     5.997
n4148.out[0] (.names)                                                                             0.261     6.258
n4166_1.in[2] (.names)                                                                            1.338     7.596
n4166_1.out[0] (.names)                                                                           0.261     7.857
n4185.in[2] (.names)                                                                              1.338     9.195
n4185.out[0] (.names)                                                                             0.261     9.456
n4201_1.in[2] (.names)                                                                            1.338    10.793
n4201_1.out[0] (.names)                                                                           0.261    11.054
n4217_1.in[2] (.names)                                                                            1.338    12.392
n4217_1.out[0] (.names)                                                                           0.261    12.653
n4233.in[2] (.names)                                                                              1.338    13.991
n4233.out[0] (.names)                                                                             0.261    14.252
n4248.in[2] (.names)                                                                              1.338    15.590
n4248.out[0] (.names)                                                                             0.261    15.851
n4263.in[2] (.names)                                                                              1.338    17.188
n4263.out[0] (.names)                                                                             0.261    17.449
n4280.in[2] (.names)                                                                              1.338    18.787
n4280.out[0] (.names)                                                                             0.261    19.048
n4295.in[2] (.names)                                                                              1.338    20.386
n4295.out[0] (.names)                                                                             0.261    20.647
n4321_1.in[2] (.names)                                                                            1.338    21.985
n4321_1.out[0] (.names)                                                                           0.261    22.246
n4339.in[2] (.names)                                                                              1.338    23.584
n4339.out[0] (.names)                                                                             0.261    23.845
n4359.in[2] (.names)                                                                              1.338    25.182
n4359.out[0] (.names)                                                                             0.261    25.443
n4377_1.in[2] (.names)                                                                            1.338    26.781
n4377_1.out[0] (.names)                                                                           0.261    27.042
n4397_1.in[2] (.names)                                                                            1.338    28.380
n4397_1.out[0] (.names)                                                                           0.261    28.641
n4415.in[2] (.names)                                                                              1.338    29.979
n4415.out[0] (.names)                                                                             0.261    30.240
n4434.in[2] (.names)                                                                              1.338    31.577
n4434.out[0] (.names)                                                                             0.261    31.838
n4452_1.in[2] (.names)                                                                            1.338    33.176
n4452_1.out[0] (.names)                                                                           0.261    33.437
n4476_1.in[2] (.names)                                                                            1.338    34.775
n4476_1.out[0] (.names)                                                                           0.261    35.036
n4495.in[2] (.names)                                                                              1.338    36.374
n4495.out[0] (.names)                                                                             0.261    36.635
n4494.in[3] (.names)                                                                              1.338    37.972
n4494.out[0] (.names)                                                                             0.261    38.233
n4493.in[1] (.names)                                                                              1.338    39.571
n4493.out[0] (.names)                                                                             0.261    39.832
n4489.in[4] (.names)                                                                              1.338    41.170
n4489.out[0] (.names)                                                                             0.261    41.431
n4488.in[3] (.names)                                                                              1.338    42.769
n4488.out[0] (.names)                                                                             0.261    43.030
top.or1200_rf+or1200_rf^MULTI_PORT_MUX~1103^MUX_2~8456.in[1] (.names)                             1.338    44.367
top.or1200_rf+or1200_rf^MULTI_PORT_MUX~1103^MUX_2~8456.out[0] (.names)                            0.261    44.628
top.or1200_rf+or1200_rf.dual_port_ram+rf_a^out2~26.data2[0] (dual_port_ram)                       1.338    45.966
data arrival time                                                                                          45.966

clock top^clk (rise edge)                                                                         0.000     0.000
clock source latency                                                                              0.000     0.000
top^clk.inpad[0] (.input)                                                                         0.000     0.000
top.or1200_rf+or1200_rf.dual_port_ram+rf_a^out2~26.clk[0] (dual_port_ram)                         1.338     1.338
clock uncertainty                                                                                 0.000     1.338
cell setup time                                                                                  -0.509     0.829
data required time                                                                                          0.829
-----------------------------------------------------------------------------------------------------------------
data required time                                                                                          0.829
data arrival time                                                                                         -45.966
-----------------------------------------------------------------------------------------------------------------
slack (VIOLATED)                                                                                          -45.137


#Path 8
Startpoint: top.or1200_operandmuxes+or1200_operandmuxes^FF_NODE~1353.Q[0] (.latch clocked by top^clk)
Endpoint  : top.or1200_rf+or1200_rf.dual_port_ram+rf_b^out2~26.data2[0] (dual_port_ram clocked by top^clk)
Path Type : setup

Point                                                                                              Incr      Path
-----------------------------------------------------------------------------------------------------------------
clock top^clk (rise edge)                                                                         0.000     0.000
clock source latency                                                                              0.000     0.000
top^clk.inpad[0] (.input)                                                                         0.000     0.000
top.or1200_operandmuxes+or1200_operandmuxes^FF_NODE~1353.clk[0] (.latch)                          1.338     1.338
top.or1200_operandmuxes+or1200_operandmuxes^FF_NODE~1353.Q[0] (.latch) [clock-to-output]          0.124     1.462
n4081_1.in[0] (.names)                                                                            1.338     2.800
n4081_1.out[0] (.names)                                                                           0.261     3.061
n4112_1.in[4] (.names)                                                                            1.338     4.398
n4112_1.out[0] (.names)                                                                           0.261     4.659
n4148.in[4] (.names)                                                                              1.338     5.997
n4148.out[0] (.names)                                                                             0.261     6.258
n4166_1.in[2] (.names)                                                                            1.338     7.596
n4166_1.out[0] (.names)                                                                           0.261     7.857
n4185.in[2] (.names)                                                                              1.338     9.195
n4185.out[0] (.names)                                                                             0.261     9.456
n4201_1.in[2] (.names)                                                                            1.338    10.793
n4201_1.out[0] (.names)                                                                           0.261    11.054
n4217_1.in[2] (.names)                                                                            1.338    12.392
n4217_1.out[0] (.names)                                                                           0.261    12.653
n4233.in[2] (.names)                                                                              1.338    13.991
n4233.out[0] (.names)                                                                             0.261    14.252
n4248.in[2] (.names)                                                                              1.338    15.590
n4248.out[0] (.names)                                                                             0.261    15.851
n4263.in[2] (.names)                                                                              1.338    17.188
n4263.out[0] (.names)                                                                             0.261    17.449
n4280.in[2] (.names)                                                                              1.338    18.787
n4280.out[0] (.names)                                                                             0.261    19.048
n4295.in[2] (.names)                                                                              1.338    20.386
n4295.out[0] (.names)                                                                             0.261    20.647
n4321_1.in[2] (.names)                                                                            1.338    21.985
n4321_1.out[0] (.names)                                                                           0.261    22.246
n4339.in[2] (.names)                                                                              1.338    23.584
n4339.out[0] (.names)                                                                             0.261    23.845
n4359.in[2] (.names)                                                                              1.338    25.182
n4359.out[0] (.names)                                                                             0.261    25.443
n4377_1.in[2] (.names)                                                                            1.338    26.781
n4377_1.out[0] (.names)                                                                           0.261    27.042
n4397_1.in[2] (.names)                                                                            1.338    28.380
n4397_1.out[0] (.names)                                                                           0.261    28.641
n4415.in[2] (.names)                                                                              1.338    29.979
n4415.out[0] (.names)                                                                             0.261    30.240
n4434.in[2] (.names)                                                                              1.338    31.577
n4434.out[0] (.names)                                                                             0.261    31.838
n4452_1.in[2] (.names)                                                                            1.338    33.176
n4452_1.out[0] (.names)                                                                           0.261    33.437
n4476_1.in[2] (.names)                                                                            1.338    34.775
n4476_1.out[0] (.names)                                                                           0.261    35.036
n4495.in[2] (.names)                                                                              1.338    36.374
n4495.out[0] (.names)                                                                             0.261    36.635
n4494.in[3] (.names)                                                                              1.338    37.972
n4494.out[0] (.names)                                                                             0.261    38.233
n4493.in[1] (.names)                                                                              1.338    39.571
n4493.out[0] (.names)                                                                             0.261    39.832
n4489.in[4] (.names)                                                                              1.338    41.170
n4489.out[0] (.names)                                                                             0.261    41.431
n4488.in[3] (.names)                                                                              1.338    42.769
n4488.out[0] (.names)                                                                             0.261    43.030
top.or1200_rf+or1200_rf^MULTI_PORT_MUX~1103^MUX_2~8456.in[1] (.names)                             1.338    44.367
top.or1200_rf+or1200_rf^MULTI_PORT_MUX~1103^MUX_2~8456.out[0] (.names)                            0.261    44.628
top.or1200_rf+or1200_rf.dual_port_ram+rf_b^out2~26.data2[0] (dual_port_ram)                       1.338    45.966
data arrival time                                                                                          45.966

clock top^clk (rise edge)                                                                         0.000     0.000
clock source latency                                                                              0.000     0.000
top^clk.inpad[0] (.input)                                                                         0.000     0.000
top.or1200_rf+or1200_rf.dual_port_ram+rf_b^out2~26.clk[0] (dual_port_ram)                         1.338     1.338
clock uncertainty                                                                                 0.000     1.338
cell setup time                                                                                  -0.509     0.829
data required time                                                                                          0.829
-----------------------------------------------------------------------------------------------------------------
data required time                                                                                          0.829
data arrival time                                                                                         -45.966
-----------------------------------------------------------------------------------------------------------------
slack (VIOLATED)                                                                                          -45.137


#Path 9
Startpoint: top.or1200_operandmuxes+or1200_operandmuxes^FF_NODE~1353.Q[0] (.latch clocked by top^clk)
Endpoint  : top.or1200_operandmuxes+or1200_operandmuxes^FF_NODE~1375.D[0] (.latch clocked by top^clk)
Path Type : setup

Point                                                                                           Incr      Path
--------------------------------------------------------------------------------------------------------------
clock top^clk (rise edge)                                                                      0.000     0.000
clock source latency                                                                           0.000     0.000
top^clk.inpad[0] (.input)                                                                      0.000     0.000
top.or1200_operandmuxes+or1200_operandmuxes^FF_NODE~1353.clk[0] (.latch)                       1.338     1.338
top.or1200_operandmuxes+or1200_operandmuxes^FF_NODE~1353.Q[0] (.latch) [clock-to-output]       0.124     1.462
n4066_1.in[0] (.names)                                                                         1.338     2.800
n4066_1.out[0] (.names)                                                                        0.261     3.061
n4110.in[4] (.names)                                                                           1.338     4.398
n4110.out[0] (.names)                                                                          0.261     4.659
n4145.in[4] (.names)                                                                           1.338     5.997
n4145.out[0] (.names)                                                                          0.261     6.258
n4163.in[2] (.names)                                                                           1.338     7.596
n4163.out[0] (.names)                                                                          0.261     7.857
n4183.in[2] (.names)                                                                           1.338     9.195
n4183.out[0] (.names)                                                                          0.261     9.456
n4199.in[2] (.names)                                                                           1.338    10.793
n4199.out[0] (.names)                                                                          0.261    11.054
n4215.in[2] (.names)                                                                           1.338    12.392
n4215.out[0] (.names)                                                                          0.261    12.653
n4231_1.in[2] (.names)                                                                         1.338    13.991
n4231_1.out[0] (.names)                                                                        0.261    14.252
n4246_1.in[2] (.names)                                                                         1.338    15.590
n4246_1.out[0] (.names)                                                                        0.261    15.851
n4261_1.in[2] (.names)                                                                         1.338    17.188
n4261_1.out[0] (.names)                                                                        0.261    17.449
n4278.in[2] (.names)                                                                           1.338    18.787
n4278.out[0] (.names)                                                                          0.261    19.048
n4293.in[2] (.names)                                                                           1.338    20.386
n4293.out[0] (.names)                                                                          0.261    20.647
n4319.in[2] (.names)                                                                           1.338    21.985
n4319.out[0] (.names)                                                                          0.261    22.246
n4337_1.in[2] (.names)                                                                         1.338    23.584
n4337_1.out[0] (.names)                                                                        0.261    23.845
n4357_1.in[2] (.names)                                                                         1.338    25.182
n4357_1.out[0] (.names)                                                                        0.261    25.443
n4375.in[2] (.names)                                                                           1.338    26.781
n4375.out[0] (.names)                                                                          0.261    27.042
n4395.in[2] (.names)                                                                           1.338    28.380
n4395.out[0] (.names)                                                                          0.261    28.641
n4413.in[2] (.names)                                                                           1.338    29.979
n4413.out[0] (.names)                                                                          0.261    30.240
n4450.in[4] (.names)                                                                           1.338    31.577
n4450.out[0] (.names)                                                                          0.261    31.838
n4474.in[2] (.names)                                                                           1.338    33.176
n4474.out[0] (.names)                                                                          0.261    33.437
n4473.in[2] (.names)                                                                           1.338    34.775
n4473.out[0] (.names)                                                                          0.261    35.036
n4490.in[1] (.names)                                                                           1.338    36.374
n4490.out[0] (.names)                                                                          0.261    36.635
n4509.in[0] (.names)                                                                           1.338    37.972
n4509.out[0] (.names)                                                                          0.261    38.233
n4547_1.in[4] (.names)                                                                         1.338    39.571
n4547_1.out[0] (.names)                                                                        0.261    39.832
n4546_1.in[2] (.names)                                                                         1.338    41.170
n4546_1.out[0] (.names)                                                                        0.261    41.431
n4544.in[4] (.names)                                                                           1.338    42.769
n4544.out[0] (.names)                                                                          0.261    43.030
n3491.in[2] (.names)                                                                           1.338    44.367
n3491.out[0] (.names)                                                                          0.261    44.628
top.or1200_operandmuxes+or1200_operandmuxes^FF_NODE~1375.D[0] (.latch)                         1.338    45.966
data arrival time                                                                                       45.966

clock top^clk (rise edge)                                                                      0.000     0.000
clock source latency                                                                           0.000     0.000
top^clk.inpad[0] (.input)                                                                      0.000     0.000
top.or1200_operandmuxes+or1200_operandmuxes^FF_NODE~1375.clk[0] (.latch)                       1.338     1.338
clock uncertainty                                                                              0.000     1.338
cell setup time                                                                               -0.066     1.272
data required time                                                                                       1.272
--------------------------------------------------------------------------------------------------------------
data required time                                                                                       1.272
data arrival time                                                                                      -45.966
--------------------------------------------------------------------------------------------------------------
slack (VIOLATED)                                                                                       -44.694


#Path 10
Startpoint: top.or1200_ctrl+or1200_ctrl^FF_NODE~823.Q[0] (.latch clocked by top^clk)
Endpoint  : top.or1200_mult_mac+or1200_mult_mac^FF_NODE~2190.D[0] (.latch clocked by top^clk)
Path Type : setup

Point                                                                                                      Incr      Path
-------------------------------------------------------------------------------------------------------------------------
clock top^clk (rise edge)                                                                                 0.000     0.000
clock source latency                                                                                      0.000     0.000
top^clk.inpad[0] (.input)                                                                                 0.000     0.000
top.or1200_ctrl+or1200_ctrl^FF_NODE~823.clk[0] (.latch)                                                   1.338     1.338
top.or1200_ctrl+or1200_ctrl^FF_NODE~823.Q[0] (.latch) [clock-to-output]                                   0.124     1.462
n3998.in[0] (.names)                                                                                      1.338     2.800
n3998.out[0] (.names)                                                                                     0.261     3.061
n4749.in[2] (.names)                                                                                      1.338     4.398
n4749.out[0] (.names)                                                                                     0.261     4.659
top.or1200_mult_mac+or1200_mult_mac^MULTI_PORT_MUX~1953^MUX_2~10530.in[3] (.names)                        1.338     5.997
top.or1200_mult_mac+or1200_mult_mac^MULTI_PORT_MUX~1953^MUX_2~10530.out[0] (.names)                       0.261     6.258
n5129.in[1] (.names)                                                                                      1.338     7.596
n5129.out[0] (.names)                                                                                     0.261     7.857
n5128.in[2] (.names)                                                                                      1.338     9.195
n5128.out[0] (.names)                                                                                     0.261     9.456
n5127_1.in[2] (.names)                                                                                    1.338    10.793
n5127_1.out[0] (.names)                                                                                   0.261    11.054
n5126_1.in[2] (.names)                                                                                    1.338    12.392
n5126_1.out[0] (.names)                                                                                   0.261    12.653
n5125.in[2] (.names)                                                                                      1.338    13.991
n5125.out[0] (.names)                                                                                     0.261    14.252
n5124.in[2] (.names)                                                                                      1.338    15.590
n5124.out[0] (.names)                                                                                     0.261    15.851
n5123.in[2] (.names)                                                                                      1.338    17.188
n5123.out[0] (.names)                                                                                     0.261    17.449
n5122_1.in[2] (.names)                                                                                    1.338    18.787
n5122_1.out[0] (.names)                                                                                   0.261    19.048
n5121_1.in[2] (.names)                                                                                    1.338    20.386
n5121_1.out[0] (.names)                                                                                   0.261    20.647
n5120.in[2] (.names)                                                                                      1.338    21.985
n5120.out[0] (.names)                                                                                     0.261    22.246
n5119.in[2] (.names)                                                                                      1.338    23.584
n5119.out[0] (.names)                                                                                     0.261    23.845
n5118.in[2] (.names)                                                                                      1.338    25.182
n5118.out[0] (.names)                                                                                     0.261    25.443
n5117_1.in[2] (.names)                                                                                    1.338    26.781
n5117_1.out[0] (.names)                                                                                   0.261    27.042
n5116_1.in[2] (.names)                                                                                    1.338    28.380
n5116_1.out[0] (.names)                                                                                   0.261    28.641
n5115.in[2] (.names)                                                                                      1.338    29.979
n5115.out[0] (.names)                                                                                     0.261    30.240
n5114.in[2] (.names)                                                                                      1.338    31.577
n5114.out[0] (.names)                                                                                     0.261    31.838
n5113.in[2] (.names)                                                                                      1.338    33.176
n5113.out[0] (.names)                                                                                     0.261    33.437
n5112_1.in[4] (.names)                                                                                    1.338    34.775
n5112_1.out[0] (.names)                                                                                   0.261    35.036
n5111_1.in[2] (.names)                                                                                    1.338    36.374
n5111_1.out[0] (.names)                                                                                   0.261    36.635
n5109.in[5] (.names)                                                                                      1.338    37.972
n5109.out[0] (.names)                                                                                     0.261    38.233
n5107_1.in[5] (.names)                                                                                    1.338    39.571
n5107_1.out[0] (.names)                                                                                   0.261    39.832
n5106_1.in[4] (.names)                                                                                    1.338    41.170
n5106_1.out[0] (.names)                                                                                   0.261    41.431
n5104.in[5] (.names)                                                                                      1.338    42.769
n5104.out[0] (.names)                                                                                     0.261    43.030
n2031.in[4] (.names)                                                                                      1.338    44.367
n2031.out[0] (.names)                                                                                     0.261    44.628
top.or1200_mult_mac+or1200_mult_mac^FF_NODE~2190.D[0] (.latch)                                            1.338    45.966
data arrival time                                                                                                  45.966

clock top^clk (rise edge)                                                                                 0.000     0.000
clock source latency                                                                                      0.000     0.000
top^clk.inpad[0] (.input)                                                                                 0.000     0.000
top.or1200_mult_mac+or1200_mult_mac^FF_NODE~2190.clk[0] (.latch)                                          1.338     1.338
clock uncertainty                                                                                         0.000     1.338
cell setup time                                                                                          -0.066     1.272
data required time                                                                                                  1.272
-------------------------------------------------------------------------------------------------------------------------
data required time                                                                                                  1.272
data arrival time                                                                                                 -45.966
-------------------------------------------------------------------------------------------------------------------------
slack (VIOLATED)                                                                                                  -44.694


#Path 11
Startpoint: top.or1200_operandmuxes+or1200_operandmuxes^FF_NODE~1353.Q[0] (.latch clocked by top^clk)
Endpoint  : top.or1200_wbmux+or1200_wbmux^FF_NODE~3182.D[0] (.latch clocked by top^clk)
Path Type : setup

Point                                                                                           Incr      Path
--------------------------------------------------------------------------------------------------------------
clock top^clk (rise edge)                                                                      0.000     0.000
clock source latency                                                                           0.000     0.000
top^clk.inpad[0] (.input)                                                                      0.000     0.000
top.or1200_operandmuxes+or1200_operandmuxes^FF_NODE~1353.clk[0] (.latch)                       1.338     1.338
top.or1200_operandmuxes+or1200_operandmuxes^FF_NODE~1353.Q[0] (.latch) [clock-to-output]       0.124     1.462
n4066_1.in[0] (.names)                                                                         1.338     2.800
n4066_1.out[0] (.names)                                                                        0.261     3.061
n4110.in[4] (.names)                                                                           1.338     4.398
n4110.out[0] (.names)                                                                          0.261     4.659
n4145.in[4] (.names)                                                                           1.338     5.997
n4145.out[0] (.names)                                                                          0.261     6.258
n4163.in[2] (.names)                                                                           1.338     7.596
n4163.out[0] (.names)                                                                          0.261     7.857
n4183.in[2] (.names)                                                                           1.338     9.195
n4183.out[0] (.names)                                                                          0.261     9.456
n4199.in[2] (.names)                                                                           1.338    10.793
n4199.out[0] (.names)                                                                          0.261    11.054
n4215.in[2] (.names)                                                                           1.338    12.392
n4215.out[0] (.names)                                                                          0.261    12.653
n4231_1.in[2] (.names)                                                                         1.338    13.991
n4231_1.out[0] (.names)                                                                        0.261    14.252
n4246_1.in[2] (.names)                                                                         1.338    15.590
n4246_1.out[0] (.names)                                                                        0.261    15.851
n4261_1.in[2] (.names)                                                                         1.338    17.188
n4261_1.out[0] (.names)                                                                        0.261    17.449
n4278.in[2] (.names)                                                                           1.338    18.787
n4278.out[0] (.names)                                                                          0.261    19.048
n4293.in[2] (.names)                                                                           1.338    20.386
n4293.out[0] (.names)                                                                          0.261    20.647
n4319.in[2] (.names)                                                                           1.338    21.985
n4319.out[0] (.names)                                                                          0.261    22.246
n4337_1.in[2] (.names)                                                                         1.338    23.584
n4337_1.out[0] (.names)                                                                        0.261    23.845
n4357_1.in[2] (.names)                                                                         1.338    25.182
n4357_1.out[0] (.names)                                                                        0.261    25.443
n4375.in[2] (.names)                                                                           1.338    26.781
n4375.out[0] (.names)                                                                          0.261    27.042
n4395.in[2] (.names)                                                                           1.338    28.380
n4395.out[0] (.names)                                                                          0.261    28.641
n4413.in[2] (.names)                                                                           1.338    29.979
n4413.out[0] (.names)                                                                          0.261    30.240
n4450.in[4] (.names)                                                                           1.338    31.577
n4450.out[0] (.names)                                                                          0.261    31.838
n4474.in[2] (.names)                                                                           1.338    33.176
n4474.out[0] (.names)                                                                          0.261    33.437
n4473.in[2] (.names)                                                                           1.338    34.775
n4473.out[0] (.names)                                                                          0.261    35.036
n4490.in[1] (.names)                                                                           1.338    36.374
n4490.out[0] (.names)                                                                          0.261    36.635
n4509.in[0] (.names)                                                                           1.338    37.972
n4509.out[0] (.names)                                                                          0.261    38.233
n4547_1.in[4] (.names)                                                                         1.338    39.571
n4547_1.out[0] (.names)                                                                        0.261    39.832
n4564.in[0] (.names)                                                                           1.338    41.170
n4564.out[0] (.names)                                                                          0.261    41.431
n4563.in[2] (.names)                                                                           1.338    42.769
n4563.out[0] (.names)                                                                          0.261    43.030
n1756.in[3] (.names)                                                                           1.338    44.367
n1756.out[0] (.names)                                                                          0.261    44.628
top.or1200_wbmux+or1200_wbmux^FF_NODE~3182.D[0] (.latch)                                       1.338    45.966
data arrival time                                                                                       45.966

clock top^clk (rise edge)                                                                      0.000     0.000
clock source latency                                                                           0.000     0.000
top^clk.inpad[0] (.input)                                                                      0.000     0.000
top.or1200_wbmux+or1200_wbmux^FF_NODE~3182.clk[0] (.latch)                                     1.338     1.338
clock uncertainty                                                                              0.000     1.338
cell setup time                                                                               -0.066     1.272
data required time                                                                                       1.272
--------------------------------------------------------------------------------------------------------------
data required time                                                                                       1.272
data arrival time                                                                                      -45.966
--------------------------------------------------------------------------------------------------------------
slack (VIOLATED)                                                                                       -44.694


#Path 12
Startpoint: top.or1200_operandmuxes+or1200_operandmuxes^FF_NODE~1353.Q[0] (.latch clocked by top^clk)
Endpoint  : top.or1200_operandmuxes+or1200_operandmuxes^FF_NODE~1326.D[0] (.latch clocked by top^clk)
Path Type : setup

Point                                                                                           Incr      Path
--------------------------------------------------------------------------------------------------------------
clock top^clk (rise edge)                                                                      0.000     0.000
clock source latency                                                                           0.000     0.000
top^clk.inpad[0] (.input)                                                                      0.000     0.000
top.or1200_operandmuxes+or1200_operandmuxes^FF_NODE~1353.clk[0] (.latch)                       1.338     1.338
top.or1200_operandmuxes+or1200_operandmuxes^FF_NODE~1353.Q[0] (.latch) [clock-to-output]       0.124     1.462
n4066_1.in[0] (.names)                                                                         1.338     2.800
n4066_1.out[0] (.names)                                                                        0.261     3.061
n4110.in[4] (.names)                                                                           1.338     4.398
n4110.out[0] (.names)                                                                          0.261     4.659
n4145.in[4] (.names)                                                                           1.338     5.997
n4145.out[0] (.names)                                                                          0.261     6.258
n4163.in[2] (.names)                                                                           1.338     7.596
n4163.out[0] (.names)                                                                          0.261     7.857
n4183.in[2] (.names)                                                                           1.338     9.195
n4183.out[0] (.names)                                                                          0.261     9.456
n4199.in[2] (.names)                                                                           1.338    10.793
n4199.out[0] (.names)                                                                          0.261    11.054
n4215.in[2] (.names)                                                                           1.338    12.392
n4215.out[0] (.names)                                                                          0.261    12.653
n4231_1.in[2] (.names)                                                                         1.338    13.991
n4231_1.out[0] (.names)                                                                        0.261    14.252
n4246_1.in[2] (.names)                                                                         1.338    15.590
n4246_1.out[0] (.names)                                                                        0.261    15.851
n4261_1.in[2] (.names)                                                                         1.338    17.188
n4261_1.out[0] (.names)                                                                        0.261    17.449
n4278.in[2] (.names)                                                                           1.338    18.787
n4278.out[0] (.names)                                                                          0.261    19.048
n4293.in[2] (.names)                                                                           1.338    20.386
n4293.out[0] (.names)                                                                          0.261    20.647
n4319.in[2] (.names)                                                                           1.338    21.985
n4319.out[0] (.names)                                                                          0.261    22.246
n4337_1.in[2] (.names)                                                                         1.338    23.584
n4337_1.out[0] (.names)                                                                        0.261    23.845
n4357_1.in[2] (.names)                                                                         1.338    25.182
n4357_1.out[0] (.names)                                                                        0.261    25.443
n4375.in[2] (.names)                                                                           1.338    26.781
n4375.out[0] (.names)                                                                          0.261    27.042
n4395.in[2] (.names)                                                                           1.338    28.380
n4395.out[0] (.names)                                                                          0.261    28.641
n4413.in[2] (.names)                                                                           1.338    29.979
n4413.out[0] (.names)                                                                          0.261    30.240
n4450.in[4] (.names)                                                                           1.338    31.577
n4450.out[0] (.names)                                                                          0.261    31.838
n4474.in[2] (.names)                                                                           1.338    33.176
n4474.out[0] (.names)                                                                          0.261    33.437
n4473.in[2] (.names)                                                                           1.338    34.775
n4473.out[0] (.names)                                                                          0.261    35.036
n4490.in[1] (.names)                                                                           1.338    36.374
n4490.out[0] (.names)                                                                          0.261    36.635
n4509.in[0] (.names)                                                                           1.338    37.972
n4509.out[0] (.names)                                                                          0.261    38.233
n4547_1.in[4] (.names)                                                                         1.338    39.571
n4547_1.out[0] (.names)                                                                        0.261    39.832
n4564.in[0] (.names)                                                                           1.338    41.170
n4564.out[0] (.names)                                                                          0.261    41.431
n4563.in[2] (.names)                                                                           1.338    42.769
n4563.out[0] (.names)                                                                          0.261    43.030
n1761.in[2] (.names)                                                                           1.338    44.367
n1761.out[0] (.names)                                                                          0.261    44.628
top.or1200_operandmuxes+or1200_operandmuxes^FF_NODE~1326.D[0] (.latch)                         1.338    45.966
data arrival time                                                                                       45.966

clock top^clk (rise edge)                                                                      0.000     0.000
clock source latency                                                                           0.000     0.000
top^clk.inpad[0] (.input)                                                                      0.000     0.000
top.or1200_operandmuxes+or1200_operandmuxes^FF_NODE~1326.clk[0] (.latch)                       1.338     1.338
clock uncertainty                                                                              0.000     1.338
cell setup time                                                                               -0.066     1.272
data required time                                                                                       1.272
--------------------------------------------------------------------------------------------------------------
data required time                                                                                       1.272
data arrival time                                                                                      -45.966
--------------------------------------------------------------------------------------------------------------
slack (VIOLATED)                                                                                       -44.694


#Path 13
Startpoint: top.or1200_operandmuxes+or1200_operandmuxes^FF_NODE~1353.Q[0] (.latch clocked by top^clk)
Endpoint  : top.or1200_operandmuxes+or1200_operandmuxes^FF_NODE~1377.D[0] (.latch clocked by top^clk)
Path Type : setup

Point                                                                                           Incr      Path
--------------------------------------------------------------------------------------------------------------
clock top^clk (rise edge)                                                                      0.000     0.000
clock source latency                                                                           0.000     0.000
top^clk.inpad[0] (.input)                                                                      0.000     0.000
top.or1200_operandmuxes+or1200_operandmuxes^FF_NODE~1353.clk[0] (.latch)                       1.338     1.338
top.or1200_operandmuxes+or1200_operandmuxes^FF_NODE~1353.Q[0] (.latch) [clock-to-output]       0.124     1.462
n4066_1.in[0] (.names)                                                                         1.338     2.800
n4066_1.out[0] (.names)                                                                        0.261     3.061
n4110.in[4] (.names)                                                                           1.338     4.398
n4110.out[0] (.names)                                                                          0.261     4.659
n4145.in[4] (.names)                                                                           1.338     5.997
n4145.out[0] (.names)                                                                          0.261     6.258
n4163.in[2] (.names)                                                                           1.338     7.596
n4163.out[0] (.names)                                                                          0.261     7.857
n4183.in[2] (.names)                                                                           1.338     9.195
n4183.out[0] (.names)                                                                          0.261     9.456
n4199.in[2] (.names)                                                                           1.338    10.793
n4199.out[0] (.names)                                                                          0.261    11.054
n4215.in[2] (.names)                                                                           1.338    12.392
n4215.out[0] (.names)                                                                          0.261    12.653
n4231_1.in[2] (.names)                                                                         1.338    13.991
n4231_1.out[0] (.names)                                                                        0.261    14.252
n4246_1.in[2] (.names)                                                                         1.338    15.590
n4246_1.out[0] (.names)                                                                        0.261    15.851
n4261_1.in[2] (.names)                                                                         1.338    17.188
n4261_1.out[0] (.names)                                                                        0.261    17.449
n4278.in[2] (.names)                                                                           1.338    18.787
n4278.out[0] (.names)                                                                          0.261    19.048
n4293.in[2] (.names)                                                                           1.338    20.386
n4293.out[0] (.names)                                                                          0.261    20.647
n4319.in[2] (.names)                                                                           1.338    21.985
n4319.out[0] (.names)                                                                          0.261    22.246
n4337_1.in[2] (.names)                                                                         1.338    23.584
n4337_1.out[0] (.names)                                                                        0.261    23.845
n4357_1.in[2] (.names)                                                                         1.338    25.182
n4357_1.out[0] (.names)                                                                        0.261    25.443
n4375.in[2] (.names)                                                                           1.338    26.781
n4375.out[0] (.names)                                                                          0.261    27.042
n4395.in[2] (.names)                                                                           1.338    28.380
n4395.out[0] (.names)                                                                          0.261    28.641
n4413.in[2] (.names)                                                                           1.338    29.979
n4413.out[0] (.names)                                                                          0.261    30.240
n4450.in[4] (.names)                                                                           1.338    31.577
n4450.out[0] (.names)                                                                          0.261    31.838
n4474.in[2] (.names)                                                                           1.338    33.176
n4474.out[0] (.names)                                                                          0.261    33.437
n4473.in[2] (.names)                                                                           1.338    34.775
n4473.out[0] (.names)                                                                          0.261    35.036
n4490.in[1] (.names)                                                                           1.338    36.374
n4490.out[0] (.names)                                                                          0.261    36.635
n4509.in[0] (.names)                                                                           1.338    37.972
n4509.out[0] (.names)                                                                          0.261    38.233
n4547_1.in[4] (.names)                                                                         1.338    39.571
n4547_1.out[0] (.names)                                                                        0.261    39.832
n4564.in[0] (.names)                                                                           1.338    41.170
n4564.out[0] (.names)                                                                          0.261    41.431
n4563.in[2] (.names)                                                                           1.338    42.769
n4563.out[0] (.names)                                                                          0.261    43.030
n3501.in[2] (.names)                                                                           1.338    44.367
n3501.out[0] (.names)                                                                          0.261    44.628
top.or1200_operandmuxes+or1200_operandmuxes^FF_NODE~1377.D[0] (.latch)                         1.338    45.966
data arrival time                                                                                       45.966

clock top^clk (rise edge)                                                                      0.000     0.000
clock source latency                                                                           0.000     0.000
top^clk.inpad[0] (.input)                                                                      0.000     0.000
top.or1200_operandmuxes+or1200_operandmuxes^FF_NODE~1377.clk[0] (.latch)                       1.338     1.338
clock uncertainty                                                                              0.000     1.338
cell setup time                                                                               -0.066     1.272
data required time                                                                                       1.272
--------------------------------------------------------------------------------------------------------------
data required time                                                                                       1.272
data arrival time                                                                                      -45.966
--------------------------------------------------------------------------------------------------------------
slack (VIOLATED)                                                                                       -44.694


#Path 14
Startpoint: top.or1200_operandmuxes+or1200_operandmuxes^FF_NODE~1353.Q[0] (.latch clocked by top^clk)
Endpoint  : top.or1200_wbmux+or1200_wbmux^FF_NODE~3183.D[0] (.latch clocked by top^clk)
Path Type : setup

Point                                                                                           Incr      Path
--------------------------------------------------------------------------------------------------------------
clock top^clk (rise edge)                                                                      0.000     0.000
clock source latency                                                                           0.000     0.000
top^clk.inpad[0] (.input)                                                                      0.000     0.000
top.or1200_operandmuxes+or1200_operandmuxes^FF_NODE~1353.clk[0] (.latch)                       1.338     1.338
top.or1200_operandmuxes+or1200_operandmuxes^FF_NODE~1353.Q[0] (.latch) [clock-to-output]       0.124     1.462
n4066_1.in[0] (.names)                                                                         1.338     2.800
n4066_1.out[0] (.names)                                                                        0.261     3.061
n4110.in[4] (.names)                                                                           1.338     4.398
n4110.out[0] (.names)                                                                          0.261     4.659
n4145.in[4] (.names)                                                                           1.338     5.997
n4145.out[0] (.names)                                                                          0.261     6.258
n4163.in[2] (.names)                                                                           1.338     7.596
n4163.out[0] (.names)                                                                          0.261     7.857
n4183.in[2] (.names)                                                                           1.338     9.195
n4183.out[0] (.names)                                                                          0.261     9.456
n4199.in[2] (.names)                                                                           1.338    10.793
n4199.out[0] (.names)                                                                          0.261    11.054
n4215.in[2] (.names)                                                                           1.338    12.392
n4215.out[0] (.names)                                                                          0.261    12.653
n4231_1.in[2] (.names)                                                                         1.338    13.991
n4231_1.out[0] (.names)                                                                        0.261    14.252
n4246_1.in[2] (.names)                                                                         1.338    15.590
n4246_1.out[0] (.names)                                                                        0.261    15.851
n4261_1.in[2] (.names)                                                                         1.338    17.188
n4261_1.out[0] (.names)                                                                        0.261    17.449
n4278.in[2] (.names)                                                                           1.338    18.787
n4278.out[0] (.names)                                                                          0.261    19.048
n4293.in[2] (.names)                                                                           1.338    20.386
n4293.out[0] (.names)                                                                          0.261    20.647
n4319.in[2] (.names)                                                                           1.338    21.985
n4319.out[0] (.names)                                                                          0.261    22.246
n4337_1.in[2] (.names)                                                                         1.338    23.584
n4337_1.out[0] (.names)                                                                        0.261    23.845
n4357_1.in[2] (.names)                                                                         1.338    25.182
n4357_1.out[0] (.names)                                                                        0.261    25.443
n4375.in[2] (.names)                                                                           1.338    26.781
n4375.out[0] (.names)                                                                          0.261    27.042
n4395.in[2] (.names)                                                                           1.338    28.380
n4395.out[0] (.names)                                                                          0.261    28.641
n4413.in[2] (.names)                                                                           1.338    29.979
n4413.out[0] (.names)                                                                          0.261    30.240
n4450.in[4] (.names)                                                                           1.338    31.577
n4450.out[0] (.names)                                                                          0.261    31.838
n4474.in[2] (.names)                                                                           1.338    33.176
n4474.out[0] (.names)                                                                          0.261    33.437
n4473.in[2] (.names)                                                                           1.338    34.775
n4473.out[0] (.names)                                                                          0.261    35.036
n4490.in[1] (.names)                                                                           1.338    36.374
n4490.out[0] (.names)                                                                          0.261    36.635
n4509.in[0] (.names)                                                                           1.338    37.972
n4509.out[0] (.names)                                                                          0.261    38.233
n4547_1.in[4] (.names)                                                                         1.338    39.571
n4547_1.out[0] (.names)                                                                        0.261    39.832
n4581_1.in[0] (.names)                                                                         1.338    41.170
n4581_1.out[0] (.names)                                                                        0.261    41.431
n4580.in[2] (.names)                                                                           1.338    42.769
n4580.out[0] (.names)                                                                          0.261    43.030
n1766.in[3] (.names)                                                                           1.338    44.367
n1766.out[0] (.names)                                                                          0.261    44.628
top.or1200_wbmux+or1200_wbmux^FF_NODE~3183.D[0] (.latch)                                       1.338    45.966
data arrival time                                                                                       45.966

clock top^clk (rise edge)                                                                      0.000     0.000
clock source latency                                                                           0.000     0.000
top^clk.inpad[0] (.input)                                                                      0.000     0.000
top.or1200_wbmux+or1200_wbmux^FF_NODE~3183.clk[0] (.latch)                                     1.338     1.338
clock uncertainty                                                                              0.000     1.338
cell setup time                                                                               -0.066     1.272
data required time                                                                                       1.272
--------------------------------------------------------------------------------------------------------------
data required time                                                                                       1.272
data arrival time                                                                                      -45.966
--------------------------------------------------------------------------------------------------------------
slack (VIOLATED)                                                                                       -44.694


#Path 15
Startpoint: top.or1200_operandmuxes+or1200_operandmuxes^FF_NODE~1353.Q[0] (.latch clocked by top^clk)
Endpoint  : top.or1200_operandmuxes+or1200_operandmuxes^FF_NODE~1327.D[0] (.latch clocked by top^clk)
Path Type : setup

Point                                                                                           Incr      Path
--------------------------------------------------------------------------------------------------------------
clock top^clk (rise edge)                                                                      0.000     0.000
clock source latency                                                                           0.000     0.000
top^clk.inpad[0] (.input)                                                                      0.000     0.000
top.or1200_operandmuxes+or1200_operandmuxes^FF_NODE~1353.clk[0] (.latch)                       1.338     1.338
top.or1200_operandmuxes+or1200_operandmuxes^FF_NODE~1353.Q[0] (.latch) [clock-to-output]       0.124     1.462
n4066_1.in[0] (.names)                                                                         1.338     2.800
n4066_1.out[0] (.names)                                                                        0.261     3.061
n4110.in[4] (.names)                                                                           1.338     4.398
n4110.out[0] (.names)                                                                          0.261     4.659
n4145.in[4] (.names)                                                                           1.338     5.997
n4145.out[0] (.names)                                                                          0.261     6.258
n4163.in[2] (.names)                                                                           1.338     7.596
n4163.out[0] (.names)                                                                          0.261     7.857
n4183.in[2] (.names)                                                                           1.338     9.195
n4183.out[0] (.names)                                                                          0.261     9.456
n4199.in[2] (.names)                                                                           1.338    10.793
n4199.out[0] (.names)                                                                          0.261    11.054
n4215.in[2] (.names)                                                                           1.338    12.392
n4215.out[0] (.names)                                                                          0.261    12.653
n4231_1.in[2] (.names)                                                                         1.338    13.991
n4231_1.out[0] (.names)                                                                        0.261    14.252
n4246_1.in[2] (.names)                                                                         1.338    15.590
n4246_1.out[0] (.names)                                                                        0.261    15.851
n4261_1.in[2] (.names)                                                                         1.338    17.188
n4261_1.out[0] (.names)                                                                        0.261    17.449
n4278.in[2] (.names)                                                                           1.338    18.787
n4278.out[0] (.names)                                                                          0.261    19.048
n4293.in[2] (.names)                                                                           1.338    20.386
n4293.out[0] (.names)                                                                          0.261    20.647
n4319.in[2] (.names)                                                                           1.338    21.985
n4319.out[0] (.names)                                                                          0.261    22.246
n4337_1.in[2] (.names)                                                                         1.338    23.584
n4337_1.out[0] (.names)                                                                        0.261    23.845
n4357_1.in[2] (.names)                                                                         1.338    25.182
n4357_1.out[0] (.names)                                                                        0.261    25.443
n4375.in[2] (.names)                                                                           1.338    26.781
n4375.out[0] (.names)                                                                          0.261    27.042
n4395.in[2] (.names)                                                                           1.338    28.380
n4395.out[0] (.names)                                                                          0.261    28.641
n4413.in[2] (.names)                                                                           1.338    29.979
n4413.out[0] (.names)                                                                          0.261    30.240
n4450.in[4] (.names)                                                                           1.338    31.577
n4450.out[0] (.names)                                                                          0.261    31.838
n4474.in[2] (.names)                                                                           1.338    33.176
n4474.out[0] (.names)                                                                          0.261    33.437
n4473.in[2] (.names)                                                                           1.338    34.775
n4473.out[0] (.names)                                                                          0.261    35.036
n4490.in[1] (.names)                                                                           1.338    36.374
n4490.out[0] (.names)                                                                          0.261    36.635
n4509.in[0] (.names)                                                                           1.338    37.972
n4509.out[0] (.names)                                                                          0.261    38.233
n4547_1.in[4] (.names)                                                                         1.338    39.571
n4547_1.out[0] (.names)                                                                        0.261    39.832
n4581_1.in[0] (.names)                                                                         1.338    41.170
n4581_1.out[0] (.names)                                                                        0.261    41.431
n4580.in[2] (.names)                                                                           1.338    42.769
n4580.out[0] (.names)                                                                          0.261    43.030
n1771.in[2] (.names)                                                                           1.338    44.367
n1771.out[0] (.names)                                                                          0.261    44.628
top.or1200_operandmuxes+or1200_operandmuxes^FF_NODE~1327.D[0] (.latch)                         1.338    45.966
data arrival time                                                                                       45.966

clock top^clk (rise edge)                                                                      0.000     0.000
clock source latency                                                                           0.000     0.000
top^clk.inpad[0] (.input)                                                                      0.000     0.000
top.or1200_operandmuxes+or1200_operandmuxes^FF_NODE~1327.clk[0] (.latch)                       1.338     1.338
clock uncertainty                                                                              0.000     1.338
cell setup time                                                                               -0.066     1.272
data required time                                                                                       1.272
--------------------------------------------------------------------------------------------------------------
data required time                                                                                       1.272
data arrival time                                                                                      -45.966
--------------------------------------------------------------------------------------------------------------
slack (VIOLATED)                                                                                       -44.694


#Path 16
Startpoint: top.or1200_operandmuxes+or1200_operandmuxes^FF_NODE~1353.Q[0] (.latch clocked by top^clk)
Endpoint  : top.or1200_operandmuxes+or1200_operandmuxes^FF_NODE~1378.D[0] (.latch clocked by top^clk)
Path Type : setup

Point                                                                                           Incr      Path
--------------------------------------------------------------------------------------------------------------
clock top^clk (rise edge)                                                                      0.000     0.000
clock source latency                                                                           0.000     0.000
top^clk.inpad[0] (.input)                                                                      0.000     0.000
top.or1200_operandmuxes+or1200_operandmuxes^FF_NODE~1353.clk[0] (.latch)                       1.338     1.338
top.or1200_operandmuxes+or1200_operandmuxes^FF_NODE~1353.Q[0] (.latch) [clock-to-output]       0.124     1.462
n4066_1.in[0] (.names)                                                                         1.338     2.800
n4066_1.out[0] (.names)                                                                        0.261     3.061
n4110.in[4] (.names)                                                                           1.338     4.398
n4110.out[0] (.names)                                                                          0.261     4.659
n4145.in[4] (.names)                                                                           1.338     5.997
n4145.out[0] (.names)                                                                          0.261     6.258
n4163.in[2] (.names)                                                                           1.338     7.596
n4163.out[0] (.names)                                                                          0.261     7.857
n4183.in[2] (.names)                                                                           1.338     9.195
n4183.out[0] (.names)                                                                          0.261     9.456
n4199.in[2] (.names)                                                                           1.338    10.793
n4199.out[0] (.names)                                                                          0.261    11.054
n4215.in[2] (.names)                                                                           1.338    12.392
n4215.out[0] (.names)                                                                          0.261    12.653
n4231_1.in[2] (.names)                                                                         1.338    13.991
n4231_1.out[0] (.names)                                                                        0.261    14.252
n4246_1.in[2] (.names)                                                                         1.338    15.590
n4246_1.out[0] (.names)                                                                        0.261    15.851
n4261_1.in[2] (.names)                                                                         1.338    17.188
n4261_1.out[0] (.names)                                                                        0.261    17.449
n4278.in[2] (.names)                                                                           1.338    18.787
n4278.out[0] (.names)                                                                          0.261    19.048
n4293.in[2] (.names)                                                                           1.338    20.386
n4293.out[0] (.names)                                                                          0.261    20.647
n4319.in[2] (.names)                                                                           1.338    21.985
n4319.out[0] (.names)                                                                          0.261    22.246
n4337_1.in[2] (.names)                                                                         1.338    23.584
n4337_1.out[0] (.names)                                                                        0.261    23.845
n4357_1.in[2] (.names)                                                                         1.338    25.182
n4357_1.out[0] (.names)                                                                        0.261    25.443
n4375.in[2] (.names)                                                                           1.338    26.781
n4375.out[0] (.names)                                                                          0.261    27.042
n4395.in[2] (.names)                                                                           1.338    28.380
n4395.out[0] (.names)                                                                          0.261    28.641
n4413.in[2] (.names)                                                                           1.338    29.979
n4413.out[0] (.names)                                                                          0.261    30.240
n4450.in[4] (.names)                                                                           1.338    31.577
n4450.out[0] (.names)                                                                          0.261    31.838
n4474.in[2] (.names)                                                                           1.338    33.176
n4474.out[0] (.names)                                                                          0.261    33.437
n4473.in[2] (.names)                                                                           1.338    34.775
n4473.out[0] (.names)                                                                          0.261    35.036
n4490.in[1] (.names)                                                                           1.338    36.374
n4490.out[0] (.names)                                                                          0.261    36.635
n4509.in[0] (.names)                                                                           1.338    37.972
n4509.out[0] (.names)                                                                          0.261    38.233
n4547_1.in[4] (.names)                                                                         1.338    39.571
n4547_1.out[0] (.names)                                                                        0.261    39.832
n4581_1.in[0] (.names)                                                                         1.338    41.170
n4581_1.out[0] (.names)                                                                        0.261    41.431
n4580.in[2] (.names)                                                                           1.338    42.769
n4580.out[0] (.names)                                                                          0.261    43.030
n2851.in[2] (.names)                                                                           1.338    44.367
n2851.out[0] (.names)                                                                          0.261    44.628
top.or1200_operandmuxes+or1200_operandmuxes^FF_NODE~1378.D[0] (.latch)                         1.338    45.966
data arrival time                                                                                       45.966

clock top^clk (rise edge)                                                                      0.000     0.000
clock source latency                                                                           0.000     0.000
top^clk.inpad[0] (.input)                                                                      0.000     0.000
top.or1200_operandmuxes+or1200_operandmuxes^FF_NODE~1378.clk[0] (.latch)                       1.338     1.338
clock uncertainty                                                                              0.000     1.338
cell setup time                                                                               -0.066     1.272
data required time                                                                                       1.272
--------------------------------------------------------------------------------------------------------------
data required time                                                                                       1.272
data arrival time                                                                                      -45.966
--------------------------------------------------------------------------------------------------------------
slack (VIOLATED)                                                                                       -44.694


#Path 17
Startpoint: top.or1200_ctrl+or1200_ctrl^FF_NODE~823.Q[0] (.latch clocked by top^clk)
Endpoint  : top.or1200_mult_mac+or1200_mult_mac^FF_NODE~2163.D[0] (.latch clocked by top^clk)
Path Type : setup

Point                                                                                                      Incr      Path
-------------------------------------------------------------------------------------------------------------------------
clock top^clk (rise edge)                                                                                 0.000     0.000
clock source latency                                                                                      0.000     0.000
top^clk.inpad[0] (.input)                                                                                 0.000     0.000
top.or1200_ctrl+or1200_ctrl^FF_NODE~823.clk[0] (.latch)                                                   1.338     1.338
top.or1200_ctrl+or1200_ctrl^FF_NODE~823.Q[0] (.latch) [clock-to-output]                                   0.124     1.462
n3998.in[0] (.names)                                                                                      1.338     2.800
n3998.out[0] (.names)                                                                                     0.261     3.061
n4749.in[2] (.names)                                                                                      1.338     4.398
n4749.out[0] (.names)                                                                                     0.261     4.659
top.or1200_mult_mac+or1200_mult_mac^MULTI_PORT_MUX~1953^MUX_2~10530.in[3] (.names)                        1.338     5.997
top.or1200_mult_mac+or1200_mult_mac^MULTI_PORT_MUX~1953^MUX_2~10530.out[0] (.names)                       0.261     6.258
n5129.in[1] (.names)                                                                                      1.338     7.596
n5129.out[0] (.names)                                                                                     0.261     7.857
n5128.in[2] (.names)                                                                                      1.338     9.195
n5128.out[0] (.names)                                                                                     0.261     9.456
n5127_1.in[2] (.names)                                                                                    1.338    10.793
n5127_1.out[0] (.names)                                                                                   0.261    11.054
n5126_1.in[2] (.names)                                                                                    1.338    12.392
n5126_1.out[0] (.names)                                                                                   0.261    12.653
n5125.in[2] (.names)                                                                                      1.338    13.991
n5125.out[0] (.names)                                                                                     0.261    14.252
n5124.in[2] (.names)                                                                                      1.338    15.590
n5124.out[0] (.names)                                                                                     0.261    15.851
n5123.in[2] (.names)                                                                                      1.338    17.188
n5123.out[0] (.names)                                                                                     0.261    17.449
n5122_1.in[2] (.names)                                                                                    1.338    18.787
n5122_1.out[0] (.names)                                                                                   0.261    19.048
n5121_1.in[2] (.names)                                                                                    1.338    20.386
n5121_1.out[0] (.names)                                                                                   0.261    20.647
n5120.in[2] (.names)                                                                                      1.338    21.985
n5120.out[0] (.names)                                                                                     0.261    22.246
n5119.in[2] (.names)                                                                                      1.338    23.584
n5119.out[0] (.names)                                                                                     0.261    23.845
n5118.in[2] (.names)                                                                                      1.338    25.182
n5118.out[0] (.names)                                                                                     0.261    25.443
n5117_1.in[2] (.names)                                                                                    1.338    26.781
n5117_1.out[0] (.names)                                                                                   0.261    27.042
n5116_1.in[2] (.names)                                                                                    1.338    28.380
n5116_1.out[0] (.names)                                                                                   0.261    28.641
n5115.in[2] (.names)                                                                                      1.338    29.979
n5115.out[0] (.names)                                                                                     0.261    30.240
n5114.in[2] (.names)                                                                                      1.338    31.577
n5114.out[0] (.names)                                                                                     0.261    31.838
n5113.in[2] (.names)                                                                                      1.338    33.176
n5113.out[0] (.names)                                                                                     0.261    33.437
n5112_1.in[4] (.names)                                                                                    1.338    34.775
n5112_1.out[0] (.names)                                                                                   0.261    35.036
n5111_1.in[2] (.names)                                                                                    1.338    36.374
n5111_1.out[0] (.names)                                                                                   0.261    36.635
n5109.in[5] (.names)                                                                                      1.338    37.972
n5109.out[0] (.names)                                                                                     0.261    38.233
n5107_1.in[5] (.names)                                                                                    1.338    39.571
n5107_1.out[0] (.names)                                                                                   0.261    39.832
n5106_1.in[4] (.names)                                                                                    1.338    41.170
n5106_1.out[0] (.names)                                                                                   0.261    41.431
n5104.in[5] (.names)                                                                                      1.338    42.769
n5104.out[0] (.names)                                                                                     0.261    43.030
n1866.in[2] (.names)                                                                                      1.338    44.367
n1866.out[0] (.names)                                                                                     0.261    44.628
top.or1200_mult_mac+or1200_mult_mac^FF_NODE~2163.D[0] (.latch)                                            1.338    45.966
data arrival time                                                                                                  45.966

clock top^clk (rise edge)                                                                                 0.000     0.000
clock source latency                                                                                      0.000     0.000
top^clk.inpad[0] (.input)                                                                                 0.000     0.000
top.or1200_mult_mac+or1200_mult_mac^FF_NODE~2163.clk[0] (.latch)                                          1.338     1.338
clock uncertainty                                                                                         0.000     1.338
cell setup time                                                                                          -0.066     1.272
data required time                                                                                                  1.272
-------------------------------------------------------------------------------------------------------------------------
data required time                                                                                                  1.272
data arrival time                                                                                                 -45.966
-------------------------------------------------------------------------------------------------------------------------
slack (VIOLATED)                                                                                                  -44.694


#Path 18
Startpoint: top.or1200_ctrl+or1200_ctrl^FF_NODE~690.Q[0] (.latch clocked by top^clk)
Endpoint  : top.or1200_genpc+or1200_genpc^FF_NODE~172.D[0] (.latch clocked by top^clk)
Path Type : setup

Point                                                                            Incr      Path
-----------------------------------------------------------------------------------------------
clock top^clk (rise edge)                                                       0.000     0.000
clock source latency                                                            0.000     0.000
top^clk.inpad[0] (.input)                                                       0.000     0.000
top.or1200_ctrl+or1200_ctrl^FF_NODE~690.clk[0] (.latch)                         1.338     1.338
top.or1200_ctrl+or1200_ctrl^FF_NODE~690.Q[0] (.latch) [clock-to-output]         0.124     1.462
n3483.in[0] (.names)                                                            1.338     2.800
n3483.out[0] (.names)                                                           0.261     3.061
n3490.in[2] (.names)                                                            1.338     4.398
n3490.out[0] (.names)                                                           0.261     4.659
n3507_1.in[4] (.names)                                                          1.338     5.997
n3507_1.out[0] (.names)                                                         0.261     6.258
n3517_1.in[2] (.names)                                                          1.338     7.596
n3517_1.out[0] (.names)                                                         0.261     7.857
n3534.in[4] (.names)                                                            1.338     9.195
n3534.out[0] (.names)                                                           0.261     9.456
n3543.in[2] (.names)                                                            1.338    10.793
n3543.out[0] (.names)                                                           0.261    11.054
n3552_1.in[2] (.names)                                                          1.338    12.392
n3552_1.out[0] (.names)                                                         0.261    12.653
n3561_1.in[2] (.names)                                                          1.338    13.991
n3561_1.out[0] (.names)                                                         0.261    14.252
n3571_1.in[2] (.names)                                                          1.338    15.590
n3571_1.out[0] (.names)                                                         0.261    15.851
n3580.in[2] (.names)                                                            1.338    17.188
n3580.out[0] (.names)                                                           0.261    17.449
n3590.in[2] (.names)                                                            1.338    18.787
n3590.out[0] (.names)                                                           0.261    19.048
n3599.in[2] (.names)                                                            1.338    20.386
n3599.out[0] (.names)                                                           0.261    20.647
n3609.in[2] (.names)                                                            1.338    21.985
n3609.out[0] (.names)                                                           0.261    22.246
n3618.in[2] (.names)                                                            1.338    23.584
n3618.out[0] (.names)                                                           0.261    23.845
n3628.in[2] (.names)                                                            1.338    25.182
n3628.out[0] (.names)                                                           0.261    25.443
n3637_1.in[2] (.names)                                                          1.338    26.781
n3637_1.out[0] (.names)                                                         0.261    27.042
n3647_1.in[2] (.names)                                                          1.338    28.380
n3647_1.out[0] (.names)                                                         0.261    28.641
n3656_1.in[2] (.names)                                                          1.338    29.979
n3656_1.out[0] (.names)                                                         0.261    30.240
n3666_1.in[2] (.names)                                                          1.338    31.577
n3666_1.out[0] (.names)                                                         0.261    31.838
n3675.in[2] (.names)                                                            1.338    33.176
n3675.out[0] (.names)                                                           0.261    33.437
n3685.in[2] (.names)                                                            1.338    34.775
n3685.out[0] (.names)                                                           0.261    35.036
n3694.in[2] (.names)                                                            1.338    36.374
n3694.out[0] (.names)                                                           0.261    36.635
n3730.in[5] (.names)                                                            1.338    37.972
n3730.out[0] (.names)                                                           0.261    38.233
n3729.in[1] (.names)                                                            1.338    39.571
n3729.out[0] (.names)                                                           0.261    39.832
n3728.in[1] (.names)                                                            1.338    41.170
n3728.out[0] (.names)                                                           0.261    41.431
n4919.in[0] (.names)                                                            1.338    42.769
n4919.out[0] (.names)                                                           0.261    43.030
n1481.in[4] (.names)                                                            1.338    44.367
n1481.out[0] (.names)                                                           0.261    44.628
top.or1200_genpc+or1200_genpc^FF_NODE~172.D[0] (.latch)                         1.338    45.966
data arrival time                                                                        45.966

clock top^clk (rise edge)                                                       0.000     0.000
clock source latency                                                            0.000     0.000
top^clk.inpad[0] (.input)                                                       0.000     0.000
top.or1200_genpc+or1200_genpc^FF_NODE~172.clk[0] (.latch)                       1.338     1.338
clock uncertainty                                                               0.000     1.338
cell setup time                                                                -0.066     1.272
data required time                                                                        1.272
-----------------------------------------------------------------------------------------------
data required time                                                                        1.272
data arrival time                                                                       -45.966
-----------------------------------------------------------------------------------------------
slack (VIOLATED)                                                                        -44.694


#Path 19
Startpoint: top.or1200_operandmuxes+or1200_operandmuxes^FF_NODE~1353.Q[0] (.latch clocked by top^clk)
Endpoint  : top.or1200_operandmuxes+or1200_operandmuxes^FF_NODE~1324.D[0] (.latch clocked by top^clk)
Path Type : setup

Point                                                                                           Incr      Path
--------------------------------------------------------------------------------------------------------------
clock top^clk (rise edge)                                                                      0.000     0.000
clock source latency                                                                           0.000     0.000
top^clk.inpad[0] (.input)                                                                      0.000     0.000
top.or1200_operandmuxes+or1200_operandmuxes^FF_NODE~1353.clk[0] (.latch)                       1.338     1.338
top.or1200_operandmuxes+or1200_operandmuxes^FF_NODE~1353.Q[0] (.latch) [clock-to-output]       0.124     1.462
n4066_1.in[0] (.names)                                                                         1.338     2.800
n4066_1.out[0] (.names)                                                                        0.261     3.061
n4110.in[4] (.names)                                                                           1.338     4.398
n4110.out[0] (.names)                                                                          0.261     4.659
n4145.in[4] (.names)                                                                           1.338     5.997
n4145.out[0] (.names)                                                                          0.261     6.258
n4163.in[2] (.names)                                                                           1.338     7.596
n4163.out[0] (.names)                                                                          0.261     7.857
n4183.in[2] (.names)                                                                           1.338     9.195
n4183.out[0] (.names)                                                                          0.261     9.456
n4199.in[2] (.names)                                                                           1.338    10.793
n4199.out[0] (.names)                                                                          0.261    11.054
n4215.in[2] (.names)                                                                           1.338    12.392
n4215.out[0] (.names)                                                                          0.261    12.653
n4231_1.in[2] (.names)                                                                         1.338    13.991
n4231_1.out[0] (.names)                                                                        0.261    14.252
n4246_1.in[2] (.names)                                                                         1.338    15.590
n4246_1.out[0] (.names)                                                                        0.261    15.851
n4261_1.in[2] (.names)                                                                         1.338    17.188
n4261_1.out[0] (.names)                                                                        0.261    17.449
n4278.in[2] (.names)                                                                           1.338    18.787
n4278.out[0] (.names)                                                                          0.261    19.048
n4293.in[2] (.names)                                                                           1.338    20.386
n4293.out[0] (.names)                                                                          0.261    20.647
n4319.in[2] (.names)                                                                           1.338    21.985
n4319.out[0] (.names)                                                                          0.261    22.246
n4337_1.in[2] (.names)                                                                         1.338    23.584
n4337_1.out[0] (.names)                                                                        0.261    23.845
n4357_1.in[2] (.names)                                                                         1.338    25.182
n4357_1.out[0] (.names)                                                                        0.261    25.443
n4375.in[2] (.names)                                                                           1.338    26.781
n4375.out[0] (.names)                                                                          0.261    27.042
n4395.in[2] (.names)                                                                           1.338    28.380
n4395.out[0] (.names)                                                                          0.261    28.641
n4413.in[2] (.names)                                                                           1.338    29.979
n4413.out[0] (.names)                                                                          0.261    30.240
n4450.in[4] (.names)                                                                           1.338    31.577
n4450.out[0] (.names)                                                                          0.261    31.838
n4474.in[2] (.names)                                                                           1.338    33.176
n4474.out[0] (.names)                                                                          0.261    33.437
n4473.in[2] (.names)                                                                           1.338    34.775
n4473.out[0] (.names)                                                                          0.261    35.036
n4490.in[1] (.names)                                                                           1.338    36.374
n4490.out[0] (.names)                                                                          0.261    36.635
n4509.in[0] (.names)                                                                           1.338    37.972
n4509.out[0] (.names)                                                                          0.261    38.233
n4547_1.in[4] (.names)                                                                         1.338    39.571
n4547_1.out[0] (.names)                                                                        0.261    39.832
n4546_1.in[2] (.names)                                                                         1.338    41.170
n4546_1.out[0] (.names)                                                                        0.261    41.431
n4544.in[4] (.names)                                                                           1.338    42.769
n4544.out[0] (.names)                                                                          0.261    43.030
n1751.in[2] (.names)                                                                           1.338    44.367
n1751.out[0] (.names)                                                                          0.261    44.628
top.or1200_operandmuxes+or1200_operandmuxes^FF_NODE~1324.D[0] (.latch)                         1.338    45.966
data arrival time                                                                                       45.966

clock top^clk (rise edge)                                                                      0.000     0.000
clock source latency                                                                           0.000     0.000
top^clk.inpad[0] (.input)                                                                      0.000     0.000
top.or1200_operandmuxes+or1200_operandmuxes^FF_NODE~1324.clk[0] (.latch)                       1.338     1.338
clock uncertainty                                                                              0.000     1.338
cell setup time                                                                               -0.066     1.272
data required time                                                                                       1.272
--------------------------------------------------------------------------------------------------------------
data required time                                                                                       1.272
data arrival time                                                                                      -45.966
--------------------------------------------------------------------------------------------------------------
slack (VIOLATED)                                                                                       -44.694


#Path 20
Startpoint: top.or1200_operandmuxes+or1200_operandmuxes^FF_NODE~1353.Q[0] (.latch clocked by top^clk)
Endpoint  : top.or1200_wbmux+or1200_wbmux^FF_NODE~3180.D[0] (.latch clocked by top^clk)
Path Type : setup

Point                                                                                           Incr      Path
--------------------------------------------------------------------------------------------------------------
clock top^clk (rise edge)                                                                      0.000     0.000
clock source latency                                                                           0.000     0.000
top^clk.inpad[0] (.input)                                                                      0.000     0.000
top.or1200_operandmuxes+or1200_operandmuxes^FF_NODE~1353.clk[0] (.latch)                       1.338     1.338
top.or1200_operandmuxes+or1200_operandmuxes^FF_NODE~1353.Q[0] (.latch) [clock-to-output]       0.124     1.462
n4066_1.in[0] (.names)                                                                         1.338     2.800
n4066_1.out[0] (.names)                                                                        0.261     3.061
n4110.in[4] (.names)                                                                           1.338     4.398
n4110.out[0] (.names)                                                                          0.261     4.659
n4145.in[4] (.names)                                                                           1.338     5.997
n4145.out[0] (.names)                                                                          0.261     6.258
n4163.in[2] (.names)                                                                           1.338     7.596
n4163.out[0] (.names)                                                                          0.261     7.857
n4183.in[2] (.names)                                                                           1.338     9.195
n4183.out[0] (.names)                                                                          0.261     9.456
n4199.in[2] (.names)                                                                           1.338    10.793
n4199.out[0] (.names)                                                                          0.261    11.054
n4215.in[2] (.names)                                                                           1.338    12.392
n4215.out[0] (.names)                                                                          0.261    12.653
n4231_1.in[2] (.names)                                                                         1.338    13.991
n4231_1.out[0] (.names)                                                                        0.261    14.252
n4246_1.in[2] (.names)                                                                         1.338    15.590
n4246_1.out[0] (.names)                                                                        0.261    15.851
n4261_1.in[2] (.names)                                                                         1.338    17.188
n4261_1.out[0] (.names)                                                                        0.261    17.449
n4278.in[2] (.names)                                                                           1.338    18.787
n4278.out[0] (.names)                                                                          0.261    19.048
n4293.in[2] (.names)                                                                           1.338    20.386
n4293.out[0] (.names)                                                                          0.261    20.647
n4319.in[2] (.names)                                                                           1.338    21.985
n4319.out[0] (.names)                                                                          0.261    22.246
n4337_1.in[2] (.names)                                                                         1.338    23.584
n4337_1.out[0] (.names)                                                                        0.261    23.845
n4357_1.in[2] (.names)                                                                         1.338    25.182
n4357_1.out[0] (.names)                                                                        0.261    25.443
n4375.in[2] (.names)                                                                           1.338    26.781
n4375.out[0] (.names)                                                                          0.261    27.042
n4395.in[2] (.names)                                                                           1.338    28.380
n4395.out[0] (.names)                                                                          0.261    28.641
n4413.in[2] (.names)                                                                           1.338    29.979
n4413.out[0] (.names)                                                                          0.261    30.240
n4450.in[4] (.names)                                                                           1.338    31.577
n4450.out[0] (.names)                                                                          0.261    31.838
n4474.in[2] (.names)                                                                           1.338    33.176
n4474.out[0] (.names)                                                                          0.261    33.437
n4473.in[2] (.names)                                                                           1.338    34.775
n4473.out[0] (.names)                                                                          0.261    35.036
n4490.in[1] (.names)                                                                           1.338    36.374
n4490.out[0] (.names)                                                                          0.261    36.635
n4509.in[0] (.names)                                                                           1.338    37.972
n4509.out[0] (.names)                                                                          0.261    38.233
n4547_1.in[4] (.names)                                                                         1.338    39.571
n4547_1.out[0] (.names)                                                                        0.261    39.832
n4546_1.in[2] (.names)                                                                         1.338    41.170
n4546_1.out[0] (.names)                                                                        0.261    41.431
n4544.in[4] (.names)                                                                           1.338    42.769
n4544.out[0] (.names)                                                                          0.261    43.030
n1746.in[3] (.names)                                                                           1.338    44.367
n1746.out[0] (.names)                                                                          0.261    44.628
top.or1200_wbmux+or1200_wbmux^FF_NODE~3180.D[0] (.latch)                                       1.338    45.966
data arrival time                                                                                       45.966

clock top^clk (rise edge)                                                                      0.000     0.000
clock source latency                                                                           0.000     0.000
top^clk.inpad[0] (.input)                                                                      0.000     0.000
top.or1200_wbmux+or1200_wbmux^FF_NODE~3180.clk[0] (.latch)                                     1.338     1.338
clock uncertainty                                                                              0.000     1.338
cell setup time                                                                               -0.066     1.272
data required time                                                                                       1.272
--------------------------------------------------------------------------------------------------------------
data required time                                                                                       1.272
data arrival time                                                                                      -45.966
--------------------------------------------------------------------------------------------------------------
slack (VIOLATED)                                                                                       -44.694


#Path 21
Startpoint: top.or1200_operandmuxes+or1200_operandmuxes^FF_NODE~1353.Q[0] (.latch clocked by top^clk)
Endpoint  : top.or1200_operandmuxes+or1200_operandmuxes^FF_NODE~1372.D[0] (.latch clocked by top^clk)
Path Type : setup

Point                                                                                           Incr      Path
--------------------------------------------------------------------------------------------------------------
clock top^clk (rise edge)                                                                      0.000     0.000
clock source latency                                                                           0.000     0.000
top^clk.inpad[0] (.input)                                                                      0.000     0.000
top.or1200_operandmuxes+or1200_operandmuxes^FF_NODE~1353.clk[0] (.latch)                       1.338     1.338
top.or1200_operandmuxes+or1200_operandmuxes^FF_NODE~1353.Q[0] (.latch) [clock-to-output]       0.124     1.462
n4081_1.in[0] (.names)                                                                         1.338     2.800
n4081_1.out[0] (.names)                                                                        0.261     3.061
n4112_1.in[4] (.names)                                                                         1.338     4.398
n4112_1.out[0] (.names)                                                                        0.261     4.659
n4148.in[4] (.names)                                                                           1.338     5.997
n4148.out[0] (.names)                                                                          0.261     6.258
n4166_1.in[2] (.names)                                                                         1.338     7.596
n4166_1.out[0] (.names)                                                                        0.261     7.857
n4185.in[2] (.names)                                                                           1.338     9.195
n4185.out[0] (.names)                                                                          0.261     9.456
n4201_1.in[2] (.names)                                                                         1.338    10.793
n4201_1.out[0] (.names)                                                                        0.261    11.054
n4217_1.in[2] (.names)                                                                         1.338    12.392
n4217_1.out[0] (.names)                                                                        0.261    12.653
n4233.in[2] (.names)                                                                           1.338    13.991
n4233.out[0] (.names)                                                                          0.261    14.252
n4248.in[2] (.names)                                                                           1.338    15.590
n4248.out[0] (.names)                                                                          0.261    15.851
n4263.in[2] (.names)                                                                           1.338    17.188
n4263.out[0] (.names)                                                                          0.261    17.449
n4280.in[2] (.names)                                                                           1.338    18.787
n4280.out[0] (.names)                                                                          0.261    19.048
n4295.in[2] (.names)                                                                           1.338    20.386
n4295.out[0] (.names)                                                                          0.261    20.647
n4321_1.in[2] (.names)                                                                         1.338    21.985
n4321_1.out[0] (.names)                                                                        0.261    22.246
n4339.in[2] (.names)                                                                           1.338    23.584
n4339.out[0] (.names)                                                                          0.261    23.845
n4359.in[2] (.names)                                                                           1.338    25.182
n4359.out[0] (.names)                                                                          0.261    25.443
n4377_1.in[2] (.names)                                                                         1.338    26.781
n4377_1.out[0] (.names)                                                                        0.261    27.042
n4397_1.in[2] (.names)                                                                         1.338    28.380
n4397_1.out[0] (.names)                                                                        0.261    28.641
n4415.in[2] (.names)                                                                           1.338    29.979
n4415.out[0] (.names)                                                                          0.261    30.240
n4434.in[2] (.names)                                                                           1.338    31.577
n4434.out[0] (.names)                                                                          0.261    31.838
n4452_1.in[2] (.names)                                                                         1.338    33.176
n4452_1.out[0] (.names)                                                                        0.261    33.437
n4476_1.in[2] (.names)                                                                         1.338    34.775
n4476_1.out[0] (.names)                                                                        0.261    35.036
n4495.in[2] (.names)                                                                           1.338    36.374
n4495.out[0] (.names)                                                                          0.261    36.635
n4494.in[3] (.names)                                                                           1.338    37.972
n4494.out[0] (.names)                                                                          0.261    38.233
n4493.in[1] (.names)                                                                           1.338    39.571
n4493.out[0] (.names)                                                                          0.261    39.832
n4489.in[4] (.names)                                                                           1.338    41.170
n4489.out[0] (.names)                                                                          0.261    41.431
n4488.in[3] (.names)                                                                           1.338    42.769
n4488.out[0] (.names)                                                                          0.261    43.030
n3461.in[2] (.names)                                                                           1.338    44.367
n3461.out[0] (.names)                                                                          0.261    44.628
top.or1200_operandmuxes+or1200_operandmuxes^FF_NODE~1372.D[0] (.latch)                         1.338    45.966
data arrival time                                                                                       45.966

clock top^clk (rise edge)                                                                      0.000     0.000
clock source latency                                                                           0.000     0.000
top^clk.inpad[0] (.input)                                                                      0.000     0.000
top.or1200_operandmuxes+or1200_operandmuxes^FF_NODE~1372.clk[0] (.latch)                       1.338     1.338
clock uncertainty                                                                              0.000     1.338
cell setup time                                                                               -0.066     1.272
data required time                                                                                       1.272
--------------------------------------------------------------------------------------------------------------
data required time                                                                                       1.272
data arrival time                                                                                      -45.966
--------------------------------------------------------------------------------------------------------------
slack (VIOLATED)                                                                                       -44.694


#Path 22
Startpoint: top.or1200_operandmuxes+or1200_operandmuxes^FF_NODE~1353.Q[0] (.latch clocked by top^clk)
Endpoint  : top.or1200_operandmuxes+or1200_operandmuxes^FF_NODE~1321.D[0] (.latch clocked by top^clk)
Path Type : setup

Point                                                                                           Incr      Path
--------------------------------------------------------------------------------------------------------------
clock top^clk (rise edge)                                                                      0.000     0.000
clock source latency                                                                           0.000     0.000
top^clk.inpad[0] (.input)                                                                      0.000     0.000
top.or1200_operandmuxes+or1200_operandmuxes^FF_NODE~1353.clk[0] (.latch)                       1.338     1.338
top.or1200_operandmuxes+or1200_operandmuxes^FF_NODE~1353.Q[0] (.latch) [clock-to-output]       0.124     1.462
n4081_1.in[0] (.names)                                                                         1.338     2.800
n4081_1.out[0] (.names)                                                                        0.261     3.061
n4112_1.in[4] (.names)                                                                         1.338     4.398
n4112_1.out[0] (.names)                                                                        0.261     4.659
n4148.in[4] (.names)                                                                           1.338     5.997
n4148.out[0] (.names)                                                                          0.261     6.258
n4166_1.in[2] (.names)                                                                         1.338     7.596
n4166_1.out[0] (.names)                                                                        0.261     7.857
n4185.in[2] (.names)                                                                           1.338     9.195
n4185.out[0] (.names)                                                                          0.261     9.456
n4201_1.in[2] (.names)                                                                         1.338    10.793
n4201_1.out[0] (.names)                                                                        0.261    11.054
n4217_1.in[2] (.names)                                                                         1.338    12.392
n4217_1.out[0] (.names)                                                                        0.261    12.653
n4233.in[2] (.names)                                                                           1.338    13.991
n4233.out[0] (.names)                                                                          0.261    14.252
n4248.in[2] (.names)                                                                           1.338    15.590
n4248.out[0] (.names)                                                                          0.261    15.851
n4263.in[2] (.names)                                                                           1.338    17.188
n4263.out[0] (.names)                                                                          0.261    17.449
n4280.in[2] (.names)                                                                           1.338    18.787
n4280.out[0] (.names)                                                                          0.261    19.048
n4295.in[2] (.names)                                                                           1.338    20.386
n4295.out[0] (.names)                                                                          0.261    20.647
n4321_1.in[2] (.names)                                                                         1.338    21.985
n4321_1.out[0] (.names)                                                                        0.261    22.246
n4339.in[2] (.names)                                                                           1.338    23.584
n4339.out[0] (.names)                                                                          0.261    23.845
n4359.in[2] (.names)                                                                           1.338    25.182
n4359.out[0] (.names)                                                                          0.261    25.443
n4377_1.in[2] (.names)                                                                         1.338    26.781
n4377_1.out[0] (.names)                                                                        0.261    27.042
n4397_1.in[2] (.names)                                                                         1.338    28.380
n4397_1.out[0] (.names)                                                                        0.261    28.641
n4415.in[2] (.names)                                                                           1.338    29.979
n4415.out[0] (.names)                                                                          0.261    30.240
n4434.in[2] (.names)                                                                           1.338    31.577
n4434.out[0] (.names)                                                                          0.261    31.838
n4452_1.in[2] (.names)                                                                         1.338    33.176
n4452_1.out[0] (.names)                                                                        0.261    33.437
n4476_1.in[2] (.names)                                                                         1.338    34.775
n4476_1.out[0] (.names)                                                                        0.261    35.036
n4495.in[2] (.names)                                                                           1.338    36.374
n4495.out[0] (.names)                                                                          0.261    36.635
n4494.in[3] (.names)                                                                           1.338    37.972
n4494.out[0] (.names)                                                                          0.261    38.233
n4493.in[1] (.names)                                                                           1.338    39.571
n4493.out[0] (.names)                                                                          0.261    39.832
n4489.in[4] (.names)                                                                           1.338    41.170
n4489.out[0] (.names)                                                                          0.261    41.431
n4488.in[3] (.names)                                                                           1.338    42.769
n4488.out[0] (.names)                                                                          0.261    43.030
n1721.in[2] (.names)                                                                           1.338    44.367
n1721.out[0] (.names)                                                                          0.261    44.628
top.or1200_operandmuxes+or1200_operandmuxes^FF_NODE~1321.D[0] (.latch)                         1.338    45.966
data arrival time                                                                                       45.966

clock top^clk (rise edge)                                                                      0.000     0.000
clock source latency                                                                           0.000     0.000
top^clk.inpad[0] (.input)                                                                      0.000     0.000
top.or1200_operandmuxes+or1200_operandmuxes^FF_NODE~1321.clk[0] (.latch)                       1.338     1.338
clock uncertainty                                                                              0.000     1.338
cell setup time                                                                               -0.066     1.272
data required time                                                                                       1.272
--------------------------------------------------------------------------------------------------------------
data required time                                                                                       1.272
data arrival time                                                                                      -45.966
--------------------------------------------------------------------------------------------------------------
slack (VIOLATED)                                                                                       -44.694


#Path 23
Startpoint: top.or1200_operandmuxes+or1200_operandmuxes^FF_NODE~1353.Q[0] (.latch clocked by top^clk)
Endpoint  : top.or1200_wbmux+or1200_wbmux^FF_NODE~3177.D[0] (.latch clocked by top^clk)
Path Type : setup

Point                                                                                           Incr      Path
--------------------------------------------------------------------------------------------------------------
clock top^clk (rise edge)                                                                      0.000     0.000
clock source latency                                                                           0.000     0.000
top^clk.inpad[0] (.input)                                                                      0.000     0.000
top.or1200_operandmuxes+or1200_operandmuxes^FF_NODE~1353.clk[0] (.latch)                       1.338     1.338
top.or1200_operandmuxes+or1200_operandmuxes^FF_NODE~1353.Q[0] (.latch) [clock-to-output]       0.124     1.462
n4081_1.in[0] (.names)                                                                         1.338     2.800
n4081_1.out[0] (.names)                                                                        0.261     3.061
n4112_1.in[4] (.names)                                                                         1.338     4.398
n4112_1.out[0] (.names)                                                                        0.261     4.659
n4148.in[4] (.names)                                                                           1.338     5.997
n4148.out[0] (.names)                                                                          0.261     6.258
n4166_1.in[2] (.names)                                                                         1.338     7.596
n4166_1.out[0] (.names)                                                                        0.261     7.857
n4185.in[2] (.names)                                                                           1.338     9.195
n4185.out[0] (.names)                                                                          0.261     9.456
n4201_1.in[2] (.names)                                                                         1.338    10.793
n4201_1.out[0] (.names)                                                                        0.261    11.054
n4217_1.in[2] (.names)                                                                         1.338    12.392
n4217_1.out[0] (.names)                                                                        0.261    12.653
n4233.in[2] (.names)                                                                           1.338    13.991
n4233.out[0] (.names)                                                                          0.261    14.252
n4248.in[2] (.names)                                                                           1.338    15.590
n4248.out[0] (.names)                                                                          0.261    15.851
n4263.in[2] (.names)                                                                           1.338    17.188
n4263.out[0] (.names)                                                                          0.261    17.449
n4280.in[2] (.names)                                                                           1.338    18.787
n4280.out[0] (.names)                                                                          0.261    19.048
n4295.in[2] (.names)                                                                           1.338    20.386
n4295.out[0] (.names)                                                                          0.261    20.647
n4321_1.in[2] (.names)                                                                         1.338    21.985
n4321_1.out[0] (.names)                                                                        0.261    22.246
n4339.in[2] (.names)                                                                           1.338    23.584
n4339.out[0] (.names)                                                                          0.261    23.845
n4359.in[2] (.names)                                                                           1.338    25.182
n4359.out[0] (.names)                                                                          0.261    25.443
n4377_1.in[2] (.names)                                                                         1.338    26.781
n4377_1.out[0] (.names)                                                                        0.261    27.042
n4397_1.in[2] (.names)                                                                         1.338    28.380
n4397_1.out[0] (.names)                                                                        0.261    28.641
n4415.in[2] (.names)                                                                           1.338    29.979
n4415.out[0] (.names)                                                                          0.261    30.240
n4434.in[2] (.names)                                                                           1.338    31.577
n4434.out[0] (.names)                                                                          0.261    31.838
n4452_1.in[2] (.names)                                                                         1.338    33.176
n4452_1.out[0] (.names)                                                                        0.261    33.437
n4476_1.in[2] (.names)                                                                         1.338    34.775
n4476_1.out[0] (.names)                                                                        0.261    35.036
n4495.in[2] (.names)                                                                           1.338    36.374
n4495.out[0] (.names)                                                                          0.261    36.635
n4494.in[3] (.names)                                                                           1.338    37.972
n4494.out[0] (.names)                                                                          0.261    38.233
n4493.in[1] (.names)                                                                           1.338    39.571
n4493.out[0] (.names)                                                                          0.261    39.832
n4489.in[4] (.names)                                                                           1.338    41.170
n4489.out[0] (.names)                                                                          0.261    41.431
n4488.in[3] (.names)                                                                           1.338    42.769
n4488.out[0] (.names)                                                                          0.261    43.030
n1716.in[3] (.names)                                                                           1.338    44.367
n1716.out[0] (.names)                                                                          0.261    44.628
top.or1200_wbmux+or1200_wbmux^FF_NODE~3177.D[0] (.latch)                                       1.338    45.966
data arrival time                                                                                       45.966

clock top^clk (rise edge)                                                                      0.000     0.000
clock source latency                                                                           0.000     0.000
top^clk.inpad[0] (.input)                                                                      0.000     0.000
top.or1200_wbmux+or1200_wbmux^FF_NODE~3177.clk[0] (.latch)                                     1.338     1.338
clock uncertainty                                                                              0.000     1.338
cell setup time                                                                               -0.066     1.272
data required time                                                                                       1.272
--------------------------------------------------------------------------------------------------------------
data required time                                                                                       1.272
data arrival time                                                                                      -45.966
--------------------------------------------------------------------------------------------------------------
slack (VIOLATED)                                                                                       -44.694


#Path 24
Startpoint: top.or1200_operandmuxes+or1200_operandmuxes^FF_NODE~1353.Q[0] (.latch clocked by top^clk)
Endpoint  : top.or1200_except+or1200_except^FF_NODE~3764.D[0] (.latch clocked by top^clk)
Path Type : setup

Point                                                                                           Incr      Path
--------------------------------------------------------------------------------------------------------------
clock top^clk (rise edge)                                                                      0.000     0.000
clock source latency                                                                           0.000     0.000
top^clk.inpad[0] (.input)                                                                      0.000     0.000
top.or1200_operandmuxes+or1200_operandmuxes^FF_NODE~1353.clk[0] (.latch)                       1.338     1.338
top.or1200_operandmuxes+or1200_operandmuxes^FF_NODE~1353.Q[0] (.latch) [clock-to-output]       0.124     1.462
n4066_1.in[0] (.names)                                                                         1.338     2.800
n4066_1.out[0] (.names)                                                                        0.261     3.061
n4110.in[4] (.names)                                                                           1.338     4.398
n4110.out[0] (.names)                                                                          0.261     4.659
n4145.in[4] (.names)                                                                           1.338     5.997
n4145.out[0] (.names)                                                                          0.261     6.258
n4163.in[2] (.names)                                                                           1.338     7.596
n4163.out[0] (.names)                                                                          0.261     7.857
n4183.in[2] (.names)                                                                           1.338     9.195
n4183.out[0] (.names)                                                                          0.261     9.456
n4199.in[2] (.names)                                                                           1.338    10.793
n4199.out[0] (.names)                                                                          0.261    11.054
n4215.in[2] (.names)                                                                           1.338    12.392
n4215.out[0] (.names)                                                                          0.261    12.653
n4231_1.in[2] (.names)                                                                         1.338    13.991
n4231_1.out[0] (.names)                                                                        0.261    14.252
n4246_1.in[2] (.names)                                                                         1.338    15.590
n4246_1.out[0] (.names)                                                                        0.261    15.851
n4261_1.in[2] (.names)                                                                         1.338    17.188
n4261_1.out[0] (.names)                                                                        0.261    17.449
n4278.in[2] (.names)                                                                           1.338    18.787
n4278.out[0] (.names)                                                                          0.261    19.048
n4293.in[2] (.names)                                                                           1.338    20.386
n4293.out[0] (.names)                                                                          0.261    20.647
n4319.in[2] (.names)                                                                           1.338    21.985
n4319.out[0] (.names)                                                                          0.261    22.246
n4337_1.in[2] (.names)                                                                         1.338    23.584
n4337_1.out[0] (.names)                                                                        0.261    23.845
n4357_1.in[2] (.names)                                                                         1.338    25.182
n4357_1.out[0] (.names)                                                                        0.261    25.443
n4375.in[2] (.names)                                                                           1.338    26.781
n4375.out[0] (.names)                                                                          0.261    27.042
n4395.in[2] (.names)                                                                           1.338    28.380
n4395.out[0] (.names)                                                                          0.261    28.641
n4413.in[2] (.names)                                                                           1.338    29.979
n4413.out[0] (.names)                                                                          0.261    30.240
n4450.in[4] (.names)                                                                           1.338    31.577
n4450.out[0] (.names)                                                                          0.261    31.838
n4474.in[2] (.names)                                                                           1.338    33.176
n4474.out[0] (.names)                                                                          0.261    33.437
n4473.in[2] (.names)                                                                           1.338    34.775
n4473.out[0] (.names)                                                                          0.261    35.036
n4490.in[1] (.names)                                                                           1.338    36.374
n4490.out[0] (.names)                                                                          0.261    36.635
n4509.in[0] (.names)                                                                           1.338    37.972
n4509.out[0] (.names)                                                                          0.261    38.233
n4547_1.in[4] (.names)                                                                         1.338    39.571
n4547_1.out[0] (.names)                                                                        0.261    39.832
n4968.in[0] (.names)                                                                           1.338    41.170
n4968.out[0] (.names)                                                                          0.261    41.431
n4967_1.in[2] (.names)                                                                         1.338    42.769
n4967_1.out[0] (.names)                                                                        0.261    43.030
n3286.in[4] (.names)                                                                           1.338    44.367
n3286.out[0] (.names)                                                                          0.261    44.628
top.or1200_except+or1200_except^FF_NODE~3764.D[0] (.latch)                                     1.338    45.966
data arrival time                                                                                       45.966

clock top^clk (rise edge)                                                                      0.000     0.000
clock source latency                                                                           0.000     0.000
top^clk.inpad[0] (.input)                                                                      0.000     0.000
top.or1200_except+or1200_except^FF_NODE~3764.clk[0] (.latch)                                   1.338     1.338
clock uncertainty                                                                              0.000     1.338
cell setup time                                                                               -0.066     1.272
data required time                                                                                       1.272
--------------------------------------------------------------------------------------------------------------
data required time                                                                                       1.272
data arrival time                                                                                      -45.966
--------------------------------------------------------------------------------------------------------------
slack (VIOLATED)                                                                                       -44.694


#Path 25
Startpoint: top.or1200_operandmuxes+or1200_operandmuxes^FF_NODE~1353.Q[0] (.latch clocked by top^clk)
Endpoint  : top.or1200_sprs+or1200_sprs^FF_NODE~2742.D[0] (.latch clocked by top^clk)
Path Type : setup

Point                                                                                           Incr      Path
--------------------------------------------------------------------------------------------------------------
clock top^clk (rise edge)                                                                      0.000     0.000
clock source latency                                                                           0.000     0.000
top^clk.inpad[0] (.input)                                                                      0.000     0.000
top.or1200_operandmuxes+or1200_operandmuxes^FF_NODE~1353.clk[0] (.latch)                       1.338     1.338
top.or1200_operandmuxes+or1200_operandmuxes^FF_NODE~1353.Q[0] (.latch) [clock-to-output]       0.124     1.462
n4066_1.in[0] (.names)                                                                         1.338     2.800
n4066_1.out[0] (.names)                                                                        0.261     3.061
n4110.in[4] (.names)                                                                           1.338     4.398
n4110.out[0] (.names)                                                                          0.261     4.659
n4145.in[4] (.names)                                                                           1.338     5.997
n4145.out[0] (.names)                                                                          0.261     6.258
n4163.in[2] (.names)                                                                           1.338     7.596
n4163.out[0] (.names)                                                                          0.261     7.857
n4183.in[2] (.names)                                                                           1.338     9.195
n4183.out[0] (.names)                                                                          0.261     9.456
n4199.in[2] (.names)                                                                           1.338    10.793
n4199.out[0] (.names)                                                                          0.261    11.054
n4215.in[2] (.names)                                                                           1.338    12.392
n4215.out[0] (.names)                                                                          0.261    12.653
n4231_1.in[2] (.names)                                                                         1.338    13.991
n4231_1.out[0] (.names)                                                                        0.261    14.252
n4246_1.in[2] (.names)                                                                         1.338    15.590
n4246_1.out[0] (.names)                                                                        0.261    15.851
n4261_1.in[2] (.names)                                                                         1.338    17.188
n4261_1.out[0] (.names)                                                                        0.261    17.449
n4278.in[2] (.names)                                                                           1.338    18.787
n4278.out[0] (.names)                                                                          0.261    19.048
n4293.in[2] (.names)                                                                           1.338    20.386
n4293.out[0] (.names)                                                                          0.261    20.647
n4319.in[2] (.names)                                                                           1.338    21.985
n4319.out[0] (.names)                                                                          0.261    22.246
n4337_1.in[2] (.names)                                                                         1.338    23.584
n4337_1.out[0] (.names)                                                                        0.261    23.845
n4357_1.in[2] (.names)                                                                         1.338    25.182
n4357_1.out[0] (.names)                                                                        0.261    25.443
n4375.in[2] (.names)                                                                           1.338    26.781
n4375.out[0] (.names)                                                                          0.261    27.042
n4395.in[2] (.names)                                                                           1.338    28.380
n4395.out[0] (.names)                                                                          0.261    28.641
n4413.in[2] (.names)                                                                           1.338    29.979
n4413.out[0] (.names)                                                                          0.261    30.240
n4450.in[4] (.names)                                                                           1.338    31.577
n4450.out[0] (.names)                                                                          0.261    31.838
n4474.in[2] (.names)                                                                           1.338    33.176
n4474.out[0] (.names)                                                                          0.261    33.437
n4473.in[2] (.names)                                                                           1.338    34.775
n4473.out[0] (.names)                                                                          0.261    35.036
n4490.in[1] (.names)                                                                           1.338    36.374
n4490.out[0] (.names)                                                                          0.261    36.635
n4509.in[0] (.names)                                                                           1.338    37.972
n4509.out[0] (.names)                                                                          0.261    38.233
n4547_1.in[4] (.names)                                                                         1.338    39.571
n4547_1.out[0] (.names)                                                                        0.261    39.832
n4968.in[0] (.names)                                                                           1.338    41.170
n4968.out[0] (.names)                                                                          0.261    41.431
n4967_1.in[2] (.names)                                                                         1.338    42.769
n4967_1.out[0] (.names)                                                                        0.261    43.030
n1551.in[3] (.names)                                                                           1.338    44.367
n1551.out[0] (.names)                                                                          0.261    44.628
top.or1200_sprs+or1200_sprs^FF_NODE~2742.D[0] (.latch)                                         1.338    45.966
data arrival time                                                                                       45.966

clock top^clk (rise edge)                                                                      0.000     0.000
clock source latency                                                                           0.000     0.000
top^clk.inpad[0] (.input)                                                                      0.000     0.000
top.or1200_sprs+or1200_sprs^FF_NODE~2742.clk[0] (.latch)                                       1.338     1.338
clock uncertainty                                                                              0.000     1.338
cell setup time                                                                               -0.066     1.272
data required time                                                                                       1.272
--------------------------------------------------------------------------------------------------------------
data required time                                                                                       1.272
data arrival time                                                                                      -45.966
--------------------------------------------------------------------------------------------------------------
slack (VIOLATED)                                                                                       -44.694


#Path 26
Startpoint: top.or1200_mult_mac+or1200_mult_mac^FF_NODE~2208.Q[0] (.latch clocked by top^clk)
Endpoint  : top.or1200_mult_mac+or1200_mult_mac^FF_NODE~2315.D[0] (.latch clocked by top^clk)
Path Type : setup

Point                                                                                   Incr      Path
------------------------------------------------------------------------------------------------------
clock top^clk (rise edge)                                                              0.000     0.000
clock source latency                                                                   0.000     0.000
top^clk.inpad[0] (.input)                                                              0.000     0.000
top.or1200_mult_mac+or1200_mult_mac^FF_NODE~2208.clk[0] (.latch)                       1.338     1.338
top.or1200_mult_mac+or1200_mult_mac^FF_NODE~2208.Q[0] (.latch) [clock-to-output]       0.124     1.462
n5345.in[0] (.names)                                                                   1.338     2.800
n5345.out[0] (.names)                                                                  0.261     3.061
n5344.in[4] (.names)                                                                   1.338     4.398
n5344.out[0] (.names)                                                                  0.261     4.659
n5342.in[5] (.names)                                                                   1.338     5.997
n5342.out[0] (.names)                                                                  0.261     6.258
n5340.in[5] (.names)                                                                   1.338     7.596
n5340.out[0] (.names)                                                                  0.261     7.857
n5338.in[5] (.names)                                                                   1.338     9.195
n5338.out[0] (.names)                                                                  0.261     9.456
n5336.in[5] (.names)                                                                   1.338    10.793
n5336.out[0] (.names)                                                                  0.261    11.054
n5334.in[5] (.names)                                                                   1.338    12.392
n5334.out[0] (.names)                                                                  0.261    12.653
n5332.in[5] (.names)                                                                   1.338    13.991
n5332.out[0] (.names)                                                                  0.261    14.252
n5330.in[5] (.names)                                                                   1.338    15.590
n5330.out[0] (.names)                                                                  0.261    15.851
n5328.in[5] (.names)                                                                   1.338    17.188
n5328.out[0] (.names)                                                                  0.261    17.449
n5326.in[5] (.names)                                                                   1.338    18.787
n5326.out[0] (.names)                                                                  0.261    19.048
n5324.in[5] (.names)                                                                   1.338    20.386
n5324.out[0] (.names)                                                                  0.261    20.647
n5322.in[5] (.names)                                                                   1.338    21.985
n5322.out[0] (.names)                                                                  0.261    22.246
n5320.in[5] (.names)                                                                   1.338    23.584
n5320.out[0] (.names)                                                                  0.261    23.845
n5318.in[5] (.names)                                                                   1.338    25.182
n5318.out[0] (.names)                                                                  0.261    25.443
n5316.in[5] (.names)                                                                   1.338    26.781
n5316.out[0] (.names)                                                                  0.261    27.042
n5314.in[5] (.names)                                                                   1.338    28.380
n5314.out[0] (.names)                                                                  0.261    28.641
n5312.in[5] (.names)                                                                   1.338    29.979
n5312.out[0] (.names)                                                                  0.261    30.240
n5310.in[5] (.names)                                                                   1.338    31.577
n5310.out[0] (.names)                                                                  0.261    31.838
n5308.in[5] (.names)                                                                   1.338    33.176
n5308.out[0] (.names)                                                                  0.261    33.437
n5306.in[5] (.names)                                                                   1.338    34.775
n5306.out[0] (.names)                                                                  0.261    35.036
n5304.in[5] (.names)                                                                   1.338    36.374
n5304.out[0] (.names)                                                                  0.261    36.635
n5302.in[5] (.names)                                                                   1.338    37.972
n5302.out[0] (.names)                                                                  0.261    38.233
n5300.in[5] (.names)                                                                   1.338    39.571
n5300.out[0] (.names)                                                                  0.261    39.832
n5405.in[4] (.names)                                                                   1.338    41.170
n5405.out[0] (.names)                                                                  0.261    41.431
n5404.in[2] (.names)                                                                   1.338    42.769
n5404.out[0] (.names)                                                                  0.261    43.030
n2196.in[3] (.names)                                                                   1.338    44.367
n2196.out[0] (.names)                                                                  0.261    44.628
top.or1200_mult_mac+or1200_mult_mac^FF_NODE~2315.D[0] (.latch)                         1.338    45.966
data arrival time                                                                               45.966

clock top^clk (rise edge)                                                              0.000     0.000
clock source latency                                                                   0.000     0.000
top^clk.inpad[0] (.input)                                                              0.000     0.000
top.or1200_mult_mac+or1200_mult_mac^FF_NODE~2315.clk[0] (.latch)                       1.338     1.338
clock uncertainty                                                                      0.000     1.338
cell setup time                                                                       -0.066     1.272
data required time                                                                               1.272
------------------------------------------------------------------------------------------------------
data required time                                                                               1.272
data arrival time                                                                              -45.966
------------------------------------------------------------------------------------------------------
slack (VIOLATED)                                                                               -44.694


#Path 27
Startpoint: top.or1200_mult_mac+or1200_mult_mac^FF_NODE~2208.Q[0] (.latch clocked by top^clk)
Endpoint  : top.or1200_mult_mac+or1200_mult_mac^FF_NODE~2316.D[0] (.latch clocked by top^clk)
Path Type : setup

Point                                                                                   Incr      Path
------------------------------------------------------------------------------------------------------
clock top^clk (rise edge)                                                              0.000     0.000
clock source latency                                                                   0.000     0.000
top^clk.inpad[0] (.input)                                                              0.000     0.000
top.or1200_mult_mac+or1200_mult_mac^FF_NODE~2208.clk[0] (.latch)                       1.338     1.338
top.or1200_mult_mac+or1200_mult_mac^FF_NODE~2208.Q[0] (.latch) [clock-to-output]       0.124     1.462
n5345.in[0] (.names)                                                                   1.338     2.800
n5345.out[0] (.names)                                                                  0.261     3.061
n5344.in[4] (.names)                                                                   1.338     4.398
n5344.out[0] (.names)                                                                  0.261     4.659
n5342.in[5] (.names)                                                                   1.338     5.997
n5342.out[0] (.names)                                                                  0.261     6.258
n5340.in[5] (.names)                                                                   1.338     7.596
n5340.out[0] (.names)                                                                  0.261     7.857
n5338.in[5] (.names)                                                                   1.338     9.195
n5338.out[0] (.names)                                                                  0.261     9.456
n5336.in[5] (.names)                                                                   1.338    10.793
n5336.out[0] (.names)                                                                  0.261    11.054
n5334.in[5] (.names)                                                                   1.338    12.392
n5334.out[0] (.names)                                                                  0.261    12.653
n5332.in[5] (.names)                                                                   1.338    13.991
n5332.out[0] (.names)                                                                  0.261    14.252
n5330.in[5] (.names)                                                                   1.338    15.590
n5330.out[0] (.names)                                                                  0.261    15.851
n5328.in[5] (.names)                                                                   1.338    17.188
n5328.out[0] (.names)                                                                  0.261    17.449
n5326.in[5] (.names)                                                                   1.338    18.787
n5326.out[0] (.names)                                                                  0.261    19.048
n5324.in[5] (.names)                                                                   1.338    20.386
n5324.out[0] (.names)                                                                  0.261    20.647
n5322.in[5] (.names)                                                                   1.338    21.985
n5322.out[0] (.names)                                                                  0.261    22.246
n5320.in[5] (.names)                                                                   1.338    23.584
n5320.out[0] (.names)                                                                  0.261    23.845
n5318.in[5] (.names)                                                                   1.338    25.182
n5318.out[0] (.names)                                                                  0.261    25.443
n5316.in[5] (.names)                                                                   1.338    26.781
n5316.out[0] (.names)                                                                  0.261    27.042
n5314.in[5] (.names)                                                                   1.338    28.380
n5314.out[0] (.names)                                                                  0.261    28.641
n5312.in[5] (.names)                                                                   1.338    29.979
n5312.out[0] (.names)                                                                  0.261    30.240
n5310.in[5] (.names)                                                                   1.338    31.577
n5310.out[0] (.names)                                                                  0.261    31.838
n5308.in[5] (.names)                                                                   1.338    33.176
n5308.out[0] (.names)                                                                  0.261    33.437
n5306.in[5] (.names)                                                                   1.338    34.775
n5306.out[0] (.names)                                                                  0.261    35.036
n5304.in[5] (.names)                                                                   1.338    36.374
n5304.out[0] (.names)                                                                  0.261    36.635
n5302.in[5] (.names)                                                                   1.338    37.972
n5302.out[0] (.names)                                                                  0.261    38.233
n5399.in[4] (.names)                                                                   1.338    39.571
n5399.out[0] (.names)                                                                  0.261    39.832
n5398.in[4] (.names)                                                                   1.338    41.170
n5398.out[0] (.names)                                                                  0.261    41.431
n5397.in[5] (.names)                                                                   1.338    42.769
n5397.out[0] (.names)                                                                  0.261    43.030
n2191.in[3] (.names)                                                                   1.338    44.367
n2191.out[0] (.names)                                                                  0.261    44.628
top.or1200_mult_mac+or1200_mult_mac^FF_NODE~2316.D[0] (.latch)                         1.338    45.966
data arrival time                                                                               45.966

clock top^clk (rise edge)                                                              0.000     0.000
clock source latency                                                                   0.000     0.000
top^clk.inpad[0] (.input)                                                              0.000     0.000
top.or1200_mult_mac+or1200_mult_mac^FF_NODE~2316.clk[0] (.latch)                       1.338     1.338
clock uncertainty                                                                      0.000     1.338
cell setup time                                                                       -0.066     1.272
data required time                                                                               1.272
------------------------------------------------------------------------------------------------------
data required time                                                                               1.272
data arrival time                                                                              -45.966
------------------------------------------------------------------------------------------------------
slack (VIOLATED)                                                                               -44.694


#Path 28
Startpoint: top.or1200_mult_mac+or1200_mult_mac^FF_NODE~2208.Q[0] (.latch clocked by top^clk)
Endpoint  : top.or1200_mult_mac+or1200_mult_mac^FF_NODE~2317.D[0] (.latch clocked by top^clk)
Path Type : setup

Point                                                                                   Incr      Path
------------------------------------------------------------------------------------------------------
clock top^clk (rise edge)                                                              0.000     0.000
clock source latency                                                                   0.000     0.000
top^clk.inpad[0] (.input)                                                              0.000     0.000
top.or1200_mult_mac+or1200_mult_mac^FF_NODE~2208.clk[0] (.latch)                       1.338     1.338
top.or1200_mult_mac+or1200_mult_mac^FF_NODE~2208.Q[0] (.latch) [clock-to-output]       0.124     1.462
n5345.in[0] (.names)                                                                   1.338     2.800
n5345.out[0] (.names)                                                                  0.261     3.061
n5344.in[4] (.names)                                                                   1.338     4.398
n5344.out[0] (.names)                                                                  0.261     4.659
n5342.in[5] (.names)                                                                   1.338     5.997
n5342.out[0] (.names)                                                                  0.261     6.258
n5340.in[5] (.names)                                                                   1.338     7.596
n5340.out[0] (.names)                                                                  0.261     7.857
n5338.in[5] (.names)                                                                   1.338     9.195
n5338.out[0] (.names)                                                                  0.261     9.456
n5336.in[5] (.names)                                                                   1.338    10.793
n5336.out[0] (.names)                                                                  0.261    11.054
n5334.in[5] (.names)                                                                   1.338    12.392
n5334.out[0] (.names)                                                                  0.261    12.653
n5332.in[5] (.names)                                                                   1.338    13.991
n5332.out[0] (.names)                                                                  0.261    14.252
n5330.in[5] (.names)                                                                   1.338    15.590
n5330.out[0] (.names)                                                                  0.261    15.851
n5328.in[5] (.names)                                                                   1.338    17.188
n5328.out[0] (.names)                                                                  0.261    17.449
n5326.in[5] (.names)                                                                   1.338    18.787
n5326.out[0] (.names)                                                                  0.261    19.048
n5324.in[5] (.names)                                                                   1.338    20.386
n5324.out[0] (.names)                                                                  0.261    20.647
n5322.in[5] (.names)                                                                   1.338    21.985
n5322.out[0] (.names)                                                                  0.261    22.246
n5320.in[5] (.names)                                                                   1.338    23.584
n5320.out[0] (.names)                                                                  0.261    23.845
n5318.in[5] (.names)                                                                   1.338    25.182
n5318.out[0] (.names)                                                                  0.261    25.443
n5316.in[5] (.names)                                                                   1.338    26.781
n5316.out[0] (.names)                                                                  0.261    27.042
n5314.in[5] (.names)                                                                   1.338    28.380
n5314.out[0] (.names)                                                                  0.261    28.641
n5312.in[5] (.names)                                                                   1.338    29.979
n5312.out[0] (.names)                                                                  0.261    30.240
n5310.in[5] (.names)                                                                   1.338    31.577
n5310.out[0] (.names)                                                                  0.261    31.838
n5308.in[5] (.names)                                                                   1.338    33.176
n5308.out[0] (.names)                                                                  0.261    33.437
n5306.in[5] (.names)                                                                   1.338    34.775
n5306.out[0] (.names)                                                                  0.261    35.036
n5304.in[5] (.names)                                                                   1.338    36.374
n5304.out[0] (.names)                                                                  0.261    36.635
n5302.in[5] (.names)                                                                   1.338    37.972
n5302.out[0] (.names)                                                                  0.261    38.233
n5300.in[5] (.names)                                                                   1.338    39.571
n5300.out[0] (.names)                                                                  0.261    39.832
n5298.in[5] (.names)                                                                   1.338    41.170
n5298.out[0] (.names)                                                                  0.261    41.431
n5294.in[5] (.names)                                                                   1.338    42.769
n5294.out[0] (.names)                                                                  0.261    43.030
n2186.in[3] (.names)                                                                   1.338    44.367
n2186.out[0] (.names)                                                                  0.261    44.628
top.or1200_mult_mac+or1200_mult_mac^FF_NODE~2317.D[0] (.latch)                         1.338    45.966
data arrival time                                                                               45.966

clock top^clk (rise edge)                                                              0.000     0.000
clock source latency                                                                   0.000     0.000
top^clk.inpad[0] (.input)                                                              0.000     0.000
top.or1200_mult_mac+or1200_mult_mac^FF_NODE~2317.clk[0] (.latch)                       1.338     1.338
clock uncertainty                                                                      0.000     1.338
cell setup time                                                                       -0.066     1.272
data required time                                                                               1.272
------------------------------------------------------------------------------------------------------
data required time                                                                               1.272
data arrival time                                                                              -45.966
------------------------------------------------------------------------------------------------------
slack (VIOLATED)                                                                               -44.694


#Path 29
Startpoint: top.or1200_mult_mac+or1200_mult_mac^FF_NODE~2208.Q[0] (.latch clocked by top^clk)
Endpoint  : top.or1200_mult_mac+or1200_mult_mac^FF_NODE~2310.D[0] (.latch clocked by top^clk)
Path Type : setup

Point                                                                                   Incr      Path
------------------------------------------------------------------------------------------------------
clock top^clk (rise edge)                                                              0.000     0.000
clock source latency                                                                   0.000     0.000
top^clk.inpad[0] (.input)                                                              0.000     0.000
top.or1200_mult_mac+or1200_mult_mac^FF_NODE~2208.clk[0] (.latch)                       1.338     1.338
top.or1200_mult_mac+or1200_mult_mac^FF_NODE~2208.Q[0] (.latch) [clock-to-output]       0.124     1.462
n5345.in[0] (.names)                                                                   1.338     2.800
n5345.out[0] (.names)                                                                  0.261     3.061
n5344.in[4] (.names)                                                                   1.338     4.398
n5344.out[0] (.names)                                                                  0.261     4.659
n5342.in[5] (.names)                                                                   1.338     5.997
n5342.out[0] (.names)                                                                  0.261     6.258
n5340.in[5] (.names)                                                                   1.338     7.596
n5340.out[0] (.names)                                                                  0.261     7.857
n5338.in[5] (.names)                                                                   1.338     9.195
n5338.out[0] (.names)                                                                  0.261     9.456
n5336.in[5] (.names)                                                                   1.338    10.793
n5336.out[0] (.names)                                                                  0.261    11.054
n5334.in[5] (.names)                                                                   1.338    12.392
n5334.out[0] (.names)                                                                  0.261    12.653
n5332.in[5] (.names)                                                                   1.338    13.991
n5332.out[0] (.names)                                                                  0.261    14.252
n5330.in[5] (.names)                                                                   1.338    15.590
n5330.out[0] (.names)                                                                  0.261    15.851
n5328.in[5] (.names)                                                                   1.338    17.188
n5328.out[0] (.names)                                                                  0.261    17.449
n5326.in[5] (.names)                                                                   1.338    18.787
n5326.out[0] (.names)                                                                  0.261    19.048
n5324.in[5] (.names)                                                                   1.338    20.386
n5324.out[0] (.names)                                                                  0.261    20.647
n5322.in[5] (.names)                                                                   1.338    21.985
n5322.out[0] (.names)                                                                  0.261    22.246
n5320.in[5] (.names)                                                                   1.338    23.584
n5320.out[0] (.names)                                                                  0.261    23.845
n5318.in[5] (.names)                                                                   1.338    25.182
n5318.out[0] (.names)                                                                  0.261    25.443
n5316.in[5] (.names)                                                                   1.338    26.781
n5316.out[0] (.names)                                                                  0.261    27.042
n5314.in[5] (.names)                                                                   1.338    28.380
n5314.out[0] (.names)                                                                  0.261    28.641
n5312.in[5] (.names)                                                                   1.338    29.979
n5312.out[0] (.names)                                                                  0.261    30.240
n5310.in[5] (.names)                                                                   1.338    31.577
n5310.out[0] (.names)                                                                  0.261    31.838
n5308.in[5] (.names)                                                                   1.338    33.176
n5308.out[0] (.names)                                                                  0.261    33.437
n5306.in[5] (.names)                                                                   1.338    34.775
n5306.out[0] (.names)                                                                  0.261    35.036
n5427.in[2] (.names)                                                                   1.338    36.374
n5427.out[0] (.names)                                                                  0.261    36.635
n5426.in[2] (.names)                                                                   1.338    37.972
n5426.out[0] (.names)                                                                  0.261    38.233
n5425.in[4] (.names)                                                                   1.338    39.571
n5425.out[0] (.names)                                                                  0.261    39.832
n5424.in[5] (.names)                                                                   1.338    41.170
n5424.out[0] (.names)                                                                  0.261    41.431
n5420.in[5] (.names)                                                                   1.338    42.769
n5420.out[0] (.names)                                                                  0.261    43.030
n2216.in[5] (.names)                                                                   1.338    44.367
n2216.out[0] (.names)                                                                  0.261    44.628
top.or1200_mult_mac+or1200_mult_mac^FF_NODE~2310.D[0] (.latch)                         1.338    45.966
data arrival time                                                                               45.966

clock top^clk (rise edge)                                                              0.000     0.000
clock source latency                                                                   0.000     0.000
top^clk.inpad[0] (.input)                                                              0.000     0.000
top.or1200_mult_mac+or1200_mult_mac^FF_NODE~2310.clk[0] (.latch)                       1.338     1.338
clock uncertainty                                                                      0.000     1.338
cell setup time                                                                       -0.066     1.272
data required time                                                                               1.272
------------------------------------------------------------------------------------------------------
data required time                                                                               1.272
data arrival time                                                                              -45.966
------------------------------------------------------------------------------------------------------
slack (VIOLATED)                                                                               -44.694


#Path 30
Startpoint: top.or1200_mult_mac+or1200_mult_mac^FF_NODE~2208.Q[0] (.latch clocked by top^clk)
Endpoint  : top.or1200_mult_mac+or1200_mult_mac^FF_NODE~2312.D[0] (.latch clocked by top^clk)
Path Type : setup

Point                                                                                   Incr      Path
------------------------------------------------------------------------------------------------------
clock top^clk (rise edge)                                                              0.000     0.000
clock source latency                                                                   0.000     0.000
top^clk.inpad[0] (.input)                                                              0.000     0.000
top.or1200_mult_mac+or1200_mult_mac^FF_NODE~2208.clk[0] (.latch)                       1.338     1.338
top.or1200_mult_mac+or1200_mult_mac^FF_NODE~2208.Q[0] (.latch) [clock-to-output]       0.124     1.462
n5345.in[0] (.names)                                                                   1.338     2.800
n5345.out[0] (.names)                                                                  0.261     3.061
n5344.in[4] (.names)                                                                   1.338     4.398
n5344.out[0] (.names)                                                                  0.261     4.659
n5342.in[5] (.names)                                                                   1.338     5.997
n5342.out[0] (.names)                                                                  0.261     6.258
n5340.in[5] (.names)                                                                   1.338     7.596
n5340.out[0] (.names)                                                                  0.261     7.857
n5338.in[5] (.names)                                                                   1.338     9.195
n5338.out[0] (.names)                                                                  0.261     9.456
n5336.in[5] (.names)                                                                   1.338    10.793
n5336.out[0] (.names)                                                                  0.261    11.054
n5334.in[5] (.names)                                                                   1.338    12.392
n5334.out[0] (.names)                                                                  0.261    12.653
n5332.in[5] (.names)                                                                   1.338    13.991
n5332.out[0] (.names)                                                                  0.261    14.252
n5330.in[5] (.names)                                                                   1.338    15.590
n5330.out[0] (.names)                                                                  0.261    15.851
n5328.in[5] (.names)                                                                   1.338    17.188
n5328.out[0] (.names)                                                                  0.261    17.449
n5326.in[5] (.names)                                                                   1.338    18.787
n5326.out[0] (.names)                                                                  0.261    19.048
n5324.in[5] (.names)                                                                   1.338    20.386
n5324.out[0] (.names)                                                                  0.261    20.647
n5322.in[5] (.names)                                                                   1.338    21.985
n5322.out[0] (.names)                                                                  0.261    22.246
n5320.in[5] (.names)                                                                   1.338    23.584
n5320.out[0] (.names)                                                                  0.261    23.845
n5318.in[5] (.names)                                                                   1.338    25.182
n5318.out[0] (.names)                                                                  0.261    25.443
n5316.in[5] (.names)                                                                   1.338    26.781
n5316.out[0] (.names)                                                                  0.261    27.042
n5314.in[5] (.names)                                                                   1.338    28.380
n5314.out[0] (.names)                                                                  0.261    28.641
n5312.in[5] (.names)                                                                   1.338    29.979
n5312.out[0] (.names)                                                                  0.261    30.240
n5310.in[5] (.names)                                                                   1.338    31.577
n5310.out[0] (.names)                                                                  0.261    31.838
n5308.in[5] (.names)                                                                   1.338    33.176
n5308.out[0] (.names)                                                                  0.261    33.437
n5306.in[5] (.names)                                                                   1.338    34.775
n5306.out[0] (.names)                                                                  0.261    35.036
n5304.in[5] (.names)                                                                   1.338    36.374
n5304.out[0] (.names)                                                                  0.261    36.635
n5302.in[5] (.names)                                                                   1.338    37.972
n5302.out[0] (.names)                                                                  0.261    38.233
n5414.in[2] (.names)                                                                   1.338    39.571
n5414.out[0] (.names)                                                                  0.261    39.832
n5413.in[5] (.names)                                                                   1.338    41.170
n5413.out[0] (.names)                                                                  0.261    41.431
n5412.in[0] (.names)                                                                   1.338    42.769
n5412.out[0] (.names)                                                                  0.261    43.030
n2206.in[5] (.names)                                                                   1.338    44.367
n2206.out[0] (.names)                                                                  0.261    44.628
top.or1200_mult_mac+or1200_mult_mac^FF_NODE~2312.D[0] (.latch)                         1.338    45.966
data arrival time                                                                               45.966

clock top^clk (rise edge)                                                              0.000     0.000
clock source latency                                                                   0.000     0.000
top^clk.inpad[0] (.input)                                                              0.000     0.000
top.or1200_mult_mac+or1200_mult_mac^FF_NODE~2312.clk[0] (.latch)                       1.338     1.338
clock uncertainty                                                                      0.000     1.338
cell setup time                                                                       -0.066     1.272
data required time                                                                               1.272
------------------------------------------------------------------------------------------------------
data required time                                                                               1.272
data arrival time                                                                              -45.966
------------------------------------------------------------------------------------------------------
slack (VIOLATED)                                                                               -44.694


#Path 31
Startpoint: top.or1200_mult_mac+or1200_mult_mac^FF_NODE~2208.Q[0] (.latch clocked by top^clk)
Endpoint  : top.or1200_mult_mac+or1200_mult_mac^FF_NODE~2314.D[0] (.latch clocked by top^clk)
Path Type : setup

Point                                                                                   Incr      Path
------------------------------------------------------------------------------------------------------
clock top^clk (rise edge)                                                              0.000     0.000
clock source latency                                                                   0.000     0.000
top^clk.inpad[0] (.input)                                                              0.000     0.000
top.or1200_mult_mac+or1200_mult_mac^FF_NODE~2208.clk[0] (.latch)                       1.338     1.338
top.or1200_mult_mac+or1200_mult_mac^FF_NODE~2208.Q[0] (.latch) [clock-to-output]       0.124     1.462
n5345.in[0] (.names)                                                                   1.338     2.800
n5345.out[0] (.names)                                                                  0.261     3.061
n5344.in[4] (.names)                                                                   1.338     4.398
n5344.out[0] (.names)                                                                  0.261     4.659
n5342.in[5] (.names)                                                                   1.338     5.997
n5342.out[0] (.names)                                                                  0.261     6.258
n5340.in[5] (.names)                                                                   1.338     7.596
n5340.out[0] (.names)                                                                  0.261     7.857
n5338.in[5] (.names)                                                                   1.338     9.195
n5338.out[0] (.names)                                                                  0.261     9.456
n5336.in[5] (.names)                                                                   1.338    10.793
n5336.out[0] (.names)                                                                  0.261    11.054
n5334.in[5] (.names)                                                                   1.338    12.392
n5334.out[0] (.names)                                                                  0.261    12.653
n5332.in[5] (.names)                                                                   1.338    13.991
n5332.out[0] (.names)                                                                  0.261    14.252
n5330.in[5] (.names)                                                                   1.338    15.590
n5330.out[0] (.names)                                                                  0.261    15.851
n5328.in[5] (.names)                                                                   1.338    17.188
n5328.out[0] (.names)                                                                  0.261    17.449
n5326.in[5] (.names)                                                                   1.338    18.787
n5326.out[0] (.names)                                                                  0.261    19.048
n5324.in[5] (.names)                                                                   1.338    20.386
n5324.out[0] (.names)                                                                  0.261    20.647
n5322.in[5] (.names)                                                                   1.338    21.985
n5322.out[0] (.names)                                                                  0.261    22.246
n5320.in[5] (.names)                                                                   1.338    23.584
n5320.out[0] (.names)                                                                  0.261    23.845
n5318.in[5] (.names)                                                                   1.338    25.182
n5318.out[0] (.names)                                                                  0.261    25.443
n5316.in[5] (.names)                                                                   1.338    26.781
n5316.out[0] (.names)                                                                  0.261    27.042
n5314.in[5] (.names)                                                                   1.338    28.380
n5314.out[0] (.names)                                                                  0.261    28.641
n5312.in[5] (.names)                                                                   1.338    29.979
n5312.out[0] (.names)                                                                  0.261    30.240
n5310.in[5] (.names)                                                                   1.338    31.577
n5310.out[0] (.names)                                                                  0.261    31.838
n5308.in[5] (.names)                                                                   1.338    33.176
n5308.out[0] (.names)                                                                  0.261    33.437
n5306.in[5] (.names)                                                                   1.338    34.775
n5306.out[0] (.names)                                                                  0.261    35.036
n5304.in[5] (.names)                                                                   1.338    36.374
n5304.out[0] (.names)                                                                  0.261    36.635
n5302.in[5] (.names)                                                                   1.338    37.972
n5302.out[0] (.names)                                                                  0.261    38.233
n5399.in[4] (.names)                                                                   1.338    39.571
n5399.out[0] (.names)                                                                  0.261    39.832
n5410.in[5] (.names)                                                                   1.338    41.170
n5410.out[0] (.names)                                                                  0.261    41.431
n5409.in[5] (.names)                                                                   1.338    42.769
n5409.out[0] (.names)                                                                  0.261    43.030
n2201.in[5] (.names)                                                                   1.338    44.367
n2201.out[0] (.names)                                                                  0.261    44.628
top.or1200_mult_mac+or1200_mult_mac^FF_NODE~2314.D[0] (.latch)                         1.338    45.966
data arrival time                                                                               45.966

clock top^clk (rise edge)                                                              0.000     0.000
clock source latency                                                                   0.000     0.000
top^clk.inpad[0] (.input)                                                              0.000     0.000
top.or1200_mult_mac+or1200_mult_mac^FF_NODE~2314.clk[0] (.latch)                       1.338     1.338
clock uncertainty                                                                      0.000     1.338
cell setup time                                                                       -0.066     1.272
data required time                                                                               1.272
------------------------------------------------------------------------------------------------------
data required time                                                                               1.272
data arrival time                                                                              -45.966
------------------------------------------------------------------------------------------------------
slack (VIOLATED)                                                                               -44.694


#Path 32
Startpoint: top.or1200_ctrl+or1200_ctrl^FF_NODE~823.Q[0] (.latch clocked by top^clk)
Endpoint  : top.or1200_mult_mac+or1200_mult_mac^FF_NODE~2192.D[0] (.latch clocked by top^clk)
Path Type : setup

Point                                                                                                      Incr      Path
-------------------------------------------------------------------------------------------------------------------------
clock top^clk (rise edge)                                                                                 0.000     0.000
clock source latency                                                                                      0.000     0.000
top^clk.inpad[0] (.input)                                                                                 0.000     0.000
top.or1200_ctrl+or1200_ctrl^FF_NODE~823.clk[0] (.latch)                                                   1.338     1.338
top.or1200_ctrl+or1200_ctrl^FF_NODE~823.Q[0] (.latch) [clock-to-output]                                   0.124     1.462
n3998.in[0] (.names)                                                                                      1.338     2.800
n3998.out[0] (.names)                                                                                     0.261     3.061
n4749.in[2] (.names)                                                                                      1.338     4.398
n4749.out[0] (.names)                                                                                     0.261     4.659
top.or1200_mult_mac+or1200_mult_mac^MULTI_PORT_MUX~1953^MUX_2~10530.in[3] (.names)                        1.338     5.997
top.or1200_mult_mac+or1200_mult_mac^MULTI_PORT_MUX~1953^MUX_2~10530.out[0] (.names)                       0.261     6.258
n5129.in[1] (.names)                                                                                      1.338     7.596
n5129.out[0] (.names)                                                                                     0.261     7.857
n5128.in[2] (.names)                                                                                      1.338     9.195
n5128.out[0] (.names)                                                                                     0.261     9.456
n5127_1.in[2] (.names)                                                                                    1.338    10.793
n5127_1.out[0] (.names)                                                                                   0.261    11.054
n5126_1.in[2] (.names)                                                                                    1.338    12.392
n5126_1.out[0] (.names)                                                                                   0.261    12.653
n5125.in[2] (.names)                                                                                      1.338    13.991
n5125.out[0] (.names)                                                                                     0.261    14.252
n5124.in[2] (.names)                                                                                      1.338    15.590
n5124.out[0] (.names)                                                                                     0.261    15.851
n5123.in[2] (.names)                                                                                      1.338    17.188
n5123.out[0] (.names)                                                                                     0.261    17.449
n5122_1.in[2] (.names)                                                                                    1.338    18.787
n5122_1.out[0] (.names)                                                                                   0.261    19.048
n5121_1.in[2] (.names)                                                                                    1.338    20.386
n5121_1.out[0] (.names)                                                                                   0.261    20.647
n5120.in[2] (.names)                                                                                      1.338    21.985
n5120.out[0] (.names)                                                                                     0.261    22.246
n5119.in[2] (.names)                                                                                      1.338    23.584
n5119.out[0] (.names)                                                                                     0.261    23.845
n5118.in[2] (.names)                                                                                      1.338    25.182
n5118.out[0] (.names)                                                                                     0.261    25.443
n5117_1.in[2] (.names)                                                                                    1.338    26.781
n5117_1.out[0] (.names)                                                                                   0.261    27.042
n5116_1.in[2] (.names)                                                                                    1.338    28.380
n5116_1.out[0] (.names)                                                                                   0.261    28.641
n5115.in[2] (.names)                                                                                      1.338    29.979
n5115.out[0] (.names)                                                                                     0.261    30.240
n5114.in[2] (.names)                                                                                      1.338    31.577
n5114.out[0] (.names)                                                                                     0.261    31.838
n5113.in[2] (.names)                                                                                      1.338    33.176
n5113.out[0] (.names)                                                                                     0.261    33.437
n5112_1.in[4] (.names)                                                                                    1.338    34.775
n5112_1.out[0] (.names)                                                                                   0.261    35.036
n5111_1.in[2] (.names)                                                                                    1.338    36.374
n5111_1.out[0] (.names)                                                                                   0.261    36.635
n5109.in[5] (.names)                                                                                      1.338    37.972
n5109.out[0] (.names)                                                                                     0.261    38.233
n5107_1.in[5] (.names)                                                                                    1.338    39.571
n5107_1.out[0] (.names)                                                                                   0.261    39.832
n5106_1.in[4] (.names)                                                                                    1.338    41.170
n5106_1.out[0] (.names)                                                                                   0.261    41.431
n5104.in[5] (.names)                                                                                      1.338    42.769
n5104.out[0] (.names)                                                                                     0.261    43.030
n2041.in[3] (.names)                                                                                      1.338    44.367
n2041.out[0] (.names)                                                                                     0.261    44.628
top.or1200_mult_mac+or1200_mult_mac^FF_NODE~2192.D[0] (.latch)                                            1.338    45.966
data arrival time                                                                                                  45.966

clock top^clk (rise edge)                                                                                 0.000     0.000
clock source latency                                                                                      0.000     0.000
top^clk.inpad[0] (.input)                                                                                 0.000     0.000
top.or1200_mult_mac+or1200_mult_mac^FF_NODE~2192.clk[0] (.latch)                                          1.338     1.338
clock uncertainty                                                                                         0.000     1.338
cell setup time                                                                                          -0.066     1.272
data required time                                                                                                  1.272
-------------------------------------------------------------------------------------------------------------------------
data required time                                                                                                  1.272
data arrival time                                                                                                 -45.966
-------------------------------------------------------------------------------------------------------------------------
slack (VIOLATED)                                                                                                  -44.694


#Path 33
Startpoint: top.or1200_ctrl+or1200_ctrl^FF_NODE~823.Q[0] (.latch clocked by top^clk)
Endpoint  : top.or1200_mult_mac+or1200_mult_mac^FF_NODE~2191.D[0] (.latch clocked by top^clk)
Path Type : setup

Point                                                                                                      Incr      Path
-------------------------------------------------------------------------------------------------------------------------
clock top^clk (rise edge)                                                                                 0.000     0.000
clock source latency                                                                                      0.000     0.000
top^clk.inpad[0] (.input)                                                                                 0.000     0.000
top.or1200_ctrl+or1200_ctrl^FF_NODE~823.clk[0] (.latch)                                                   1.338     1.338
top.or1200_ctrl+or1200_ctrl^FF_NODE~823.Q[0] (.latch) [clock-to-output]                                   0.124     1.462
n3998.in[0] (.names)                                                                                      1.338     2.800
n3998.out[0] (.names)                                                                                     0.261     3.061
n4749.in[2] (.names)                                                                                      1.338     4.398
n4749.out[0] (.names)                                                                                     0.261     4.659
top.or1200_mult_mac+or1200_mult_mac^MULTI_PORT_MUX~1953^MUX_2~10530.in[3] (.names)                        1.338     5.997
top.or1200_mult_mac+or1200_mult_mac^MULTI_PORT_MUX~1953^MUX_2~10530.out[0] (.names)                       0.261     6.258
n5129.in[1] (.names)                                                                                      1.338     7.596
n5129.out[0] (.names)                                                                                     0.261     7.857
n5128.in[2] (.names)                                                                                      1.338     9.195
n5128.out[0] (.names)                                                                                     0.261     9.456
n5127_1.in[2] (.names)                                                                                    1.338    10.793
n5127_1.out[0] (.names)                                                                                   0.261    11.054
n5126_1.in[2] (.names)                                                                                    1.338    12.392
n5126_1.out[0] (.names)                                                                                   0.261    12.653
n5125.in[2] (.names)                                                                                      1.338    13.991
n5125.out[0] (.names)                                                                                     0.261    14.252
n5124.in[2] (.names)                                                                                      1.338    15.590
n5124.out[0] (.names)                                                                                     0.261    15.851
n5123.in[2] (.names)                                                                                      1.338    17.188
n5123.out[0] (.names)                                                                                     0.261    17.449
n5122_1.in[2] (.names)                                                                                    1.338    18.787
n5122_1.out[0] (.names)                                                                                   0.261    19.048
n5121_1.in[2] (.names)                                                                                    1.338    20.386
n5121_1.out[0] (.names)                                                                                   0.261    20.647
n5120.in[2] (.names)                                                                                      1.338    21.985
n5120.out[0] (.names)                                                                                     0.261    22.246
n5119.in[2] (.names)                                                                                      1.338    23.584
n5119.out[0] (.names)                                                                                     0.261    23.845
n5118.in[2] (.names)                                                                                      1.338    25.182
n5118.out[0] (.names)                                                                                     0.261    25.443
n5117_1.in[2] (.names)                                                                                    1.338    26.781
n5117_1.out[0] (.names)                                                                                   0.261    27.042
n5116_1.in[2] (.names)                                                                                    1.338    28.380
n5116_1.out[0] (.names)                                                                                   0.261    28.641
n5115.in[2] (.names)                                                                                      1.338    29.979
n5115.out[0] (.names)                                                                                     0.261    30.240
n5114.in[2] (.names)                                                                                      1.338    31.577
n5114.out[0] (.names)                                                                                     0.261    31.838
n5113.in[2] (.names)                                                                                      1.338    33.176
n5113.out[0] (.names)                                                                                     0.261    33.437
n5112_1.in[4] (.names)                                                                                    1.338    34.775
n5112_1.out[0] (.names)                                                                                   0.261    35.036
n5111_1.in[2] (.names)                                                                                    1.338    36.374
n5111_1.out[0] (.names)                                                                                   0.261    36.635
n5109.in[5] (.names)                                                                                      1.338    37.972
n5109.out[0] (.names)                                                                                     0.261    38.233
n5107_1.in[5] (.names)                                                                                    1.338    39.571
n5107_1.out[0] (.names)                                                                                   0.261    39.832
n5106_1.in[4] (.names)                                                                                    1.338    41.170
n5106_1.out[0] (.names)                                                                                   0.261    41.431
n5104.in[5] (.names)                                                                                      1.338    42.769
n5104.out[0] (.names)                                                                                     0.261    43.030
n2036.in[3] (.names)                                                                                      1.338    44.367
n2036.out[0] (.names)                                                                                     0.261    44.628
top.or1200_mult_mac+or1200_mult_mac^FF_NODE~2191.D[0] (.latch)                                            1.338    45.966
data arrival time                                                                                                  45.966

clock top^clk (rise edge)                                                                                 0.000     0.000
clock source latency                                                                                      0.000     0.000
top^clk.inpad[0] (.input)                                                                                 0.000     0.000
top.or1200_mult_mac+or1200_mult_mac^FF_NODE~2191.clk[0] (.latch)                                          1.338     1.338
clock uncertainty                                                                                         0.000     1.338
cell setup time                                                                                          -0.066     1.272
data required time                                                                                                  1.272
-------------------------------------------------------------------------------------------------------------------------
data required time                                                                                                  1.272
data arrival time                                                                                                 -45.966
-------------------------------------------------------------------------------------------------------------------------
slack (VIOLATED)                                                                                                  -44.694


#Path 34
Startpoint: top.or1200_ctrl+or1200_ctrl^FF_NODE~823.Q[0] (.latch clocked by top^clk)
Endpoint  : top.or1200_mult_mac+or1200_mult_mac^FF_NODE~2223.D[0] (.latch clocked by top^clk)
Path Type : setup

Point                                                                                                      Incr      Path
-------------------------------------------------------------------------------------------------------------------------
clock top^clk (rise edge)                                                                                 0.000     0.000
clock source latency                                                                                      0.000     0.000
top^clk.inpad[0] (.input)                                                                                 0.000     0.000
top.or1200_ctrl+or1200_ctrl^FF_NODE~823.clk[0] (.latch)                                                   1.338     1.338
top.or1200_ctrl+or1200_ctrl^FF_NODE~823.Q[0] (.latch) [clock-to-output]                                   0.124     1.462
n3998.in[0] (.names)                                                                                      1.338     2.800
n3998.out[0] (.names)                                                                                     0.261     3.061
n4749.in[2] (.names)                                                                                      1.338     4.398
n4749.out[0] (.names)                                                                                     0.261     4.659
top.or1200_mult_mac+or1200_mult_mac^MULTI_PORT_MUX~1953^MUX_2~10530.in[3] (.names)                        1.338     5.997
top.or1200_mult_mac+or1200_mult_mac^MULTI_PORT_MUX~1953^MUX_2~10530.out[0] (.names)                       0.261     6.258
n5129.in[1] (.names)                                                                                      1.338     7.596
n5129.out[0] (.names)                                                                                     0.261     7.857
n5128.in[2] (.names)                                                                                      1.338     9.195
n5128.out[0] (.names)                                                                                     0.261     9.456
n5127_1.in[2] (.names)                                                                                    1.338    10.793
n5127_1.out[0] (.names)                                                                                   0.261    11.054
n5126_1.in[2] (.names)                                                                                    1.338    12.392
n5126_1.out[0] (.names)                                                                                   0.261    12.653
n5125.in[2] (.names)                                                                                      1.338    13.991
n5125.out[0] (.names)                                                                                     0.261    14.252
n5124.in[2] (.names)                                                                                      1.338    15.590
n5124.out[0] (.names)                                                                                     0.261    15.851
n5123.in[2] (.names)                                                                                      1.338    17.188
n5123.out[0] (.names)                                                                                     0.261    17.449
n5122_1.in[2] (.names)                                                                                    1.338    18.787
n5122_1.out[0] (.names)                                                                                   0.261    19.048
n5121_1.in[2] (.names)                                                                                    1.338    20.386
n5121_1.out[0] (.names)                                                                                   0.261    20.647
n5120.in[2] (.names)                                                                                      1.338    21.985
n5120.out[0] (.names)                                                                                     0.261    22.246
n5119.in[2] (.names)                                                                                      1.338    23.584
n5119.out[0] (.names)                                                                                     0.261    23.845
n5118.in[2] (.names)                                                                                      1.338    25.182
n5118.out[0] (.names)                                                                                     0.261    25.443
n5117_1.in[2] (.names)                                                                                    1.338    26.781
n5117_1.out[0] (.names)                                                                                   0.261    27.042
n5116_1.in[2] (.names)                                                                                    1.338    28.380
n5116_1.out[0] (.names)                                                                                   0.261    28.641
n5115.in[2] (.names)                                                                                      1.338    29.979
n5115.out[0] (.names)                                                                                     0.261    30.240
n5114.in[2] (.names)                                                                                      1.338    31.577
n5114.out[0] (.names)                                                                                     0.261    31.838
n5113.in[2] (.names)                                                                                      1.338    33.176
n5113.out[0] (.names)                                                                                     0.261    33.437
n5112_1.in[4] (.names)                                                                                    1.338    34.775
n5112_1.out[0] (.names)                                                                                   0.261    35.036
n5111_1.in[2] (.names)                                                                                    1.338    36.374
n5111_1.out[0] (.names)                                                                                   0.261    36.635
n5109.in[5] (.names)                                                                                      1.338    37.972
n5109.out[0] (.names)                                                                                     0.261    38.233
n5107_1.in[5] (.names)                                                                                    1.338    39.571
n5107_1.out[0] (.names)                                                                                   0.261    39.832
n5106_1.in[4] (.names)                                                                                    1.338    41.170
n5106_1.out[0] (.names)                                                                                   0.261    41.431
n5290.in[3] (.names)                                                                                      1.338    42.769
n5290.out[0] (.names)                                                                                     0.261    43.030
n2181.in[4] (.names)                                                                                      1.338    44.367
n2181.out[0] (.names)                                                                                     0.261    44.628
top.or1200_mult_mac+or1200_mult_mac^FF_NODE~2223.D[0] (.latch)                                            1.338    45.966
data arrival time                                                                                                  45.966

clock top^clk (rise edge)                                                                                 0.000     0.000
clock source latency                                                                                      0.000     0.000
top^clk.inpad[0] (.input)                                                                                 0.000     0.000
top.or1200_mult_mac+or1200_mult_mac^FF_NODE~2223.clk[0] (.latch)                                          1.338     1.338
clock uncertainty                                                                                         0.000     1.338
cell setup time                                                                                          -0.066     1.272
data required time                                                                                                  1.272
-------------------------------------------------------------------------------------------------------------------------
data required time                                                                                                  1.272
data arrival time                                                                                                 -45.966
-------------------------------------------------------------------------------------------------------------------------
slack (VIOLATED)                                                                                                  -44.694


#Path 35
Startpoint: top.or1200_ctrl+or1200_ctrl^FF_NODE~823.Q[0] (.latch clocked by top^clk)
Endpoint  : top.or1200_mult_mac+or1200_mult_mac^FF_NODE~2222.D[0] (.latch clocked by top^clk)
Path Type : setup

Point                                                                                                      Incr      Path
-------------------------------------------------------------------------------------------------------------------------
clock top^clk (rise edge)                                                                                 0.000     0.000
clock source latency                                                                                      0.000     0.000
top^clk.inpad[0] (.input)                                                                                 0.000     0.000
top.or1200_ctrl+or1200_ctrl^FF_NODE~823.clk[0] (.latch)                                                   1.338     1.338
top.or1200_ctrl+or1200_ctrl^FF_NODE~823.Q[0] (.latch) [clock-to-output]                                   0.124     1.462
n3998.in[0] (.names)                                                                                      1.338     2.800
n3998.out[0] (.names)                                                                                     0.261     3.061
n4749.in[2] (.names)                                                                                      1.338     4.398
n4749.out[0] (.names)                                                                                     0.261     4.659
top.or1200_mult_mac+or1200_mult_mac^MULTI_PORT_MUX~1953^MUX_2~10530.in[3] (.names)                        1.338     5.997
top.or1200_mult_mac+or1200_mult_mac^MULTI_PORT_MUX~1953^MUX_2~10530.out[0] (.names)                       0.261     6.258
n5129.in[1] (.names)                                                                                      1.338     7.596
n5129.out[0] (.names)                                                                                     0.261     7.857
n5128.in[2] (.names)                                                                                      1.338     9.195
n5128.out[0] (.names)                                                                                     0.261     9.456
n5127_1.in[2] (.names)                                                                                    1.338    10.793
n5127_1.out[0] (.names)                                                                                   0.261    11.054
n5126_1.in[2] (.names)                                                                                    1.338    12.392
n5126_1.out[0] (.names)                                                                                   0.261    12.653
n5125.in[2] (.names)                                                                                      1.338    13.991
n5125.out[0] (.names)                                                                                     0.261    14.252
n5124.in[2] (.names)                                                                                      1.338    15.590
n5124.out[0] (.names)                                                                                     0.261    15.851
n5123.in[2] (.names)                                                                                      1.338    17.188
n5123.out[0] (.names)                                                                                     0.261    17.449
n5122_1.in[2] (.names)                                                                                    1.338    18.787
n5122_1.out[0] (.names)                                                                                   0.261    19.048
n5121_1.in[2] (.names)                                                                                    1.338    20.386
n5121_1.out[0] (.names)                                                                                   0.261    20.647
n5120.in[2] (.names)                                                                                      1.338    21.985
n5120.out[0] (.names)                                                                                     0.261    22.246
n5119.in[2] (.names)                                                                                      1.338    23.584
n5119.out[0] (.names)                                                                                     0.261    23.845
n5118.in[2] (.names)                                                                                      1.338    25.182
n5118.out[0] (.names)                                                                                     0.261    25.443
n5117_1.in[2] (.names)                                                                                    1.338    26.781
n5117_1.out[0] (.names)                                                                                   0.261    27.042
n5116_1.in[2] (.names)                                                                                    1.338    28.380
n5116_1.out[0] (.names)                                                                                   0.261    28.641
n5115.in[2] (.names)                                                                                      1.338    29.979
n5115.out[0] (.names)                                                                                     0.261    30.240
n5114.in[2] (.names)                                                                                      1.338    31.577
n5114.out[0] (.names)                                                                                     0.261    31.838
n5113.in[2] (.names)                                                                                      1.338    33.176
n5113.out[0] (.names)                                                                                     0.261    33.437
n5112_1.in[4] (.names)                                                                                    1.338    34.775
n5112_1.out[0] (.names)                                                                                   0.261    35.036
n5111_1.in[2] (.names)                                                                                    1.338    36.374
n5111_1.out[0] (.names)                                                                                   0.261    36.635
n5109.in[5] (.names)                                                                                      1.338    37.972
n5109.out[0] (.names)                                                                                     0.261    38.233
n5107_1.in[5] (.names)                                                                                    1.338    39.571
n5107_1.out[0] (.names)                                                                                   0.261    39.832
n5106_1.in[4] (.names)                                                                                    1.338    41.170
n5106_1.out[0] (.names)                                                                                   0.261    41.431
n5104.in[5] (.names)                                                                                      1.338    42.769
n5104.out[0] (.names)                                                                                     0.261    43.030
n2176.in[3] (.names)                                                                                      1.338    44.367
n2176.out[0] (.names)                                                                                     0.261    44.628
top.or1200_mult_mac+or1200_mult_mac^FF_NODE~2222.D[0] (.latch)                                            1.338    45.966
data arrival time                                                                                                  45.966

clock top^clk (rise edge)                                                                                 0.000     0.000
clock source latency                                                                                      0.000     0.000
top^clk.inpad[0] (.input)                                                                                 0.000     0.000
top.or1200_mult_mac+or1200_mult_mac^FF_NODE~2222.clk[0] (.latch)                                          1.338     1.338
clock uncertainty                                                                                         0.000     1.338
cell setup time                                                                                          -0.066     1.272
data required time                                                                                                  1.272
-------------------------------------------------------------------------------------------------------------------------
data required time                                                                                                  1.272
data arrival time                                                                                                 -45.966
-------------------------------------------------------------------------------------------------------------------------
slack (VIOLATED)                                                                                                  -44.694


#Path 36
Startpoint: top.or1200_ctrl+or1200_ctrl^FF_NODE~823.Q[0] (.latch clocked by top^clk)
Endpoint  : top.or1200_mult_mac+or1200_mult_mac^FF_NODE~2221.D[0] (.latch clocked by top^clk)
Path Type : setup

Point                                                                                                      Incr      Path
-------------------------------------------------------------------------------------------------------------------------
clock top^clk (rise edge)                                                                                 0.000     0.000
clock source latency                                                                                      0.000     0.000
top^clk.inpad[0] (.input)                                                                                 0.000     0.000
top.or1200_ctrl+or1200_ctrl^FF_NODE~823.clk[0] (.latch)                                                   1.338     1.338
top.or1200_ctrl+or1200_ctrl^FF_NODE~823.Q[0] (.latch) [clock-to-output]                                   0.124     1.462
n3998.in[0] (.names)                                                                                      1.338     2.800
n3998.out[0] (.names)                                                                                     0.261     3.061
n4749.in[2] (.names)                                                                                      1.338     4.398
n4749.out[0] (.names)                                                                                     0.261     4.659
top.or1200_mult_mac+or1200_mult_mac^MULTI_PORT_MUX~1953^MUX_2~10530.in[3] (.names)                        1.338     5.997
top.or1200_mult_mac+or1200_mult_mac^MULTI_PORT_MUX~1953^MUX_2~10530.out[0] (.names)                       0.261     6.258
n5129.in[1] (.names)                                                                                      1.338     7.596
n5129.out[0] (.names)                                                                                     0.261     7.857
n5128.in[2] (.names)                                                                                      1.338     9.195
n5128.out[0] (.names)                                                                                     0.261     9.456
n5127_1.in[2] (.names)                                                                                    1.338    10.793
n5127_1.out[0] (.names)                                                                                   0.261    11.054
n5126_1.in[2] (.names)                                                                                    1.338    12.392
n5126_1.out[0] (.names)                                                                                   0.261    12.653
n5125.in[2] (.names)                                                                                      1.338    13.991
n5125.out[0] (.names)                                                                                     0.261    14.252
n5124.in[2] (.names)                                                                                      1.338    15.590
n5124.out[0] (.names)                                                                                     0.261    15.851
n5123.in[2] (.names)                                                                                      1.338    17.188
n5123.out[0] (.names)                                                                                     0.261    17.449
n5122_1.in[2] (.names)                                                                                    1.338    18.787
n5122_1.out[0] (.names)                                                                                   0.261    19.048
n5121_1.in[2] (.names)                                                                                    1.338    20.386
n5121_1.out[0] (.names)                                                                                   0.261    20.647
n5120.in[2] (.names)                                                                                      1.338    21.985
n5120.out[0] (.names)                                                                                     0.261    22.246
n5119.in[2] (.names)                                                                                      1.338    23.584
n5119.out[0] (.names)                                                                                     0.261    23.845
n5118.in[2] (.names)                                                                                      1.338    25.182
n5118.out[0] (.names)                                                                                     0.261    25.443
n5117_1.in[2] (.names)                                                                                    1.338    26.781
n5117_1.out[0] (.names)                                                                                   0.261    27.042
n5116_1.in[2] (.names)                                                                                    1.338    28.380
n5116_1.out[0] (.names)                                                                                   0.261    28.641
n5115.in[2] (.names)                                                                                      1.338    29.979
n5115.out[0] (.names)                                                                                     0.261    30.240
n5114.in[2] (.names)                                                                                      1.338    31.577
n5114.out[0] (.names)                                                                                     0.261    31.838
n5113.in[2] (.names)                                                                                      1.338    33.176
n5113.out[0] (.names)                                                                                     0.261    33.437
n5112_1.in[4] (.names)                                                                                    1.338    34.775
n5112_1.out[0] (.names)                                                                                   0.261    35.036
n5111_1.in[2] (.names)                                                                                    1.338    36.374
n5111_1.out[0] (.names)                                                                                   0.261    36.635
n5109.in[5] (.names)                                                                                      1.338    37.972
n5109.out[0] (.names)                                                                                     0.261    38.233
n5107_1.in[5] (.names)                                                                                    1.338    39.571
n5107_1.out[0] (.names)                                                                                   0.261    39.832
n5106_1.in[4] (.names)                                                                                    1.338    41.170
n5106_1.out[0] (.names)                                                                                   0.261    41.431
n5104.in[5] (.names)                                                                                      1.338    42.769
n5104.out[0] (.names)                                                                                     0.261    43.030
n2171.in[3] (.names)                                                                                      1.338    44.367
n2171.out[0] (.names)                                                                                     0.261    44.628
top.or1200_mult_mac+or1200_mult_mac^FF_NODE~2221.D[0] (.latch)                                            1.338    45.966
data arrival time                                                                                                  45.966

clock top^clk (rise edge)                                                                                 0.000     0.000
clock source latency                                                                                      0.000     0.000
top^clk.inpad[0] (.input)                                                                                 0.000     0.000
top.or1200_mult_mac+or1200_mult_mac^FF_NODE~2221.clk[0] (.latch)                                          1.338     1.338
clock uncertainty                                                                                         0.000     1.338
cell setup time                                                                                          -0.066     1.272
data required time                                                                                                  1.272
-------------------------------------------------------------------------------------------------------------------------
data required time                                                                                                  1.272
data arrival time                                                                                                 -45.966
-------------------------------------------------------------------------------------------------------------------------
slack (VIOLATED)                                                                                                  -44.694


#Path 37
Startpoint: top.or1200_ctrl+or1200_ctrl^FF_NODE~823.Q[0] (.latch clocked by top^clk)
Endpoint  : top.or1200_mult_mac+or1200_mult_mac^FF_NODE~2220.D[0] (.latch clocked by top^clk)
Path Type : setup

Point                                                                                                      Incr      Path
-------------------------------------------------------------------------------------------------------------------------
clock top^clk (rise edge)                                                                                 0.000     0.000
clock source latency                                                                                      0.000     0.000
top^clk.inpad[0] (.input)                                                                                 0.000     0.000
top.or1200_ctrl+or1200_ctrl^FF_NODE~823.clk[0] (.latch)                                                   1.338     1.338
top.or1200_ctrl+or1200_ctrl^FF_NODE~823.Q[0] (.latch) [clock-to-output]                                   0.124     1.462
n3998.in[0] (.names)                                                                                      1.338     2.800
n3998.out[0] (.names)                                                                                     0.261     3.061
n4749.in[2] (.names)                                                                                      1.338     4.398
n4749.out[0] (.names)                                                                                     0.261     4.659
top.or1200_mult_mac+or1200_mult_mac^MULTI_PORT_MUX~1953^MUX_2~10530.in[3] (.names)                        1.338     5.997
top.or1200_mult_mac+or1200_mult_mac^MULTI_PORT_MUX~1953^MUX_2~10530.out[0] (.names)                       0.261     6.258
n5129.in[1] (.names)                                                                                      1.338     7.596
n5129.out[0] (.names)                                                                                     0.261     7.857
n5128.in[2] (.names)                                                                                      1.338     9.195
n5128.out[0] (.names)                                                                                     0.261     9.456
n5127_1.in[2] (.names)                                                                                    1.338    10.793
n5127_1.out[0] (.names)                                                                                   0.261    11.054
n5126_1.in[2] (.names)                                                                                    1.338    12.392
n5126_1.out[0] (.names)                                                                                   0.261    12.653
n5125.in[2] (.names)                                                                                      1.338    13.991
n5125.out[0] (.names)                                                                                     0.261    14.252
n5124.in[2] (.names)                                                                                      1.338    15.590
n5124.out[0] (.names)                                                                                     0.261    15.851
n5123.in[2] (.names)                                                                                      1.338    17.188
n5123.out[0] (.names)                                                                                     0.261    17.449
n5122_1.in[2] (.names)                                                                                    1.338    18.787
n5122_1.out[0] (.names)                                                                                   0.261    19.048
n5121_1.in[2] (.names)                                                                                    1.338    20.386
n5121_1.out[0] (.names)                                                                                   0.261    20.647
n5120.in[2] (.names)                                                                                      1.338    21.985
n5120.out[0] (.names)                                                                                     0.261    22.246
n5119.in[2] (.names)                                                                                      1.338    23.584
n5119.out[0] (.names)                                                                                     0.261    23.845
n5118.in[2] (.names)                                                                                      1.338    25.182
n5118.out[0] (.names)                                                                                     0.261    25.443
n5117_1.in[2] (.names)                                                                                    1.338    26.781
n5117_1.out[0] (.names)                                                                                   0.261    27.042
n5116_1.in[2] (.names)                                                                                    1.338    28.380
n5116_1.out[0] (.names)                                                                                   0.261    28.641
n5115.in[2] (.names)                                                                                      1.338    29.979
n5115.out[0] (.names)                                                                                     0.261    30.240
n5114.in[2] (.names)                                                                                      1.338    31.577
n5114.out[0] (.names)                                                                                     0.261    31.838
n5113.in[2] (.names)                                                                                      1.338    33.176
n5113.out[0] (.names)                                                                                     0.261    33.437
n5112_1.in[4] (.names)                                                                                    1.338    34.775
n5112_1.out[0] (.names)                                                                                   0.261    35.036
n5111_1.in[2] (.names)                                                                                    1.338    36.374
n5111_1.out[0] (.names)                                                                                   0.261    36.635
n5109.in[5] (.names)                                                                                      1.338    37.972
n5109.out[0] (.names)                                                                                     0.261    38.233
n5107_1.in[5] (.names)                                                                                    1.338    39.571
n5107_1.out[0] (.names)                                                                                   0.261    39.832
n5106_1.in[4] (.names)                                                                                    1.338    41.170
n5106_1.out[0] (.names)                                                                                   0.261    41.431
n5104.in[5] (.names)                                                                                      1.338    42.769
n5104.out[0] (.names)                                                                                     0.261    43.030
n2166.in[3] (.names)                                                                                      1.338    44.367
n2166.out[0] (.names)                                                                                     0.261    44.628
top.or1200_mult_mac+or1200_mult_mac^FF_NODE~2220.D[0] (.latch)                                            1.338    45.966
data arrival time                                                                                                  45.966

clock top^clk (rise edge)                                                                                 0.000     0.000
clock source latency                                                                                      0.000     0.000
top^clk.inpad[0] (.input)                                                                                 0.000     0.000
top.or1200_mult_mac+or1200_mult_mac^FF_NODE~2220.clk[0] (.latch)                                          1.338     1.338
clock uncertainty                                                                                         0.000     1.338
cell setup time                                                                                          -0.066     1.272
data required time                                                                                                  1.272
-------------------------------------------------------------------------------------------------------------------------
data required time                                                                                                  1.272
data arrival time                                                                                                 -45.966
-------------------------------------------------------------------------------------------------------------------------
slack (VIOLATED)                                                                                                  -44.694


#Path 38
Startpoint: top.or1200_ctrl+or1200_ctrl^FF_NODE~823.Q[0] (.latch clocked by top^clk)
Endpoint  : top.or1200_mult_mac+or1200_mult_mac^FF_NODE~2218.D[0] (.latch clocked by top^clk)
Path Type : setup

Point                                                                                                      Incr      Path
-------------------------------------------------------------------------------------------------------------------------
clock top^clk (rise edge)                                                                                 0.000     0.000
clock source latency                                                                                      0.000     0.000
top^clk.inpad[0] (.input)                                                                                 0.000     0.000
top.or1200_ctrl+or1200_ctrl^FF_NODE~823.clk[0] (.latch)                                                   1.338     1.338
top.or1200_ctrl+or1200_ctrl^FF_NODE~823.Q[0] (.latch) [clock-to-output]                                   0.124     1.462
n3998.in[0] (.names)                                                                                      1.338     2.800
n3998.out[0] (.names)                                                                                     0.261     3.061
n4749.in[2] (.names)                                                                                      1.338     4.398
n4749.out[0] (.names)                                                                                     0.261     4.659
top.or1200_mult_mac+or1200_mult_mac^MULTI_PORT_MUX~1953^MUX_2~10530.in[3] (.names)                        1.338     5.997
top.or1200_mult_mac+or1200_mult_mac^MULTI_PORT_MUX~1953^MUX_2~10530.out[0] (.names)                       0.261     6.258
n5129.in[1] (.names)                                                                                      1.338     7.596
n5129.out[0] (.names)                                                                                     0.261     7.857
n5128.in[2] (.names)                                                                                      1.338     9.195
n5128.out[0] (.names)                                                                                     0.261     9.456
n5127_1.in[2] (.names)                                                                                    1.338    10.793
n5127_1.out[0] (.names)                                                                                   0.261    11.054
n5126_1.in[2] (.names)                                                                                    1.338    12.392
n5126_1.out[0] (.names)                                                                                   0.261    12.653
n5125.in[2] (.names)                                                                                      1.338    13.991
n5125.out[0] (.names)                                                                                     0.261    14.252
n5124.in[2] (.names)                                                                                      1.338    15.590
n5124.out[0] (.names)                                                                                     0.261    15.851
n5123.in[2] (.names)                                                                                      1.338    17.188
n5123.out[0] (.names)                                                                                     0.261    17.449
n5122_1.in[2] (.names)                                                                                    1.338    18.787
n5122_1.out[0] (.names)                                                                                   0.261    19.048
n5121_1.in[2] (.names)                                                                                    1.338    20.386
n5121_1.out[0] (.names)                                                                                   0.261    20.647
n5120.in[2] (.names)                                                                                      1.338    21.985
n5120.out[0] (.names)                                                                                     0.261    22.246
n5119.in[2] (.names)                                                                                      1.338    23.584
n5119.out[0] (.names)                                                                                     0.261    23.845
n5118.in[2] (.names)                                                                                      1.338    25.182
n5118.out[0] (.names)                                                                                     0.261    25.443
n5117_1.in[2] (.names)                                                                                    1.338    26.781
n5117_1.out[0] (.names)                                                                                   0.261    27.042
n5116_1.in[2] (.names)                                                                                    1.338    28.380
n5116_1.out[0] (.names)                                                                                   0.261    28.641
n5115.in[2] (.names)                                                                                      1.338    29.979
n5115.out[0] (.names)                                                                                     0.261    30.240
n5114.in[2] (.names)                                                                                      1.338    31.577
n5114.out[0] (.names)                                                                                     0.261    31.838
n5113.in[2] (.names)                                                                                      1.338    33.176
n5113.out[0] (.names)                                                                                     0.261    33.437
n5112_1.in[4] (.names)                                                                                    1.338    34.775
n5112_1.out[0] (.names)                                                                                   0.261    35.036
n5111_1.in[2] (.names)                                                                                    1.338    36.374
n5111_1.out[0] (.names)                                                                                   0.261    36.635
n5109.in[5] (.names)                                                                                      1.338    37.972
n5109.out[0] (.names)                                                                                     0.261    38.233
n5107_1.in[5] (.names)                                                                                    1.338    39.571
n5107_1.out[0] (.names)                                                                                   0.261    39.832
n5106_1.in[4] (.names)                                                                                    1.338    41.170
n5106_1.out[0] (.names)                                                                                   0.261    41.431
n5104.in[5] (.names)                                                                                      1.338    42.769
n5104.out[0] (.names)                                                                                     0.261    43.030
n2161.in[3] (.names)                                                                                      1.338    44.367
n2161.out[0] (.names)                                                                                     0.261    44.628
top.or1200_mult_mac+or1200_mult_mac^FF_NODE~2218.D[0] (.latch)                                            1.338    45.966
data arrival time                                                                                                  45.966

clock top^clk (rise edge)                                                                                 0.000     0.000
clock source latency                                                                                      0.000     0.000
top^clk.inpad[0] (.input)                                                                                 0.000     0.000
top.or1200_mult_mac+or1200_mult_mac^FF_NODE~2218.clk[0] (.latch)                                          1.338     1.338
clock uncertainty                                                                                         0.000     1.338
cell setup time                                                                                          -0.066     1.272
data required time                                                                                                  1.272
-------------------------------------------------------------------------------------------------------------------------
data required time                                                                                                  1.272
data arrival time                                                                                                 -45.966
-------------------------------------------------------------------------------------------------------------------------
slack (VIOLATED)                                                                                                  -44.694


#Path 39
Startpoint: top.or1200_ctrl+or1200_ctrl^FF_NODE~823.Q[0] (.latch clocked by top^clk)
Endpoint  : top.or1200_mult_mac+or1200_mult_mac^FF_NODE~2217.D[0] (.latch clocked by top^clk)
Path Type : setup

Point                                                                                                      Incr      Path
-------------------------------------------------------------------------------------------------------------------------
clock top^clk (rise edge)                                                                                 0.000     0.000
clock source latency                                                                                      0.000     0.000
top^clk.inpad[0] (.input)                                                                                 0.000     0.000
top.or1200_ctrl+or1200_ctrl^FF_NODE~823.clk[0] (.latch)                                                   1.338     1.338
top.or1200_ctrl+or1200_ctrl^FF_NODE~823.Q[0] (.latch) [clock-to-output]                                   0.124     1.462
n3998.in[0] (.names)                                                                                      1.338     2.800
n3998.out[0] (.names)                                                                                     0.261     3.061
n4749.in[2] (.names)                                                                                      1.338     4.398
n4749.out[0] (.names)                                                                                     0.261     4.659
top.or1200_mult_mac+or1200_mult_mac^MULTI_PORT_MUX~1953^MUX_2~10530.in[3] (.names)                        1.338     5.997
top.or1200_mult_mac+or1200_mult_mac^MULTI_PORT_MUX~1953^MUX_2~10530.out[0] (.names)                       0.261     6.258
n5129.in[1] (.names)                                                                                      1.338     7.596
n5129.out[0] (.names)                                                                                     0.261     7.857
n5128.in[2] (.names)                                                                                      1.338     9.195
n5128.out[0] (.names)                                                                                     0.261     9.456
n5127_1.in[2] (.names)                                                                                    1.338    10.793
n5127_1.out[0] (.names)                                                                                   0.261    11.054
n5126_1.in[2] (.names)                                                                                    1.338    12.392
n5126_1.out[0] (.names)                                                                                   0.261    12.653
n5125.in[2] (.names)                                                                                      1.338    13.991
n5125.out[0] (.names)                                                                                     0.261    14.252
n5124.in[2] (.names)                                                                                      1.338    15.590
n5124.out[0] (.names)                                                                                     0.261    15.851
n5123.in[2] (.names)                                                                                      1.338    17.188
n5123.out[0] (.names)                                                                                     0.261    17.449
n5122_1.in[2] (.names)                                                                                    1.338    18.787
n5122_1.out[0] (.names)                                                                                   0.261    19.048
n5121_1.in[2] (.names)                                                                                    1.338    20.386
n5121_1.out[0] (.names)                                                                                   0.261    20.647
n5120.in[2] (.names)                                                                                      1.338    21.985
n5120.out[0] (.names)                                                                                     0.261    22.246
n5119.in[2] (.names)                                                                                      1.338    23.584
n5119.out[0] (.names)                                                                                     0.261    23.845
n5118.in[2] (.names)                                                                                      1.338    25.182
n5118.out[0] (.names)                                                                                     0.261    25.443
n5117_1.in[2] (.names)                                                                                    1.338    26.781
n5117_1.out[0] (.names)                                                                                   0.261    27.042
n5116_1.in[2] (.names)                                                                                    1.338    28.380
n5116_1.out[0] (.names)                                                                                   0.261    28.641
n5115.in[2] (.names)                                                                                      1.338    29.979
n5115.out[0] (.names)                                                                                     0.261    30.240
n5114.in[2] (.names)                                                                                      1.338    31.577
n5114.out[0] (.names)                                                                                     0.261    31.838
n5113.in[2] (.names)                                                                                      1.338    33.176
n5113.out[0] (.names)                                                                                     0.261    33.437
n5112_1.in[4] (.names)                                                                                    1.338    34.775
n5112_1.out[0] (.names)                                                                                   0.261    35.036
n5111_1.in[2] (.names)                                                                                    1.338    36.374
n5111_1.out[0] (.names)                                                                                   0.261    36.635
n5109.in[5] (.names)                                                                                      1.338    37.972
n5109.out[0] (.names)                                                                                     0.261    38.233
n5107_1.in[5] (.names)                                                                                    1.338    39.571
n5107_1.out[0] (.names)                                                                                   0.261    39.832
n5106_1.in[4] (.names)                                                                                    1.338    41.170
n5106_1.out[0] (.names)                                                                                   0.261    41.431
n5104.in[5] (.names)                                                                                      1.338    42.769
n5104.out[0] (.names)                                                                                     0.261    43.030
n2156.in[3] (.names)                                                                                      1.338    44.367
n2156.out[0] (.names)                                                                                     0.261    44.628
top.or1200_mult_mac+or1200_mult_mac^FF_NODE~2217.D[0] (.latch)                                            1.338    45.966
data arrival time                                                                                                  45.966

clock top^clk (rise edge)                                                                                 0.000     0.000
clock source latency                                                                                      0.000     0.000
top^clk.inpad[0] (.input)                                                                                 0.000     0.000
top.or1200_mult_mac+or1200_mult_mac^FF_NODE~2217.clk[0] (.latch)                                          1.338     1.338
clock uncertainty                                                                                         0.000     1.338
cell setup time                                                                                          -0.066     1.272
data required time                                                                                                  1.272
-------------------------------------------------------------------------------------------------------------------------
data required time                                                                                                  1.272
data arrival time                                                                                                 -45.966
-------------------------------------------------------------------------------------------------------------------------
slack (VIOLATED)                                                                                                  -44.694


#Path 40
Startpoint: top.or1200_ctrl+or1200_ctrl^FF_NODE~823.Q[0] (.latch clocked by top^clk)
Endpoint  : top.or1200_mult_mac+or1200_mult_mac^FF_NODE~2216.D[0] (.latch clocked by top^clk)
Path Type : setup

Point                                                                                                      Incr      Path
-------------------------------------------------------------------------------------------------------------------------
clock top^clk (rise edge)                                                                                 0.000     0.000
clock source latency                                                                                      0.000     0.000
top^clk.inpad[0] (.input)                                                                                 0.000     0.000
top.or1200_ctrl+or1200_ctrl^FF_NODE~823.clk[0] (.latch)                                                   1.338     1.338
top.or1200_ctrl+or1200_ctrl^FF_NODE~823.Q[0] (.latch) [clock-to-output]                                   0.124     1.462
n3998.in[0] (.names)                                                                                      1.338     2.800
n3998.out[0] (.names)                                                                                     0.261     3.061
n4749.in[2] (.names)                                                                                      1.338     4.398
n4749.out[0] (.names)                                                                                     0.261     4.659
top.or1200_mult_mac+or1200_mult_mac^MULTI_PORT_MUX~1953^MUX_2~10530.in[3] (.names)                        1.338     5.997
top.or1200_mult_mac+or1200_mult_mac^MULTI_PORT_MUX~1953^MUX_2~10530.out[0] (.names)                       0.261     6.258
n5129.in[1] (.names)                                                                                      1.338     7.596
n5129.out[0] (.names)                                                                                     0.261     7.857
n5128.in[2] (.names)                                                                                      1.338     9.195
n5128.out[0] (.names)                                                                                     0.261     9.456
n5127_1.in[2] (.names)                                                                                    1.338    10.793
n5127_1.out[0] (.names)                                                                                   0.261    11.054
n5126_1.in[2] (.names)                                                                                    1.338    12.392
n5126_1.out[0] (.names)                                                                                   0.261    12.653
n5125.in[2] (.names)                                                                                      1.338    13.991
n5125.out[0] (.names)                                                                                     0.261    14.252
n5124.in[2] (.names)                                                                                      1.338    15.590
n5124.out[0] (.names)                                                                                     0.261    15.851
n5123.in[2] (.names)                                                                                      1.338    17.188
n5123.out[0] (.names)                                                                                     0.261    17.449
n5122_1.in[2] (.names)                                                                                    1.338    18.787
n5122_1.out[0] (.names)                                                                                   0.261    19.048
n5121_1.in[2] (.names)                                                                                    1.338    20.386
n5121_1.out[0] (.names)                                                                                   0.261    20.647
n5120.in[2] (.names)                                                                                      1.338    21.985
n5120.out[0] (.names)                                                                                     0.261    22.246
n5119.in[2] (.names)                                                                                      1.338    23.584
n5119.out[0] (.names)                                                                                     0.261    23.845
n5118.in[2] (.names)                                                                                      1.338    25.182
n5118.out[0] (.names)                                                                                     0.261    25.443
n5117_1.in[2] (.names)                                                                                    1.338    26.781
n5117_1.out[0] (.names)                                                                                   0.261    27.042
n5116_1.in[2] (.names)                                                                                    1.338    28.380
n5116_1.out[0] (.names)                                                                                   0.261    28.641
n5115.in[2] (.names)                                                                                      1.338    29.979
n5115.out[0] (.names)                                                                                     0.261    30.240
n5114.in[2] (.names)                                                                                      1.338    31.577
n5114.out[0] (.names)                                                                                     0.261    31.838
n5113.in[2] (.names)                                                                                      1.338    33.176
n5113.out[0] (.names)                                                                                     0.261    33.437
n5112_1.in[4] (.names)                                                                                    1.338    34.775
n5112_1.out[0] (.names)                                                                                   0.261    35.036
n5111_1.in[2] (.names)                                                                                    1.338    36.374
n5111_1.out[0] (.names)                                                                                   0.261    36.635
n5109.in[5] (.names)                                                                                      1.338    37.972
n5109.out[0] (.names)                                                                                     0.261    38.233
n5107_1.in[5] (.names)                                                                                    1.338    39.571
n5107_1.out[0] (.names)                                                                                   0.261    39.832
n5106_1.in[4] (.names)                                                                                    1.338    41.170
n5106_1.out[0] (.names)                                                                                   0.261    41.431
n5104.in[5] (.names)                                                                                      1.338    42.769
n5104.out[0] (.names)                                                                                     0.261    43.030
n2151.in[3] (.names)                                                                                      1.338    44.367
n2151.out[0] (.names)                                                                                     0.261    44.628
top.or1200_mult_mac+or1200_mult_mac^FF_NODE~2216.D[0] (.latch)                                            1.338    45.966
data arrival time                                                                                                  45.966

clock top^clk (rise edge)                                                                                 0.000     0.000
clock source latency                                                                                      0.000     0.000
top^clk.inpad[0] (.input)                                                                                 0.000     0.000
top.or1200_mult_mac+or1200_mult_mac^FF_NODE~2216.clk[0] (.latch)                                          1.338     1.338
clock uncertainty                                                                                         0.000     1.338
cell setup time                                                                                          -0.066     1.272
data required time                                                                                                  1.272
-------------------------------------------------------------------------------------------------------------------------
data required time                                                                                                  1.272
data arrival time                                                                                                 -45.966
-------------------------------------------------------------------------------------------------------------------------
slack (VIOLATED)                                                                                                  -44.694


#Path 41
Startpoint: top.or1200_ctrl+or1200_ctrl^FF_NODE~823.Q[0] (.latch clocked by top^clk)
Endpoint  : top.or1200_mult_mac+or1200_mult_mac^FF_NODE~2215.D[0] (.latch clocked by top^clk)
Path Type : setup

Point                                                                                                      Incr      Path
-------------------------------------------------------------------------------------------------------------------------
clock top^clk (rise edge)                                                                                 0.000     0.000
clock source latency                                                                                      0.000     0.000
top^clk.inpad[0] (.input)                                                                                 0.000     0.000
top.or1200_ctrl+or1200_ctrl^FF_NODE~823.clk[0] (.latch)                                                   1.338     1.338
top.or1200_ctrl+or1200_ctrl^FF_NODE~823.Q[0] (.latch) [clock-to-output]                                   0.124     1.462
n3998.in[0] (.names)                                                                                      1.338     2.800
n3998.out[0] (.names)                                                                                     0.261     3.061
n4749.in[2] (.names)                                                                                      1.338     4.398
n4749.out[0] (.names)                                                                                     0.261     4.659
top.or1200_mult_mac+or1200_mult_mac^MULTI_PORT_MUX~1953^MUX_2~10530.in[3] (.names)                        1.338     5.997
top.or1200_mult_mac+or1200_mult_mac^MULTI_PORT_MUX~1953^MUX_2~10530.out[0] (.names)                       0.261     6.258
n5129.in[1] (.names)                                                                                      1.338     7.596
n5129.out[0] (.names)                                                                                     0.261     7.857
n5128.in[2] (.names)                                                                                      1.338     9.195
n5128.out[0] (.names)                                                                                     0.261     9.456
n5127_1.in[2] (.names)                                                                                    1.338    10.793
n5127_1.out[0] (.names)                                                                                   0.261    11.054
n5126_1.in[2] (.names)                                                                                    1.338    12.392
n5126_1.out[0] (.names)                                                                                   0.261    12.653
n5125.in[2] (.names)                                                                                      1.338    13.991
n5125.out[0] (.names)                                                                                     0.261    14.252
n5124.in[2] (.names)                                                                                      1.338    15.590
n5124.out[0] (.names)                                                                                     0.261    15.851
n5123.in[2] (.names)                                                                                      1.338    17.188
n5123.out[0] (.names)                                                                                     0.261    17.449
n5122_1.in[2] (.names)                                                                                    1.338    18.787
n5122_1.out[0] (.names)                                                                                   0.261    19.048
n5121_1.in[2] (.names)                                                                                    1.338    20.386
n5121_1.out[0] (.names)                                                                                   0.261    20.647
n5120.in[2] (.names)                                                                                      1.338    21.985
n5120.out[0] (.names)                                                                                     0.261    22.246
n5119.in[2] (.names)                                                                                      1.338    23.584
n5119.out[0] (.names)                                                                                     0.261    23.845
n5118.in[2] (.names)                                                                                      1.338    25.182
n5118.out[0] (.names)                                                                                     0.261    25.443
n5117_1.in[2] (.names)                                                                                    1.338    26.781
n5117_1.out[0] (.names)                                                                                   0.261    27.042
n5116_1.in[2] (.names)                                                                                    1.338    28.380
n5116_1.out[0] (.names)                                                                                   0.261    28.641
n5115.in[2] (.names)                                                                                      1.338    29.979
n5115.out[0] (.names)                                                                                     0.261    30.240
n5114.in[2] (.names)                                                                                      1.338    31.577
n5114.out[0] (.names)                                                                                     0.261    31.838
n5113.in[2] (.names)                                                                                      1.338    33.176
n5113.out[0] (.names)                                                                                     0.261    33.437
n5112_1.in[4] (.names)                                                                                    1.338    34.775
n5112_1.out[0] (.names)                                                                                   0.261    35.036
n5111_1.in[2] (.names)                                                                                    1.338    36.374
n5111_1.out[0] (.names)                                                                                   0.261    36.635
n5109.in[5] (.names)                                                                                      1.338    37.972
n5109.out[0] (.names)                                                                                     0.261    38.233
n5107_1.in[5] (.names)                                                                                    1.338    39.571
n5107_1.out[0] (.names)                                                                                   0.261    39.832
n5106_1.in[4] (.names)                                                                                    1.338    41.170
n5106_1.out[0] (.names)                                                                                   0.261    41.431
n5104.in[5] (.names)                                                                                      1.338    42.769
n5104.out[0] (.names)                                                                                     0.261    43.030
n2146.in[3] (.names)                                                                                      1.338    44.367
n2146.out[0] (.names)                                                                                     0.261    44.628
top.or1200_mult_mac+or1200_mult_mac^FF_NODE~2215.D[0] (.latch)                                            1.338    45.966
data arrival time                                                                                                  45.966

clock top^clk (rise edge)                                                                                 0.000     0.000
clock source latency                                                                                      0.000     0.000
top^clk.inpad[0] (.input)                                                                                 0.000     0.000
top.or1200_mult_mac+or1200_mult_mac^FF_NODE~2215.clk[0] (.latch)                                          1.338     1.338
clock uncertainty                                                                                         0.000     1.338
cell setup time                                                                                          -0.066     1.272
data required time                                                                                                  1.272
-------------------------------------------------------------------------------------------------------------------------
data required time                                                                                                  1.272
data arrival time                                                                                                 -45.966
-------------------------------------------------------------------------------------------------------------------------
slack (VIOLATED)                                                                                                  -44.694


#Path 42
Startpoint: top.or1200_ctrl+or1200_ctrl^FF_NODE~823.Q[0] (.latch clocked by top^clk)
Endpoint  : top.or1200_mult_mac+or1200_mult_mac^FF_NODE~2214.D[0] (.latch clocked by top^clk)
Path Type : setup

Point                                                                                                      Incr      Path
-------------------------------------------------------------------------------------------------------------------------
clock top^clk (rise edge)                                                                                 0.000     0.000
clock source latency                                                                                      0.000     0.000
top^clk.inpad[0] (.input)                                                                                 0.000     0.000
top.or1200_ctrl+or1200_ctrl^FF_NODE~823.clk[0] (.latch)                                                   1.338     1.338
top.or1200_ctrl+or1200_ctrl^FF_NODE~823.Q[0] (.latch) [clock-to-output]                                   0.124     1.462
n3998.in[0] (.names)                                                                                      1.338     2.800
n3998.out[0] (.names)                                                                                     0.261     3.061
n4749.in[2] (.names)                                                                                      1.338     4.398
n4749.out[0] (.names)                                                                                     0.261     4.659
top.or1200_mult_mac+or1200_mult_mac^MULTI_PORT_MUX~1953^MUX_2~10530.in[3] (.names)                        1.338     5.997
top.or1200_mult_mac+or1200_mult_mac^MULTI_PORT_MUX~1953^MUX_2~10530.out[0] (.names)                       0.261     6.258
n5129.in[1] (.names)                                                                                      1.338     7.596
n5129.out[0] (.names)                                                                                     0.261     7.857
n5128.in[2] (.names)                                                                                      1.338     9.195
n5128.out[0] (.names)                                                                                     0.261     9.456
n5127_1.in[2] (.names)                                                                                    1.338    10.793
n5127_1.out[0] (.names)                                                                                   0.261    11.054
n5126_1.in[2] (.names)                                                                                    1.338    12.392
n5126_1.out[0] (.names)                                                                                   0.261    12.653
n5125.in[2] (.names)                                                                                      1.338    13.991
n5125.out[0] (.names)                                                                                     0.261    14.252
n5124.in[2] (.names)                                                                                      1.338    15.590
n5124.out[0] (.names)                                                                                     0.261    15.851
n5123.in[2] (.names)                                                                                      1.338    17.188
n5123.out[0] (.names)                                                                                     0.261    17.449
n5122_1.in[2] (.names)                                                                                    1.338    18.787
n5122_1.out[0] (.names)                                                                                   0.261    19.048
n5121_1.in[2] (.names)                                                                                    1.338    20.386
n5121_1.out[0] (.names)                                                                                   0.261    20.647
n5120.in[2] (.names)                                                                                      1.338    21.985
n5120.out[0] (.names)                                                                                     0.261    22.246
n5119.in[2] (.names)                                                                                      1.338    23.584
n5119.out[0] (.names)                                                                                     0.261    23.845
n5118.in[2] (.names)                                                                                      1.338    25.182
n5118.out[0] (.names)                                                                                     0.261    25.443
n5117_1.in[2] (.names)                                                                                    1.338    26.781
n5117_1.out[0] (.names)                                                                                   0.261    27.042
n5116_1.in[2] (.names)                                                                                    1.338    28.380
n5116_1.out[0] (.names)                                                                                   0.261    28.641
n5115.in[2] (.names)                                                                                      1.338    29.979
n5115.out[0] (.names)                                                                                     0.261    30.240
n5114.in[2] (.names)                                                                                      1.338    31.577
n5114.out[0] (.names)                                                                                     0.261    31.838
n5113.in[2] (.names)                                                                                      1.338    33.176
n5113.out[0] (.names)                                                                                     0.261    33.437
n5112_1.in[4] (.names)                                                                                    1.338    34.775
n5112_1.out[0] (.names)                                                                                   0.261    35.036
n5111_1.in[2] (.names)                                                                                    1.338    36.374
n5111_1.out[0] (.names)                                                                                   0.261    36.635
n5109.in[5] (.names)                                                                                      1.338    37.972
n5109.out[0] (.names)                                                                                     0.261    38.233
n5107_1.in[5] (.names)                                                                                    1.338    39.571
n5107_1.out[0] (.names)                                                                                   0.261    39.832
n5106_1.in[4] (.names)                                                                                    1.338    41.170
n5106_1.out[0] (.names)                                                                                   0.261    41.431
n5104.in[5] (.names)                                                                                      1.338    42.769
n5104.out[0] (.names)                                                                                     0.261    43.030
n2141.in[3] (.names)                                                                                      1.338    44.367
n2141.out[0] (.names)                                                                                     0.261    44.628
top.or1200_mult_mac+or1200_mult_mac^FF_NODE~2214.D[0] (.latch)                                            1.338    45.966
data arrival time                                                                                                  45.966

clock top^clk (rise edge)                                                                                 0.000     0.000
clock source latency                                                                                      0.000     0.000
top^clk.inpad[0] (.input)                                                                                 0.000     0.000
top.or1200_mult_mac+or1200_mult_mac^FF_NODE~2214.clk[0] (.latch)                                          1.338     1.338
clock uncertainty                                                                                         0.000     1.338
cell setup time                                                                                          -0.066     1.272
data required time                                                                                                  1.272
-------------------------------------------------------------------------------------------------------------------------
data required time                                                                                                  1.272
data arrival time                                                                                                 -45.966
-------------------------------------------------------------------------------------------------------------------------
slack (VIOLATED)                                                                                                  -44.694


#Path 43
Startpoint: top.or1200_ctrl+or1200_ctrl^FF_NODE~823.Q[0] (.latch clocked by top^clk)
Endpoint  : top.or1200_mult_mac+or1200_mult_mac^FF_NODE~2213.D[0] (.latch clocked by top^clk)
Path Type : setup

Point                                                                                                      Incr      Path
-------------------------------------------------------------------------------------------------------------------------
clock top^clk (rise edge)                                                                                 0.000     0.000
clock source latency                                                                                      0.000     0.000
top^clk.inpad[0] (.input)                                                                                 0.000     0.000
top.or1200_ctrl+or1200_ctrl^FF_NODE~823.clk[0] (.latch)                                                   1.338     1.338
top.or1200_ctrl+or1200_ctrl^FF_NODE~823.Q[0] (.latch) [clock-to-output]                                   0.124     1.462
n3998.in[0] (.names)                                                                                      1.338     2.800
n3998.out[0] (.names)                                                                                     0.261     3.061
n4749.in[2] (.names)                                                                                      1.338     4.398
n4749.out[0] (.names)                                                                                     0.261     4.659
top.or1200_mult_mac+or1200_mult_mac^MULTI_PORT_MUX~1953^MUX_2~10530.in[3] (.names)                        1.338     5.997
top.or1200_mult_mac+or1200_mult_mac^MULTI_PORT_MUX~1953^MUX_2~10530.out[0] (.names)                       0.261     6.258
n5129.in[1] (.names)                                                                                      1.338     7.596
n5129.out[0] (.names)                                                                                     0.261     7.857
n5128.in[2] (.names)                                                                                      1.338     9.195
n5128.out[0] (.names)                                                                                     0.261     9.456
n5127_1.in[2] (.names)                                                                                    1.338    10.793
n5127_1.out[0] (.names)                                                                                   0.261    11.054
n5126_1.in[2] (.names)                                                                                    1.338    12.392
n5126_1.out[0] (.names)                                                                                   0.261    12.653
n5125.in[2] (.names)                                                                                      1.338    13.991
n5125.out[0] (.names)                                                                                     0.261    14.252
n5124.in[2] (.names)                                                                                      1.338    15.590
n5124.out[0] (.names)                                                                                     0.261    15.851
n5123.in[2] (.names)                                                                                      1.338    17.188
n5123.out[0] (.names)                                                                                     0.261    17.449
n5122_1.in[2] (.names)                                                                                    1.338    18.787
n5122_1.out[0] (.names)                                                                                   0.261    19.048
n5121_1.in[2] (.names)                                                                                    1.338    20.386
n5121_1.out[0] (.names)                                                                                   0.261    20.647
n5120.in[2] (.names)                                                                                      1.338    21.985
n5120.out[0] (.names)                                                                                     0.261    22.246
n5119.in[2] (.names)                                                                                      1.338    23.584
n5119.out[0] (.names)                                                                                     0.261    23.845
n5118.in[2] (.names)                                                                                      1.338    25.182
n5118.out[0] (.names)                                                                                     0.261    25.443
n5117_1.in[2] (.names)                                                                                    1.338    26.781
n5117_1.out[0] (.names)                                                                                   0.261    27.042
n5116_1.in[2] (.names)                                                                                    1.338    28.380
n5116_1.out[0] (.names)                                                                                   0.261    28.641
n5115.in[2] (.names)                                                                                      1.338    29.979
n5115.out[0] (.names)                                                                                     0.261    30.240
n5114.in[2] (.names)                                                                                      1.338    31.577
n5114.out[0] (.names)                                                                                     0.261    31.838
n5113.in[2] (.names)                                                                                      1.338    33.176
n5113.out[0] (.names)                                                                                     0.261    33.437
n5112_1.in[4] (.names)                                                                                    1.338    34.775
n5112_1.out[0] (.names)                                                                                   0.261    35.036
n5111_1.in[2] (.names)                                                                                    1.338    36.374
n5111_1.out[0] (.names)                                                                                   0.261    36.635
n5109.in[5] (.names)                                                                                      1.338    37.972
n5109.out[0] (.names)                                                                                     0.261    38.233
n5107_1.in[5] (.names)                                                                                    1.338    39.571
n5107_1.out[0] (.names)                                                                                   0.261    39.832
n5106_1.in[4] (.names)                                                                                    1.338    41.170
n5106_1.out[0] (.names)                                                                                   0.261    41.431
n5104.in[5] (.names)                                                                                      1.338    42.769
n5104.out[0] (.names)                                                                                     0.261    43.030
n2136.in[3] (.names)                                                                                      1.338    44.367
n2136.out[0] (.names)                                                                                     0.261    44.628
top.or1200_mult_mac+or1200_mult_mac^FF_NODE~2213.D[0] (.latch)                                            1.338    45.966
data arrival time                                                                                                  45.966

clock top^clk (rise edge)                                                                                 0.000     0.000
clock source latency                                                                                      0.000     0.000
top^clk.inpad[0] (.input)                                                                                 0.000     0.000
top.or1200_mult_mac+or1200_mult_mac^FF_NODE~2213.clk[0] (.latch)                                          1.338     1.338
clock uncertainty                                                                                         0.000     1.338
cell setup time                                                                                          -0.066     1.272
data required time                                                                                                  1.272
-------------------------------------------------------------------------------------------------------------------------
data required time                                                                                                  1.272
data arrival time                                                                                                 -45.966
-------------------------------------------------------------------------------------------------------------------------
slack (VIOLATED)                                                                                                  -44.694


#Path 44
Startpoint: top.or1200_ctrl+or1200_ctrl^FF_NODE~823.Q[0] (.latch clocked by top^clk)
Endpoint  : top.or1200_mult_mac+or1200_mult_mac^FF_NODE~2212.D[0] (.latch clocked by top^clk)
Path Type : setup

Point                                                                                                      Incr      Path
-------------------------------------------------------------------------------------------------------------------------
clock top^clk (rise edge)                                                                                 0.000     0.000
clock source latency                                                                                      0.000     0.000
top^clk.inpad[0] (.input)                                                                                 0.000     0.000
top.or1200_ctrl+or1200_ctrl^FF_NODE~823.clk[0] (.latch)                                                   1.338     1.338
top.or1200_ctrl+or1200_ctrl^FF_NODE~823.Q[0] (.latch) [clock-to-output]                                   0.124     1.462
n3998.in[0] (.names)                                                                                      1.338     2.800
n3998.out[0] (.names)                                                                                     0.261     3.061
n4749.in[2] (.names)                                                                                      1.338     4.398
n4749.out[0] (.names)                                                                                     0.261     4.659
top.or1200_mult_mac+or1200_mult_mac^MULTI_PORT_MUX~1953^MUX_2~10530.in[3] (.names)                        1.338     5.997
top.or1200_mult_mac+or1200_mult_mac^MULTI_PORT_MUX~1953^MUX_2~10530.out[0] (.names)                       0.261     6.258
n5129.in[1] (.names)                                                                                      1.338     7.596
n5129.out[0] (.names)                                                                                     0.261     7.857
n5128.in[2] (.names)                                                                                      1.338     9.195
n5128.out[0] (.names)                                                                                     0.261     9.456
n5127_1.in[2] (.names)                                                                                    1.338    10.793
n5127_1.out[0] (.names)                                                                                   0.261    11.054
n5126_1.in[2] (.names)                                                                                    1.338    12.392
n5126_1.out[0] (.names)                                                                                   0.261    12.653
n5125.in[2] (.names)                                                                                      1.338    13.991
n5125.out[0] (.names)                                                                                     0.261    14.252
n5124.in[2] (.names)                                                                                      1.338    15.590
n5124.out[0] (.names)                                                                                     0.261    15.851
n5123.in[2] (.names)                                                                                      1.338    17.188
n5123.out[0] (.names)                                                                                     0.261    17.449
n5122_1.in[2] (.names)                                                                                    1.338    18.787
n5122_1.out[0] (.names)                                                                                   0.261    19.048
n5121_1.in[2] (.names)                                                                                    1.338    20.386
n5121_1.out[0] (.names)                                                                                   0.261    20.647
n5120.in[2] (.names)                                                                                      1.338    21.985
n5120.out[0] (.names)                                                                                     0.261    22.246
n5119.in[2] (.names)                                                                                      1.338    23.584
n5119.out[0] (.names)                                                                                     0.261    23.845
n5118.in[2] (.names)                                                                                      1.338    25.182
n5118.out[0] (.names)                                                                                     0.261    25.443
n5117_1.in[2] (.names)                                                                                    1.338    26.781
n5117_1.out[0] (.names)                                                                                   0.261    27.042
n5116_1.in[2] (.names)                                                                                    1.338    28.380
n5116_1.out[0] (.names)                                                                                   0.261    28.641
n5115.in[2] (.names)                                                                                      1.338    29.979
n5115.out[0] (.names)                                                                                     0.261    30.240
n5114.in[2] (.names)                                                                                      1.338    31.577
n5114.out[0] (.names)                                                                                     0.261    31.838
n5113.in[2] (.names)                                                                                      1.338    33.176
n5113.out[0] (.names)                                                                                     0.261    33.437
n5112_1.in[4] (.names)                                                                                    1.338    34.775
n5112_1.out[0] (.names)                                                                                   0.261    35.036
n5111_1.in[2] (.names)                                                                                    1.338    36.374
n5111_1.out[0] (.names)                                                                                   0.261    36.635
n5109.in[5] (.names)                                                                                      1.338    37.972
n5109.out[0] (.names)                                                                                     0.261    38.233
n5107_1.in[5] (.names)                                                                                    1.338    39.571
n5107_1.out[0] (.names)                                                                                   0.261    39.832
n5106_1.in[4] (.names)                                                                                    1.338    41.170
n5106_1.out[0] (.names)                                                                                   0.261    41.431
n5104.in[5] (.names)                                                                                      1.338    42.769
n5104.out[0] (.names)                                                                                     0.261    43.030
n2131.in[3] (.names)                                                                                      1.338    44.367
n2131.out[0] (.names)                                                                                     0.261    44.628
top.or1200_mult_mac+or1200_mult_mac^FF_NODE~2212.D[0] (.latch)                                            1.338    45.966
data arrival time                                                                                                  45.966

clock top^clk (rise edge)                                                                                 0.000     0.000
clock source latency                                                                                      0.000     0.000
top^clk.inpad[0] (.input)                                                                                 0.000     0.000
top.or1200_mult_mac+or1200_mult_mac^FF_NODE~2212.clk[0] (.latch)                                          1.338     1.338
clock uncertainty                                                                                         0.000     1.338
cell setup time                                                                                          -0.066     1.272
data required time                                                                                                  1.272
-------------------------------------------------------------------------------------------------------------------------
data required time                                                                                                  1.272
data arrival time                                                                                                 -45.966
-------------------------------------------------------------------------------------------------------------------------
slack (VIOLATED)                                                                                                  -44.694


#Path 45
Startpoint: top.or1200_ctrl+or1200_ctrl^FF_NODE~823.Q[0] (.latch clocked by top^clk)
Endpoint  : top.or1200_mult_mac+or1200_mult_mac^FF_NODE~2211.D[0] (.latch clocked by top^clk)
Path Type : setup

Point                                                                                                      Incr      Path
-------------------------------------------------------------------------------------------------------------------------
clock top^clk (rise edge)                                                                                 0.000     0.000
clock source latency                                                                                      0.000     0.000
top^clk.inpad[0] (.input)                                                                                 0.000     0.000
top.or1200_ctrl+or1200_ctrl^FF_NODE~823.clk[0] (.latch)                                                   1.338     1.338
top.or1200_ctrl+or1200_ctrl^FF_NODE~823.Q[0] (.latch) [clock-to-output]                                   0.124     1.462
n3998.in[0] (.names)                                                                                      1.338     2.800
n3998.out[0] (.names)                                                                                     0.261     3.061
n4749.in[2] (.names)                                                                                      1.338     4.398
n4749.out[0] (.names)                                                                                     0.261     4.659
top.or1200_mult_mac+or1200_mult_mac^MULTI_PORT_MUX~1953^MUX_2~10530.in[3] (.names)                        1.338     5.997
top.or1200_mult_mac+or1200_mult_mac^MULTI_PORT_MUX~1953^MUX_2~10530.out[0] (.names)                       0.261     6.258
n5129.in[1] (.names)                                                                                      1.338     7.596
n5129.out[0] (.names)                                                                                     0.261     7.857
n5128.in[2] (.names)                                                                                      1.338     9.195
n5128.out[0] (.names)                                                                                     0.261     9.456
n5127_1.in[2] (.names)                                                                                    1.338    10.793
n5127_1.out[0] (.names)                                                                                   0.261    11.054
n5126_1.in[2] (.names)                                                                                    1.338    12.392
n5126_1.out[0] (.names)                                                                                   0.261    12.653
n5125.in[2] (.names)                                                                                      1.338    13.991
n5125.out[0] (.names)                                                                                     0.261    14.252
n5124.in[2] (.names)                                                                                      1.338    15.590
n5124.out[0] (.names)                                                                                     0.261    15.851
n5123.in[2] (.names)                                                                                      1.338    17.188
n5123.out[0] (.names)                                                                                     0.261    17.449
n5122_1.in[2] (.names)                                                                                    1.338    18.787
n5122_1.out[0] (.names)                                                                                   0.261    19.048
n5121_1.in[2] (.names)                                                                                    1.338    20.386
n5121_1.out[0] (.names)                                                                                   0.261    20.647
n5120.in[2] (.names)                                                                                      1.338    21.985
n5120.out[0] (.names)                                                                                     0.261    22.246
n5119.in[2] (.names)                                                                                      1.338    23.584
n5119.out[0] (.names)                                                                                     0.261    23.845
n5118.in[2] (.names)                                                                                      1.338    25.182
n5118.out[0] (.names)                                                                                     0.261    25.443
n5117_1.in[2] (.names)                                                                                    1.338    26.781
n5117_1.out[0] (.names)                                                                                   0.261    27.042
n5116_1.in[2] (.names)                                                                                    1.338    28.380
n5116_1.out[0] (.names)                                                                                   0.261    28.641
n5115.in[2] (.names)                                                                                      1.338    29.979
n5115.out[0] (.names)                                                                                     0.261    30.240
n5114.in[2] (.names)                                                                                      1.338    31.577
n5114.out[0] (.names)                                                                                     0.261    31.838
n5113.in[2] (.names)                                                                                      1.338    33.176
n5113.out[0] (.names)                                                                                     0.261    33.437
n5112_1.in[4] (.names)                                                                                    1.338    34.775
n5112_1.out[0] (.names)                                                                                   0.261    35.036
n5111_1.in[2] (.names)                                                                                    1.338    36.374
n5111_1.out[0] (.names)                                                                                   0.261    36.635
n5109.in[5] (.names)                                                                                      1.338    37.972
n5109.out[0] (.names)                                                                                     0.261    38.233
n5107_1.in[5] (.names)                                                                                    1.338    39.571
n5107_1.out[0] (.names)                                                                                   0.261    39.832
n5106_1.in[4] (.names)                                                                                    1.338    41.170
n5106_1.out[0] (.names)                                                                                   0.261    41.431
n5104.in[5] (.names)                                                                                      1.338    42.769
n5104.out[0] (.names)                                                                                     0.261    43.030
n2126.in[3] (.names)                                                                                      1.338    44.367
n2126.out[0] (.names)                                                                                     0.261    44.628
top.or1200_mult_mac+or1200_mult_mac^FF_NODE~2211.D[0] (.latch)                                            1.338    45.966
data arrival time                                                                                                  45.966

clock top^clk (rise edge)                                                                                 0.000     0.000
clock source latency                                                                                      0.000     0.000
top^clk.inpad[0] (.input)                                                                                 0.000     0.000
top.or1200_mult_mac+or1200_mult_mac^FF_NODE~2211.clk[0] (.latch)                                          1.338     1.338
clock uncertainty                                                                                         0.000     1.338
cell setup time                                                                                          -0.066     1.272
data required time                                                                                                  1.272
-------------------------------------------------------------------------------------------------------------------------
data required time                                                                                                  1.272
data arrival time                                                                                                 -45.966
-------------------------------------------------------------------------------------------------------------------------
slack (VIOLATED)                                                                                                  -44.694


#Path 46
Startpoint: top.or1200_ctrl+or1200_ctrl^FF_NODE~823.Q[0] (.latch clocked by top^clk)
Endpoint  : top.or1200_mult_mac+or1200_mult_mac^FF_NODE~2210.D[0] (.latch clocked by top^clk)
Path Type : setup

Point                                                                                                      Incr      Path
-------------------------------------------------------------------------------------------------------------------------
clock top^clk (rise edge)                                                                                 0.000     0.000
clock source latency                                                                                      0.000     0.000
top^clk.inpad[0] (.input)                                                                                 0.000     0.000
top.or1200_ctrl+or1200_ctrl^FF_NODE~823.clk[0] (.latch)                                                   1.338     1.338
top.or1200_ctrl+or1200_ctrl^FF_NODE~823.Q[0] (.latch) [clock-to-output]                                   0.124     1.462
n3998.in[0] (.names)                                                                                      1.338     2.800
n3998.out[0] (.names)                                                                                     0.261     3.061
n4749.in[2] (.names)                                                                                      1.338     4.398
n4749.out[0] (.names)                                                                                     0.261     4.659
top.or1200_mult_mac+or1200_mult_mac^MULTI_PORT_MUX~1953^MUX_2~10530.in[3] (.names)                        1.338     5.997
top.or1200_mult_mac+or1200_mult_mac^MULTI_PORT_MUX~1953^MUX_2~10530.out[0] (.names)                       0.261     6.258
n5129.in[1] (.names)                                                                                      1.338     7.596
n5129.out[0] (.names)                                                                                     0.261     7.857
n5128.in[2] (.names)                                                                                      1.338     9.195
n5128.out[0] (.names)                                                                                     0.261     9.456
n5127_1.in[2] (.names)                                                                                    1.338    10.793
n5127_1.out[0] (.names)                                                                                   0.261    11.054
n5126_1.in[2] (.names)                                                                                    1.338    12.392
n5126_1.out[0] (.names)                                                                                   0.261    12.653
n5125.in[2] (.names)                                                                                      1.338    13.991
n5125.out[0] (.names)                                                                                     0.261    14.252
n5124.in[2] (.names)                                                                                      1.338    15.590
n5124.out[0] (.names)                                                                                     0.261    15.851
n5123.in[2] (.names)                                                                                      1.338    17.188
n5123.out[0] (.names)                                                                                     0.261    17.449
n5122_1.in[2] (.names)                                                                                    1.338    18.787
n5122_1.out[0] (.names)                                                                                   0.261    19.048
n5121_1.in[2] (.names)                                                                                    1.338    20.386
n5121_1.out[0] (.names)                                                                                   0.261    20.647
n5120.in[2] (.names)                                                                                      1.338    21.985
n5120.out[0] (.names)                                                                                     0.261    22.246
n5119.in[2] (.names)                                                                                      1.338    23.584
n5119.out[0] (.names)                                                                                     0.261    23.845
n5118.in[2] (.names)                                                                                      1.338    25.182
n5118.out[0] (.names)                                                                                     0.261    25.443
n5117_1.in[2] (.names)                                                                                    1.338    26.781
n5117_1.out[0] (.names)                                                                                   0.261    27.042
n5116_1.in[2] (.names)                                                                                    1.338    28.380
n5116_1.out[0] (.names)                                                                                   0.261    28.641
n5115.in[2] (.names)                                                                                      1.338    29.979
n5115.out[0] (.names)                                                                                     0.261    30.240
n5114.in[2] (.names)                                                                                      1.338    31.577
n5114.out[0] (.names)                                                                                     0.261    31.838
n5113.in[2] (.names)                                                                                      1.338    33.176
n5113.out[0] (.names)                                                                                     0.261    33.437
n5112_1.in[4] (.names)                                                                                    1.338    34.775
n5112_1.out[0] (.names)                                                                                   0.261    35.036
n5111_1.in[2] (.names)                                                                                    1.338    36.374
n5111_1.out[0] (.names)                                                                                   0.261    36.635
n5109.in[5] (.names)                                                                                      1.338    37.972
n5109.out[0] (.names)                                                                                     0.261    38.233
n5107_1.in[5] (.names)                                                                                    1.338    39.571
n5107_1.out[0] (.names)                                                                                   0.261    39.832
n5106_1.in[4] (.names)                                                                                    1.338    41.170
n5106_1.out[0] (.names)                                                                                   0.261    41.431
n5104.in[5] (.names)                                                                                      1.338    42.769
n5104.out[0] (.names)                                                                                     0.261    43.030
n2121.in[3] (.names)                                                                                      1.338    44.367
n2121.out[0] (.names)                                                                                     0.261    44.628
top.or1200_mult_mac+or1200_mult_mac^FF_NODE~2210.D[0] (.latch)                                            1.338    45.966
data arrival time                                                                                                  45.966

clock top^clk (rise edge)                                                                                 0.000     0.000
clock source latency                                                                                      0.000     0.000
top^clk.inpad[0] (.input)                                                                                 0.000     0.000
top.or1200_mult_mac+or1200_mult_mac^FF_NODE~2210.clk[0] (.latch)                                          1.338     1.338
clock uncertainty                                                                                         0.000     1.338
cell setup time                                                                                          -0.066     1.272
data required time                                                                                                  1.272
-------------------------------------------------------------------------------------------------------------------------
data required time                                                                                                  1.272
data arrival time                                                                                                 -45.966
-------------------------------------------------------------------------------------------------------------------------
slack (VIOLATED)                                                                                                  -44.694


#Path 47
Startpoint: top.or1200_ctrl+or1200_ctrl^FF_NODE~823.Q[0] (.latch clocked by top^clk)
Endpoint  : top.or1200_mult_mac+or1200_mult_mac^FF_NODE~2209.D[0] (.latch clocked by top^clk)
Path Type : setup

Point                                                                                                      Incr      Path
-------------------------------------------------------------------------------------------------------------------------
clock top^clk (rise edge)                                                                                 0.000     0.000
clock source latency                                                                                      0.000     0.000
top^clk.inpad[0] (.input)                                                                                 0.000     0.000
top.or1200_ctrl+or1200_ctrl^FF_NODE~823.clk[0] (.latch)                                                   1.338     1.338
top.or1200_ctrl+or1200_ctrl^FF_NODE~823.Q[0] (.latch) [clock-to-output]                                   0.124     1.462
n3998.in[0] (.names)                                                                                      1.338     2.800
n3998.out[0] (.names)                                                                                     0.261     3.061
n4749.in[2] (.names)                                                                                      1.338     4.398
n4749.out[0] (.names)                                                                                     0.261     4.659
top.or1200_mult_mac+or1200_mult_mac^MULTI_PORT_MUX~1953^MUX_2~10530.in[3] (.names)                        1.338     5.997
top.or1200_mult_mac+or1200_mult_mac^MULTI_PORT_MUX~1953^MUX_2~10530.out[0] (.names)                       0.261     6.258
n5129.in[1] (.names)                                                                                      1.338     7.596
n5129.out[0] (.names)                                                                                     0.261     7.857
n5128.in[2] (.names)                                                                                      1.338     9.195
n5128.out[0] (.names)                                                                                     0.261     9.456
n5127_1.in[2] (.names)                                                                                    1.338    10.793
n5127_1.out[0] (.names)                                                                                   0.261    11.054
n5126_1.in[2] (.names)                                                                                    1.338    12.392
n5126_1.out[0] (.names)                                                                                   0.261    12.653
n5125.in[2] (.names)                                                                                      1.338    13.991
n5125.out[0] (.names)                                                                                     0.261    14.252
n5124.in[2] (.names)                                                                                      1.338    15.590
n5124.out[0] (.names)                                                                                     0.261    15.851
n5123.in[2] (.names)                                                                                      1.338    17.188
n5123.out[0] (.names)                                                                                     0.261    17.449
n5122_1.in[2] (.names)                                                                                    1.338    18.787
n5122_1.out[0] (.names)                                                                                   0.261    19.048
n5121_1.in[2] (.names)                                                                                    1.338    20.386
n5121_1.out[0] (.names)                                                                                   0.261    20.647
n5120.in[2] (.names)                                                                                      1.338    21.985
n5120.out[0] (.names)                                                                                     0.261    22.246
n5119.in[2] (.names)                                                                                      1.338    23.584
n5119.out[0] (.names)                                                                                     0.261    23.845
n5118.in[2] (.names)                                                                                      1.338    25.182
n5118.out[0] (.names)                                                                                     0.261    25.443
n5117_1.in[2] (.names)                                                                                    1.338    26.781
n5117_1.out[0] (.names)                                                                                   0.261    27.042
n5116_1.in[2] (.names)                                                                                    1.338    28.380
n5116_1.out[0] (.names)                                                                                   0.261    28.641
n5115.in[2] (.names)                                                                                      1.338    29.979
n5115.out[0] (.names)                                                                                     0.261    30.240
n5114.in[2] (.names)                                                                                      1.338    31.577
n5114.out[0] (.names)                                                                                     0.261    31.838
n5113.in[2] (.names)                                                                                      1.338    33.176
n5113.out[0] (.names)                                                                                     0.261    33.437
n5112_1.in[4] (.names)                                                                                    1.338    34.775
n5112_1.out[0] (.names)                                                                                   0.261    35.036
n5111_1.in[2] (.names)                                                                                    1.338    36.374
n5111_1.out[0] (.names)                                                                                   0.261    36.635
n5109.in[5] (.names)                                                                                      1.338    37.972
n5109.out[0] (.names)                                                                                     0.261    38.233
n5107_1.in[5] (.names)                                                                                    1.338    39.571
n5107_1.out[0] (.names)                                                                                   0.261    39.832
n5106_1.in[4] (.names)                                                                                    1.338    41.170
n5106_1.out[0] (.names)                                                                                   0.261    41.431
n5104.in[5] (.names)                                                                                      1.338    42.769
n5104.out[0] (.names)                                                                                     0.261    43.030
n2116.in[3] (.names)                                                                                      1.338    44.367
n2116.out[0] (.names)                                                                                     0.261    44.628
top.or1200_mult_mac+or1200_mult_mac^FF_NODE~2209.D[0] (.latch)                                            1.338    45.966
data arrival time                                                                                                  45.966

clock top^clk (rise edge)                                                                                 0.000     0.000
clock source latency                                                                                      0.000     0.000
top^clk.inpad[0] (.input)                                                                                 0.000     0.000
top.or1200_mult_mac+or1200_mult_mac^FF_NODE~2209.clk[0] (.latch)                                          1.338     1.338
clock uncertainty                                                                                         0.000     1.338
cell setup time                                                                                          -0.066     1.272
data required time                                                                                                  1.272
-------------------------------------------------------------------------------------------------------------------------
data required time                                                                                                  1.272
data arrival time                                                                                                 -45.966
-------------------------------------------------------------------------------------------------------------------------
slack (VIOLATED)                                                                                                  -44.694


#Path 48
Startpoint: top.or1200_ctrl+or1200_ctrl^FF_NODE~823.Q[0] (.latch clocked by top^clk)
Endpoint  : top.or1200_mult_mac+or1200_mult_mac^FF_NODE~2206.D[0] (.latch clocked by top^clk)
Path Type : setup

Point                                                                                                      Incr      Path
-------------------------------------------------------------------------------------------------------------------------
clock top^clk (rise edge)                                                                                 0.000     0.000
clock source latency                                                                                      0.000     0.000
top^clk.inpad[0] (.input)                                                                                 0.000     0.000
top.or1200_ctrl+or1200_ctrl^FF_NODE~823.clk[0] (.latch)                                                   1.338     1.338
top.or1200_ctrl+or1200_ctrl^FF_NODE~823.Q[0] (.latch) [clock-to-output]                                   0.124     1.462
n3998.in[0] (.names)                                                                                      1.338     2.800
n3998.out[0] (.names)                                                                                     0.261     3.061
n4749.in[2] (.names)                                                                                      1.338     4.398
n4749.out[0] (.names)                                                                                     0.261     4.659
top.or1200_mult_mac+or1200_mult_mac^MULTI_PORT_MUX~1953^MUX_2~10530.in[3] (.names)                        1.338     5.997
top.or1200_mult_mac+or1200_mult_mac^MULTI_PORT_MUX~1953^MUX_2~10530.out[0] (.names)                       0.261     6.258
n5129.in[1] (.names)                                                                                      1.338     7.596
n5129.out[0] (.names)                                                                                     0.261     7.857
n5128.in[2] (.names)                                                                                      1.338     9.195
n5128.out[0] (.names)                                                                                     0.261     9.456
n5127_1.in[2] (.names)                                                                                    1.338    10.793
n5127_1.out[0] (.names)                                                                                   0.261    11.054
n5126_1.in[2] (.names)                                                                                    1.338    12.392
n5126_1.out[0] (.names)                                                                                   0.261    12.653
n5125.in[2] (.names)                                                                                      1.338    13.991
n5125.out[0] (.names)                                                                                     0.261    14.252
n5124.in[2] (.names)                                                                                      1.338    15.590
n5124.out[0] (.names)                                                                                     0.261    15.851
n5123.in[2] (.names)                                                                                      1.338    17.188
n5123.out[0] (.names)                                                                                     0.261    17.449
n5122_1.in[2] (.names)                                                                                    1.338    18.787
n5122_1.out[0] (.names)                                                                                   0.261    19.048
n5121_1.in[2] (.names)                                                                                    1.338    20.386
n5121_1.out[0] (.names)                                                                                   0.261    20.647
n5120.in[2] (.names)                                                                                      1.338    21.985
n5120.out[0] (.names)                                                                                     0.261    22.246
n5119.in[2] (.names)                                                                                      1.338    23.584
n5119.out[0] (.names)                                                                                     0.261    23.845
n5118.in[2] (.names)                                                                                      1.338    25.182
n5118.out[0] (.names)                                                                                     0.261    25.443
n5117_1.in[2] (.names)                                                                                    1.338    26.781
n5117_1.out[0] (.names)                                                                                   0.261    27.042
n5116_1.in[2] (.names)                                                                                    1.338    28.380
n5116_1.out[0] (.names)                                                                                   0.261    28.641
n5115.in[2] (.names)                                                                                      1.338    29.979
n5115.out[0] (.names)                                                                                     0.261    30.240
n5114.in[2] (.names)                                                                                      1.338    31.577
n5114.out[0] (.names)                                                                                     0.261    31.838
n5113.in[2] (.names)                                                                                      1.338    33.176
n5113.out[0] (.names)                                                                                     0.261    33.437
n5112_1.in[4] (.names)                                                                                    1.338    34.775
n5112_1.out[0] (.names)                                                                                   0.261    35.036
n5111_1.in[2] (.names)                                                                                    1.338    36.374
n5111_1.out[0] (.names)                                                                                   0.261    36.635
n5109.in[5] (.names)                                                                                      1.338    37.972
n5109.out[0] (.names)                                                                                     0.261    38.233
n5107_1.in[5] (.names)                                                                                    1.338    39.571
n5107_1.out[0] (.names)                                                                                   0.261    39.832
n5106_1.in[4] (.names)                                                                                    1.338    41.170
n5106_1.out[0] (.names)                                                                                   0.261    41.431
n5104.in[5] (.names)                                                                                      1.338    42.769
n5104.out[0] (.names)                                                                                     0.261    43.030
n2106.in[3] (.names)                                                                                      1.338    44.367
n2106.out[0] (.names)                                                                                     0.261    44.628
top.or1200_mult_mac+or1200_mult_mac^FF_NODE~2206.D[0] (.latch)                                            1.338    45.966
data arrival time                                                                                                  45.966

clock top^clk (rise edge)                                                                                 0.000     0.000
clock source latency                                                                                      0.000     0.000
top^clk.inpad[0] (.input)                                                                                 0.000     0.000
top.or1200_mult_mac+or1200_mult_mac^FF_NODE~2206.clk[0] (.latch)                                          1.338     1.338
clock uncertainty                                                                                         0.000     1.338
cell setup time                                                                                          -0.066     1.272
data required time                                                                                                  1.272
-------------------------------------------------------------------------------------------------------------------------
data required time                                                                                                  1.272
data arrival time                                                                                                 -45.966
-------------------------------------------------------------------------------------------------------------------------
slack (VIOLATED)                                                                                                  -44.694


#Path 49
Startpoint: top.or1200_ctrl+or1200_ctrl^FF_NODE~823.Q[0] (.latch clocked by top^clk)
Endpoint  : top.or1200_mult_mac+or1200_mult_mac^FF_NODE~2193.D[0] (.latch clocked by top^clk)
Path Type : setup

Point                                                                                                      Incr      Path
-------------------------------------------------------------------------------------------------------------------------
clock top^clk (rise edge)                                                                                 0.000     0.000
clock source latency                                                                                      0.000     0.000
top^clk.inpad[0] (.input)                                                                                 0.000     0.000
top.or1200_ctrl+or1200_ctrl^FF_NODE~823.clk[0] (.latch)                                                   1.338     1.338
top.or1200_ctrl+or1200_ctrl^FF_NODE~823.Q[0] (.latch) [clock-to-output]                                   0.124     1.462
n3998.in[0] (.names)                                                                                      1.338     2.800
n3998.out[0] (.names)                                                                                     0.261     3.061
n4749.in[2] (.names)                                                                                      1.338     4.398
n4749.out[0] (.names)                                                                                     0.261     4.659
top.or1200_mult_mac+or1200_mult_mac^MULTI_PORT_MUX~1953^MUX_2~10530.in[3] (.names)                        1.338     5.997
top.or1200_mult_mac+or1200_mult_mac^MULTI_PORT_MUX~1953^MUX_2~10530.out[0] (.names)                       0.261     6.258
n5129.in[1] (.names)                                                                                      1.338     7.596
n5129.out[0] (.names)                                                                                     0.261     7.857
n5128.in[2] (.names)                                                                                      1.338     9.195
n5128.out[0] (.names)                                                                                     0.261     9.456
n5127_1.in[2] (.names)                                                                                    1.338    10.793
n5127_1.out[0] (.names)                                                                                   0.261    11.054
n5126_1.in[2] (.names)                                                                                    1.338    12.392
n5126_1.out[0] (.names)                                                                                   0.261    12.653
n5125.in[2] (.names)                                                                                      1.338    13.991
n5125.out[0] (.names)                                                                                     0.261    14.252
n5124.in[2] (.names)                                                                                      1.338    15.590
n5124.out[0] (.names)                                                                                     0.261    15.851
n5123.in[2] (.names)                                                                                      1.338    17.188
n5123.out[0] (.names)                                                                                     0.261    17.449
n5122_1.in[2] (.names)                                                                                    1.338    18.787
n5122_1.out[0] (.names)                                                                                   0.261    19.048
n5121_1.in[2] (.names)                                                                                    1.338    20.386
n5121_1.out[0] (.names)                                                                                   0.261    20.647
n5120.in[2] (.names)                                                                                      1.338    21.985
n5120.out[0] (.names)                                                                                     0.261    22.246
n5119.in[2] (.names)                                                                                      1.338    23.584
n5119.out[0] (.names)                                                                                     0.261    23.845
n5118.in[2] (.names)                                                                                      1.338    25.182
n5118.out[0] (.names)                                                                                     0.261    25.443
n5117_1.in[2] (.names)                                                                                    1.338    26.781
n5117_1.out[0] (.names)                                                                                   0.261    27.042
n5116_1.in[2] (.names)                                                                                    1.338    28.380
n5116_1.out[0] (.names)                                                                                   0.261    28.641
n5115.in[2] (.names)                                                                                      1.338    29.979
n5115.out[0] (.names)                                                                                     0.261    30.240
n5114.in[2] (.names)                                                                                      1.338    31.577
n5114.out[0] (.names)                                                                                     0.261    31.838
n5113.in[2] (.names)                                                                                      1.338    33.176
n5113.out[0] (.names)                                                                                     0.261    33.437
n5112_1.in[4] (.names)                                                                                    1.338    34.775
n5112_1.out[0] (.names)                                                                                   0.261    35.036
n5111_1.in[2] (.names)                                                                                    1.338    36.374
n5111_1.out[0] (.names)                                                                                   0.261    36.635
n5109.in[5] (.names)                                                                                      1.338    37.972
n5109.out[0] (.names)                                                                                     0.261    38.233
n5107_1.in[5] (.names)                                                                                    1.338    39.571
n5107_1.out[0] (.names)                                                                                   0.261    39.832
n5106_1.in[4] (.names)                                                                                    1.338    41.170
n5106_1.out[0] (.names)                                                                                   0.261    41.431
n5104.in[5] (.names)                                                                                      1.338    42.769
n5104.out[0] (.names)                                                                                     0.261    43.030
n2046.in[3] (.names)                                                                                      1.338    44.367
n2046.out[0] (.names)                                                                                     0.261    44.628
top.or1200_mult_mac+or1200_mult_mac^FF_NODE~2193.D[0] (.latch)                                            1.338    45.966
data arrival time                                                                                                  45.966

clock top^clk (rise edge)                                                                                 0.000     0.000
clock source latency                                                                                      0.000     0.000
top^clk.inpad[0] (.input)                                                                                 0.000     0.000
top.or1200_mult_mac+or1200_mult_mac^FF_NODE~2193.clk[0] (.latch)                                          1.338     1.338
clock uncertainty                                                                                         0.000     1.338
cell setup time                                                                                          -0.066     1.272
data required time                                                                                                  1.272
-------------------------------------------------------------------------------------------------------------------------
data required time                                                                                                  1.272
data arrival time                                                                                                 -45.966
-------------------------------------------------------------------------------------------------------------------------
slack (VIOLATED)                                                                                                  -44.694


#Path 50
Startpoint: top.or1200_ctrl+or1200_ctrl^FF_NODE~823.Q[0] (.latch clocked by top^clk)
Endpoint  : top.or1200_mult_mac+or1200_mult_mac^FF_NODE~2194.D[0] (.latch clocked by top^clk)
Path Type : setup

Point                                                                                                      Incr      Path
-------------------------------------------------------------------------------------------------------------------------
clock top^clk (rise edge)                                                                                 0.000     0.000
clock source latency                                                                                      0.000     0.000
top^clk.inpad[0] (.input)                                                                                 0.000     0.000
top.or1200_ctrl+or1200_ctrl^FF_NODE~823.clk[0] (.latch)                                                   1.338     1.338
top.or1200_ctrl+or1200_ctrl^FF_NODE~823.Q[0] (.latch) [clock-to-output]                                   0.124     1.462
n3998.in[0] (.names)                                                                                      1.338     2.800
n3998.out[0] (.names)                                                                                     0.261     3.061
n4749.in[2] (.names)                                                                                      1.338     4.398
n4749.out[0] (.names)                                                                                     0.261     4.659
top.or1200_mult_mac+or1200_mult_mac^MULTI_PORT_MUX~1953^MUX_2~10530.in[3] (.names)                        1.338     5.997
top.or1200_mult_mac+or1200_mult_mac^MULTI_PORT_MUX~1953^MUX_2~10530.out[0] (.names)                       0.261     6.258
n5129.in[1] (.names)                                                                                      1.338     7.596
n5129.out[0] (.names)                                                                                     0.261     7.857
n5128.in[2] (.names)                                                                                      1.338     9.195
n5128.out[0] (.names)                                                                                     0.261     9.456
n5127_1.in[2] (.names)                                                                                    1.338    10.793
n5127_1.out[0] (.names)                                                                                   0.261    11.054
n5126_1.in[2] (.names)                                                                                    1.338    12.392
n5126_1.out[0] (.names)                                                                                   0.261    12.653
n5125.in[2] (.names)                                                                                      1.338    13.991
n5125.out[0] (.names)                                                                                     0.261    14.252
n5124.in[2] (.names)                                                                                      1.338    15.590
n5124.out[0] (.names)                                                                                     0.261    15.851
n5123.in[2] (.names)                                                                                      1.338    17.188
n5123.out[0] (.names)                                                                                     0.261    17.449
n5122_1.in[2] (.names)                                                                                    1.338    18.787
n5122_1.out[0] (.names)                                                                                   0.261    19.048
n5121_1.in[2] (.names)                                                                                    1.338    20.386
n5121_1.out[0] (.names)                                                                                   0.261    20.647
n5120.in[2] (.names)                                                                                      1.338    21.985
n5120.out[0] (.names)                                                                                     0.261    22.246
n5119.in[2] (.names)                                                                                      1.338    23.584
n5119.out[0] (.names)                                                                                     0.261    23.845
n5118.in[2] (.names)                                                                                      1.338    25.182
n5118.out[0] (.names)                                                                                     0.261    25.443
n5117_1.in[2] (.names)                                                                                    1.338    26.781
n5117_1.out[0] (.names)                                                                                   0.261    27.042
n5116_1.in[2] (.names)                                                                                    1.338    28.380
n5116_1.out[0] (.names)                                                                                   0.261    28.641
n5115.in[2] (.names)                                                                                      1.338    29.979
n5115.out[0] (.names)                                                                                     0.261    30.240
n5114.in[2] (.names)                                                                                      1.338    31.577
n5114.out[0] (.names)                                                                                     0.261    31.838
n5113.in[2] (.names)                                                                                      1.338    33.176
n5113.out[0] (.names)                                                                                     0.261    33.437
n5112_1.in[4] (.names)                                                                                    1.338    34.775
n5112_1.out[0] (.names)                                                                                   0.261    35.036
n5111_1.in[2] (.names)                                                                                    1.338    36.374
n5111_1.out[0] (.names)                                                                                   0.261    36.635
n5109.in[5] (.names)                                                                                      1.338    37.972
n5109.out[0] (.names)                                                                                     0.261    38.233
n5107_1.in[5] (.names)                                                                                    1.338    39.571
n5107_1.out[0] (.names)                                                                                   0.261    39.832
n5106_1.in[4] (.names)                                                                                    1.338    41.170
n5106_1.out[0] (.names)                                                                                   0.261    41.431
n5104.in[5] (.names)                                                                                      1.338    42.769
n5104.out[0] (.names)                                                                                     0.261    43.030
n2051.in[3] (.names)                                                                                      1.338    44.367
n2051.out[0] (.names)                                                                                     0.261    44.628
top.or1200_mult_mac+or1200_mult_mac^FF_NODE~2194.D[0] (.latch)                                            1.338    45.966
data arrival time                                                                                                  45.966

clock top^clk (rise edge)                                                                                 0.000     0.000
clock source latency                                                                                      0.000     0.000
top^clk.inpad[0] (.input)                                                                                 0.000     0.000
top.or1200_mult_mac+or1200_mult_mac^FF_NODE~2194.clk[0] (.latch)                                          1.338     1.338
clock uncertainty                                                                                         0.000     1.338
cell setup time                                                                                          -0.066     1.272
data required time                                                                                                  1.272
-------------------------------------------------------------------------------------------------------------------------
data required time                                                                                                  1.272
data arrival time                                                                                                 -45.966
-------------------------------------------------------------------------------------------------------------------------
slack (VIOLATED)                                                                                                  -44.694


#Path 51
Startpoint: top.or1200_ctrl+or1200_ctrl^FF_NODE~823.Q[0] (.latch clocked by top^clk)
Endpoint  : top.or1200_mult_mac+or1200_mult_mac^FF_NODE~2195.D[0] (.latch clocked by top^clk)
Path Type : setup

Point                                                                                                      Incr      Path
-------------------------------------------------------------------------------------------------------------------------
clock top^clk (rise edge)                                                                                 0.000     0.000
clock source latency                                                                                      0.000     0.000
top^clk.inpad[0] (.input)                                                                                 0.000     0.000
top.or1200_ctrl+or1200_ctrl^FF_NODE~823.clk[0] (.latch)                                                   1.338     1.338
top.or1200_ctrl+or1200_ctrl^FF_NODE~823.Q[0] (.latch) [clock-to-output]                                   0.124     1.462
n3998.in[0] (.names)                                                                                      1.338     2.800
n3998.out[0] (.names)                                                                                     0.261     3.061
n4749.in[2] (.names)                                                                                      1.338     4.398
n4749.out[0] (.names)                                                                                     0.261     4.659
top.or1200_mult_mac+or1200_mult_mac^MULTI_PORT_MUX~1953^MUX_2~10530.in[3] (.names)                        1.338     5.997
top.or1200_mult_mac+or1200_mult_mac^MULTI_PORT_MUX~1953^MUX_2~10530.out[0] (.names)                       0.261     6.258
n5129.in[1] (.names)                                                                                      1.338     7.596
n5129.out[0] (.names)                                                                                     0.261     7.857
n5128.in[2] (.names)                                                                                      1.338     9.195
n5128.out[0] (.names)                                                                                     0.261     9.456
n5127_1.in[2] (.names)                                                                                    1.338    10.793
n5127_1.out[0] (.names)                                                                                   0.261    11.054
n5126_1.in[2] (.names)                                                                                    1.338    12.392
n5126_1.out[0] (.names)                                                                                   0.261    12.653
n5125.in[2] (.names)                                                                                      1.338    13.991
n5125.out[0] (.names)                                                                                     0.261    14.252
n5124.in[2] (.names)                                                                                      1.338    15.590
n5124.out[0] (.names)                                                                                     0.261    15.851
n5123.in[2] (.names)                                                                                      1.338    17.188
n5123.out[0] (.names)                                                                                     0.261    17.449
n5122_1.in[2] (.names)                                                                                    1.338    18.787
n5122_1.out[0] (.names)                                                                                   0.261    19.048
n5121_1.in[2] (.names)                                                                                    1.338    20.386
n5121_1.out[0] (.names)                                                                                   0.261    20.647
n5120.in[2] (.names)                                                                                      1.338    21.985
n5120.out[0] (.names)                                                                                     0.261    22.246
n5119.in[2] (.names)                                                                                      1.338    23.584
n5119.out[0] (.names)                                                                                     0.261    23.845
n5118.in[2] (.names)                                                                                      1.338    25.182
n5118.out[0] (.names)                                                                                     0.261    25.443
n5117_1.in[2] (.names)                                                                                    1.338    26.781
n5117_1.out[0] (.names)                                                                                   0.261    27.042
n5116_1.in[2] (.names)                                                                                    1.338    28.380
n5116_1.out[0] (.names)                                                                                   0.261    28.641
n5115.in[2] (.names)                                                                                      1.338    29.979
n5115.out[0] (.names)                                                                                     0.261    30.240
n5114.in[2] (.names)                                                                                      1.338    31.577
n5114.out[0] (.names)                                                                                     0.261    31.838
n5113.in[2] (.names)                                                                                      1.338    33.176
n5113.out[0] (.names)                                                                                     0.261    33.437
n5112_1.in[4] (.names)                                                                                    1.338    34.775
n5112_1.out[0] (.names)                                                                                   0.261    35.036
n5111_1.in[2] (.names)                                                                                    1.338    36.374
n5111_1.out[0] (.names)                                                                                   0.261    36.635
n5109.in[5] (.names)                                                                                      1.338    37.972
n5109.out[0] (.names)                                                                                     0.261    38.233
n5107_1.in[5] (.names)                                                                                    1.338    39.571
n5107_1.out[0] (.names)                                                                                   0.261    39.832
n5106_1.in[4] (.names)                                                                                    1.338    41.170
n5106_1.out[0] (.names)                                                                                   0.261    41.431
n5104.in[5] (.names)                                                                                      1.338    42.769
n5104.out[0] (.names)                                                                                     0.261    43.030
n2056.in[3] (.names)                                                                                      1.338    44.367
n2056.out[0] (.names)                                                                                     0.261    44.628
top.or1200_mult_mac+or1200_mult_mac^FF_NODE~2195.D[0] (.latch)                                            1.338    45.966
data arrival time                                                                                                  45.966

clock top^clk (rise edge)                                                                                 0.000     0.000
clock source latency                                                                                      0.000     0.000
top^clk.inpad[0] (.input)                                                                                 0.000     0.000
top.or1200_mult_mac+or1200_mult_mac^FF_NODE~2195.clk[0] (.latch)                                          1.338     1.338
clock uncertainty                                                                                         0.000     1.338
cell setup time                                                                                          -0.066     1.272
data required time                                                                                                  1.272
-------------------------------------------------------------------------------------------------------------------------
data required time                                                                                                  1.272
data arrival time                                                                                                 -45.966
-------------------------------------------------------------------------------------------------------------------------
slack (VIOLATED)                                                                                                  -44.694


#Path 52
Startpoint: top.or1200_ctrl+or1200_ctrl^FF_NODE~823.Q[0] (.latch clocked by top^clk)
Endpoint  : top.or1200_mult_mac+or1200_mult_mac^FF_NODE~2196.D[0] (.latch clocked by top^clk)
Path Type : setup

Point                                                                                                      Incr      Path
-------------------------------------------------------------------------------------------------------------------------
clock top^clk (rise edge)                                                                                 0.000     0.000
clock source latency                                                                                      0.000     0.000
top^clk.inpad[0] (.input)                                                                                 0.000     0.000
top.or1200_ctrl+or1200_ctrl^FF_NODE~823.clk[0] (.latch)                                                   1.338     1.338
top.or1200_ctrl+or1200_ctrl^FF_NODE~823.Q[0] (.latch) [clock-to-output]                                   0.124     1.462
n3998.in[0] (.names)                                                                                      1.338     2.800
n3998.out[0] (.names)                                                                                     0.261     3.061
n4749.in[2] (.names)                                                                                      1.338     4.398
n4749.out[0] (.names)                                                                                     0.261     4.659
top.or1200_mult_mac+or1200_mult_mac^MULTI_PORT_MUX~1953^MUX_2~10530.in[3] (.names)                        1.338     5.997
top.or1200_mult_mac+or1200_mult_mac^MULTI_PORT_MUX~1953^MUX_2~10530.out[0] (.names)                       0.261     6.258
n5129.in[1] (.names)                                                                                      1.338     7.596
n5129.out[0] (.names)                                                                                     0.261     7.857
n5128.in[2] (.names)                                                                                      1.338     9.195
n5128.out[0] (.names)                                                                                     0.261     9.456
n5127_1.in[2] (.names)                                                                                    1.338    10.793
n5127_1.out[0] (.names)                                                                                   0.261    11.054
n5126_1.in[2] (.names)                                                                                    1.338    12.392
n5126_1.out[0] (.names)                                                                                   0.261    12.653
n5125.in[2] (.names)                                                                                      1.338    13.991
n5125.out[0] (.names)                                                                                     0.261    14.252
n5124.in[2] (.names)                                                                                      1.338    15.590
n5124.out[0] (.names)                                                                                     0.261    15.851
n5123.in[2] (.names)                                                                                      1.338    17.188
n5123.out[0] (.names)                                                                                     0.261    17.449
n5122_1.in[2] (.names)                                                                                    1.338    18.787
n5122_1.out[0] (.names)                                                                                   0.261    19.048
n5121_1.in[2] (.names)                                                                                    1.338    20.386
n5121_1.out[0] (.names)                                                                                   0.261    20.647
n5120.in[2] (.names)                                                                                      1.338    21.985
n5120.out[0] (.names)                                                                                     0.261    22.246
n5119.in[2] (.names)                                                                                      1.338    23.584
n5119.out[0] (.names)                                                                                     0.261    23.845
n5118.in[2] (.names)                                                                                      1.338    25.182
n5118.out[0] (.names)                                                                                     0.261    25.443
n5117_1.in[2] (.names)                                                                                    1.338    26.781
n5117_1.out[0] (.names)                                                                                   0.261    27.042
n5116_1.in[2] (.names)                                                                                    1.338    28.380
n5116_1.out[0] (.names)                                                                                   0.261    28.641
n5115.in[2] (.names)                                                                                      1.338    29.979
n5115.out[0] (.names)                                                                                     0.261    30.240
n5114.in[2] (.names)                                                                                      1.338    31.577
n5114.out[0] (.names)                                                                                     0.261    31.838
n5113.in[2] (.names)                                                                                      1.338    33.176
n5113.out[0] (.names)                                                                                     0.261    33.437
n5112_1.in[4] (.names)                                                                                    1.338    34.775
n5112_1.out[0] (.names)                                                                                   0.261    35.036
n5111_1.in[2] (.names)                                                                                    1.338    36.374
n5111_1.out[0] (.names)                                                                                   0.261    36.635
n5109.in[5] (.names)                                                                                      1.338    37.972
n5109.out[0] (.names)                                                                                     0.261    38.233
n5107_1.in[5] (.names)                                                                                    1.338    39.571
n5107_1.out[0] (.names)                                                                                   0.261    39.832
n5106_1.in[4] (.names)                                                                                    1.338    41.170
n5106_1.out[0] (.names)                                                                                   0.261    41.431
n5104.in[5] (.names)                                                                                      1.338    42.769
n5104.out[0] (.names)                                                                                     0.261    43.030
n2061.in[3] (.names)                                                                                      1.338    44.367
n2061.out[0] (.names)                                                                                     0.261    44.628
top.or1200_mult_mac+or1200_mult_mac^FF_NODE~2196.D[0] (.latch)                                            1.338    45.966
data arrival time                                                                                                  45.966

clock top^clk (rise edge)                                                                                 0.000     0.000
clock source latency                                                                                      0.000     0.000
top^clk.inpad[0] (.input)                                                                                 0.000     0.000
top.or1200_mult_mac+or1200_mult_mac^FF_NODE~2196.clk[0] (.latch)                                          1.338     1.338
clock uncertainty                                                                                         0.000     1.338
cell setup time                                                                                          -0.066     1.272
data required time                                                                                                  1.272
-------------------------------------------------------------------------------------------------------------------------
data required time                                                                                                  1.272
data arrival time                                                                                                 -45.966
-------------------------------------------------------------------------------------------------------------------------
slack (VIOLATED)                                                                                                  -44.694


#Path 53
Startpoint: top.or1200_ctrl+or1200_ctrl^FF_NODE~823.Q[0] (.latch clocked by top^clk)
Endpoint  : top.or1200_mult_mac+or1200_mult_mac^FF_NODE~2198.D[0] (.latch clocked by top^clk)
Path Type : setup

Point                                                                                                      Incr      Path
-------------------------------------------------------------------------------------------------------------------------
clock top^clk (rise edge)                                                                                 0.000     0.000
clock source latency                                                                                      0.000     0.000
top^clk.inpad[0] (.input)                                                                                 0.000     0.000
top.or1200_ctrl+or1200_ctrl^FF_NODE~823.clk[0] (.latch)                                                   1.338     1.338
top.or1200_ctrl+or1200_ctrl^FF_NODE~823.Q[0] (.latch) [clock-to-output]                                   0.124     1.462
n3998.in[0] (.names)                                                                                      1.338     2.800
n3998.out[0] (.names)                                                                                     0.261     3.061
n4749.in[2] (.names)                                                                                      1.338     4.398
n4749.out[0] (.names)                                                                                     0.261     4.659
top.or1200_mult_mac+or1200_mult_mac^MULTI_PORT_MUX~1953^MUX_2~10530.in[3] (.names)                        1.338     5.997
top.or1200_mult_mac+or1200_mult_mac^MULTI_PORT_MUX~1953^MUX_2~10530.out[0] (.names)                       0.261     6.258
n5129.in[1] (.names)                                                                                      1.338     7.596
n5129.out[0] (.names)                                                                                     0.261     7.857
n5128.in[2] (.names)                                                                                      1.338     9.195
n5128.out[0] (.names)                                                                                     0.261     9.456
n5127_1.in[2] (.names)                                                                                    1.338    10.793
n5127_1.out[0] (.names)                                                                                   0.261    11.054
n5126_1.in[2] (.names)                                                                                    1.338    12.392
n5126_1.out[0] (.names)                                                                                   0.261    12.653
n5125.in[2] (.names)                                                                                      1.338    13.991
n5125.out[0] (.names)                                                                                     0.261    14.252
n5124.in[2] (.names)                                                                                      1.338    15.590
n5124.out[0] (.names)                                                                                     0.261    15.851
n5123.in[2] (.names)                                                                                      1.338    17.188
n5123.out[0] (.names)                                                                                     0.261    17.449
n5122_1.in[2] (.names)                                                                                    1.338    18.787
n5122_1.out[0] (.names)                                                                                   0.261    19.048
n5121_1.in[2] (.names)                                                                                    1.338    20.386
n5121_1.out[0] (.names)                                                                                   0.261    20.647
n5120.in[2] (.names)                                                                                      1.338    21.985
n5120.out[0] (.names)                                                                                     0.261    22.246
n5119.in[2] (.names)                                                                                      1.338    23.584
n5119.out[0] (.names)                                                                                     0.261    23.845
n5118.in[2] (.names)                                                                                      1.338    25.182
n5118.out[0] (.names)                                                                                     0.261    25.443
n5117_1.in[2] (.names)                                                                                    1.338    26.781
n5117_1.out[0] (.names)                                                                                   0.261    27.042
n5116_1.in[2] (.names)                                                                                    1.338    28.380
n5116_1.out[0] (.names)                                                                                   0.261    28.641
n5115.in[2] (.names)                                                                                      1.338    29.979
n5115.out[0] (.names)                                                                                     0.261    30.240
n5114.in[2] (.names)                                                                                      1.338    31.577
n5114.out[0] (.names)                                                                                     0.261    31.838
n5113.in[2] (.names)                                                                                      1.338    33.176
n5113.out[0] (.names)                                                                                     0.261    33.437
n5112_1.in[4] (.names)                                                                                    1.338    34.775
n5112_1.out[0] (.names)                                                                                   0.261    35.036
n5111_1.in[2] (.names)                                                                                    1.338    36.374
n5111_1.out[0] (.names)                                                                                   0.261    36.635
n5109.in[5] (.names)                                                                                      1.338    37.972
n5109.out[0] (.names)                                                                                     0.261    38.233
n5107_1.in[5] (.names)                                                                                    1.338    39.571
n5107_1.out[0] (.names)                                                                                   0.261    39.832
n5106_1.in[4] (.names)                                                                                    1.338    41.170
n5106_1.out[0] (.names)                                                                                   0.261    41.431
n5104.in[5] (.names)                                                                                      1.338    42.769
n5104.out[0] (.names)                                                                                     0.261    43.030
n2066.in[3] (.names)                                                                                      1.338    44.367
n2066.out[0] (.names)                                                                                     0.261    44.628
top.or1200_mult_mac+or1200_mult_mac^FF_NODE~2198.D[0] (.latch)                                            1.338    45.966
data arrival time                                                                                                  45.966

clock top^clk (rise edge)                                                                                 0.000     0.000
clock source latency                                                                                      0.000     0.000
top^clk.inpad[0] (.input)                                                                                 0.000     0.000
top.or1200_mult_mac+or1200_mult_mac^FF_NODE~2198.clk[0] (.latch)                                          1.338     1.338
clock uncertainty                                                                                         0.000     1.338
cell setup time                                                                                          -0.066     1.272
data required time                                                                                                  1.272
-------------------------------------------------------------------------------------------------------------------------
data required time                                                                                                  1.272
data arrival time                                                                                                 -45.966
-------------------------------------------------------------------------------------------------------------------------
slack (VIOLATED)                                                                                                  -44.694


#Path 54
Startpoint: top.or1200_ctrl+or1200_ctrl^FF_NODE~823.Q[0] (.latch clocked by top^clk)
Endpoint  : top.or1200_mult_mac+or1200_mult_mac^FF_NODE~2199.D[0] (.latch clocked by top^clk)
Path Type : setup

Point                                                                                                      Incr      Path
-------------------------------------------------------------------------------------------------------------------------
clock top^clk (rise edge)                                                                                 0.000     0.000
clock source latency                                                                                      0.000     0.000
top^clk.inpad[0] (.input)                                                                                 0.000     0.000
top.or1200_ctrl+or1200_ctrl^FF_NODE~823.clk[0] (.latch)                                                   1.338     1.338
top.or1200_ctrl+or1200_ctrl^FF_NODE~823.Q[0] (.latch) [clock-to-output]                                   0.124     1.462
n3998.in[0] (.names)                                                                                      1.338     2.800
n3998.out[0] (.names)                                                                                     0.261     3.061
n4749.in[2] (.names)                                                                                      1.338     4.398
n4749.out[0] (.names)                                                                                     0.261     4.659
top.or1200_mult_mac+or1200_mult_mac^MULTI_PORT_MUX~1953^MUX_2~10530.in[3] (.names)                        1.338     5.997
top.or1200_mult_mac+or1200_mult_mac^MULTI_PORT_MUX~1953^MUX_2~10530.out[0] (.names)                       0.261     6.258
n5129.in[1] (.names)                                                                                      1.338     7.596
n5129.out[0] (.names)                                                                                     0.261     7.857
n5128.in[2] (.names)                                                                                      1.338     9.195
n5128.out[0] (.names)                                                                                     0.261     9.456
n5127_1.in[2] (.names)                                                                                    1.338    10.793
n5127_1.out[0] (.names)                                                                                   0.261    11.054
n5126_1.in[2] (.names)                                                                                    1.338    12.392
n5126_1.out[0] (.names)                                                                                   0.261    12.653
n5125.in[2] (.names)                                                                                      1.338    13.991
n5125.out[0] (.names)                                                                                     0.261    14.252
n5124.in[2] (.names)                                                                                      1.338    15.590
n5124.out[0] (.names)                                                                                     0.261    15.851
n5123.in[2] (.names)                                                                                      1.338    17.188
n5123.out[0] (.names)                                                                                     0.261    17.449
n5122_1.in[2] (.names)                                                                                    1.338    18.787
n5122_1.out[0] (.names)                                                                                   0.261    19.048
n5121_1.in[2] (.names)                                                                                    1.338    20.386
n5121_1.out[0] (.names)                                                                                   0.261    20.647
n5120.in[2] (.names)                                                                                      1.338    21.985
n5120.out[0] (.names)                                                                                     0.261    22.246
n5119.in[2] (.names)                                                                                      1.338    23.584
n5119.out[0] (.names)                                                                                     0.261    23.845
n5118.in[2] (.names)                                                                                      1.338    25.182
n5118.out[0] (.names)                                                                                     0.261    25.443
n5117_1.in[2] (.names)                                                                                    1.338    26.781
n5117_1.out[0] (.names)                                                                                   0.261    27.042
n5116_1.in[2] (.names)                                                                                    1.338    28.380
n5116_1.out[0] (.names)                                                                                   0.261    28.641
n5115.in[2] (.names)                                                                                      1.338    29.979
n5115.out[0] (.names)                                                                                     0.261    30.240
n5114.in[2] (.names)                                                                                      1.338    31.577
n5114.out[0] (.names)                                                                                     0.261    31.838
n5113.in[2] (.names)                                                                                      1.338    33.176
n5113.out[0] (.names)                                                                                     0.261    33.437
n5112_1.in[4] (.names)                                                                                    1.338    34.775
n5112_1.out[0] (.names)                                                                                   0.261    35.036
n5111_1.in[2] (.names)                                                                                    1.338    36.374
n5111_1.out[0] (.names)                                                                                   0.261    36.635
n5109.in[5] (.names)                                                                                      1.338    37.972
n5109.out[0] (.names)                                                                                     0.261    38.233
n5107_1.in[5] (.names)                                                                                    1.338    39.571
n5107_1.out[0] (.names)                                                                                   0.261    39.832
n5106_1.in[4] (.names)                                                                                    1.338    41.170
n5106_1.out[0] (.names)                                                                                   0.261    41.431
n5104.in[5] (.names)                                                                                      1.338    42.769
n5104.out[0] (.names)                                                                                     0.261    43.030
n2071.in[3] (.names)                                                                                      1.338    44.367
n2071.out[0] (.names)                                                                                     0.261    44.628
top.or1200_mult_mac+or1200_mult_mac^FF_NODE~2199.D[0] (.latch)                                            1.338    45.966
data arrival time                                                                                                  45.966

clock top^clk (rise edge)                                                                                 0.000     0.000
clock source latency                                                                                      0.000     0.000
top^clk.inpad[0] (.input)                                                                                 0.000     0.000
top.or1200_mult_mac+or1200_mult_mac^FF_NODE~2199.clk[0] (.latch)                                          1.338     1.338
clock uncertainty                                                                                         0.000     1.338
cell setup time                                                                                          -0.066     1.272
data required time                                                                                                  1.272
-------------------------------------------------------------------------------------------------------------------------
data required time                                                                                                  1.272
data arrival time                                                                                                 -45.966
-------------------------------------------------------------------------------------------------------------------------
slack (VIOLATED)                                                                                                  -44.694


#Path 55
Startpoint: top.or1200_ctrl+or1200_ctrl^FF_NODE~823.Q[0] (.latch clocked by top^clk)
Endpoint  : top.or1200_mult_mac+or1200_mult_mac^FF_NODE~2201.D[0] (.latch clocked by top^clk)
Path Type : setup

Point                                                                                                      Incr      Path
-------------------------------------------------------------------------------------------------------------------------
clock top^clk (rise edge)                                                                                 0.000     0.000
clock source latency                                                                                      0.000     0.000
top^clk.inpad[0] (.input)                                                                                 0.000     0.000
top.or1200_ctrl+or1200_ctrl^FF_NODE~823.clk[0] (.latch)                                                   1.338     1.338
top.or1200_ctrl+or1200_ctrl^FF_NODE~823.Q[0] (.latch) [clock-to-output]                                   0.124     1.462
n3998.in[0] (.names)                                                                                      1.338     2.800
n3998.out[0] (.names)                                                                                     0.261     3.061
n4749.in[2] (.names)                                                                                      1.338     4.398
n4749.out[0] (.names)                                                                                     0.261     4.659
top.or1200_mult_mac+or1200_mult_mac^MULTI_PORT_MUX~1953^MUX_2~10530.in[3] (.names)                        1.338     5.997
top.or1200_mult_mac+or1200_mult_mac^MULTI_PORT_MUX~1953^MUX_2~10530.out[0] (.names)                       0.261     6.258
n5129.in[1] (.names)                                                                                      1.338     7.596
n5129.out[0] (.names)                                                                                     0.261     7.857
n5128.in[2] (.names)                                                                                      1.338     9.195
n5128.out[0] (.names)                                                                                     0.261     9.456
n5127_1.in[2] (.names)                                                                                    1.338    10.793
n5127_1.out[0] (.names)                                                                                   0.261    11.054
n5126_1.in[2] (.names)                                                                                    1.338    12.392
n5126_1.out[0] (.names)                                                                                   0.261    12.653
n5125.in[2] (.names)                                                                                      1.338    13.991
n5125.out[0] (.names)                                                                                     0.261    14.252
n5124.in[2] (.names)                                                                                      1.338    15.590
n5124.out[0] (.names)                                                                                     0.261    15.851
n5123.in[2] (.names)                                                                                      1.338    17.188
n5123.out[0] (.names)                                                                                     0.261    17.449
n5122_1.in[2] (.names)                                                                                    1.338    18.787
n5122_1.out[0] (.names)                                                                                   0.261    19.048
n5121_1.in[2] (.names)                                                                                    1.338    20.386
n5121_1.out[0] (.names)                                                                                   0.261    20.647
n5120.in[2] (.names)                                                                                      1.338    21.985
n5120.out[0] (.names)                                                                                     0.261    22.246
n5119.in[2] (.names)                                                                                      1.338    23.584
n5119.out[0] (.names)                                                                                     0.261    23.845
n5118.in[2] (.names)                                                                                      1.338    25.182
n5118.out[0] (.names)                                                                                     0.261    25.443
n5117_1.in[2] (.names)                                                                                    1.338    26.781
n5117_1.out[0] (.names)                                                                                   0.261    27.042
n5116_1.in[2] (.names)                                                                                    1.338    28.380
n5116_1.out[0] (.names)                                                                                   0.261    28.641
n5115.in[2] (.names)                                                                                      1.338    29.979
n5115.out[0] (.names)                                                                                     0.261    30.240
n5114.in[2] (.names)                                                                                      1.338    31.577
n5114.out[0] (.names)                                                                                     0.261    31.838
n5113.in[2] (.names)                                                                                      1.338    33.176
n5113.out[0] (.names)                                                                                     0.261    33.437
n5112_1.in[4] (.names)                                                                                    1.338    34.775
n5112_1.out[0] (.names)                                                                                   0.261    35.036
n5111_1.in[2] (.names)                                                                                    1.338    36.374
n5111_1.out[0] (.names)                                                                                   0.261    36.635
n5109.in[5] (.names)                                                                                      1.338    37.972
n5109.out[0] (.names)                                                                                     0.261    38.233
n5107_1.in[5] (.names)                                                                                    1.338    39.571
n5107_1.out[0] (.names)                                                                                   0.261    39.832
n5106_1.in[4] (.names)                                                                                    1.338    41.170
n5106_1.out[0] (.names)                                                                                   0.261    41.431
n5104.in[5] (.names)                                                                                      1.338    42.769
n5104.out[0] (.names)                                                                                     0.261    43.030
n2081.in[3] (.names)                                                                                      1.338    44.367
n2081.out[0] (.names)                                                                                     0.261    44.628
top.or1200_mult_mac+or1200_mult_mac^FF_NODE~2201.D[0] (.latch)                                            1.338    45.966
data arrival time                                                                                                  45.966

clock top^clk (rise edge)                                                                                 0.000     0.000
clock source latency                                                                                      0.000     0.000
top^clk.inpad[0] (.input)                                                                                 0.000     0.000
top.or1200_mult_mac+or1200_mult_mac^FF_NODE~2201.clk[0] (.latch)                                          1.338     1.338
clock uncertainty                                                                                         0.000     1.338
cell setup time                                                                                          -0.066     1.272
data required time                                                                                                  1.272
-------------------------------------------------------------------------------------------------------------------------
data required time                                                                                                  1.272
data arrival time                                                                                                 -45.966
-------------------------------------------------------------------------------------------------------------------------
slack (VIOLATED)                                                                                                  -44.694


#Path 56
Startpoint: top.or1200_ctrl+or1200_ctrl^FF_NODE~823.Q[0] (.latch clocked by top^clk)
Endpoint  : top.or1200_mult_mac+or1200_mult_mac^FF_NODE~2202.D[0] (.latch clocked by top^clk)
Path Type : setup

Point                                                                                                      Incr      Path
-------------------------------------------------------------------------------------------------------------------------
clock top^clk (rise edge)                                                                                 0.000     0.000
clock source latency                                                                                      0.000     0.000
top^clk.inpad[0] (.input)                                                                                 0.000     0.000
top.or1200_ctrl+or1200_ctrl^FF_NODE~823.clk[0] (.latch)                                                   1.338     1.338
top.or1200_ctrl+or1200_ctrl^FF_NODE~823.Q[0] (.latch) [clock-to-output]                                   0.124     1.462
n3998.in[0] (.names)                                                                                      1.338     2.800
n3998.out[0] (.names)                                                                                     0.261     3.061
n4749.in[2] (.names)                                                                                      1.338     4.398
n4749.out[0] (.names)                                                                                     0.261     4.659
top.or1200_mult_mac+or1200_mult_mac^MULTI_PORT_MUX~1953^MUX_2~10530.in[3] (.names)                        1.338     5.997
top.or1200_mult_mac+or1200_mult_mac^MULTI_PORT_MUX~1953^MUX_2~10530.out[0] (.names)                       0.261     6.258
n5129.in[1] (.names)                                                                                      1.338     7.596
n5129.out[0] (.names)                                                                                     0.261     7.857
n5128.in[2] (.names)                                                                                      1.338     9.195
n5128.out[0] (.names)                                                                                     0.261     9.456
n5127_1.in[2] (.names)                                                                                    1.338    10.793
n5127_1.out[0] (.names)                                                                                   0.261    11.054
n5126_1.in[2] (.names)                                                                                    1.338    12.392
n5126_1.out[0] (.names)                                                                                   0.261    12.653
n5125.in[2] (.names)                                                                                      1.338    13.991
n5125.out[0] (.names)                                                                                     0.261    14.252
n5124.in[2] (.names)                                                                                      1.338    15.590
n5124.out[0] (.names)                                                                                     0.261    15.851
n5123.in[2] (.names)                                                                                      1.338    17.188
n5123.out[0] (.names)                                                                                     0.261    17.449
n5122_1.in[2] (.names)                                                                                    1.338    18.787
n5122_1.out[0] (.names)                                                                                   0.261    19.048
n5121_1.in[2] (.names)                                                                                    1.338    20.386
n5121_1.out[0] (.names)                                                                                   0.261    20.647
n5120.in[2] (.names)                                                                                      1.338    21.985
n5120.out[0] (.names)                                                                                     0.261    22.246
n5119.in[2] (.names)                                                                                      1.338    23.584
n5119.out[0] (.names)                                                                                     0.261    23.845
n5118.in[2] (.names)                                                                                      1.338    25.182
n5118.out[0] (.names)                                                                                     0.261    25.443
n5117_1.in[2] (.names)                                                                                    1.338    26.781
n5117_1.out[0] (.names)                                                                                   0.261    27.042
n5116_1.in[2] (.names)                                                                                    1.338    28.380
n5116_1.out[0] (.names)                                                                                   0.261    28.641
n5115.in[2] (.names)                                                                                      1.338    29.979
n5115.out[0] (.names)                                                                                     0.261    30.240
n5114.in[2] (.names)                                                                                      1.338    31.577
n5114.out[0] (.names)                                                                                     0.261    31.838
n5113.in[2] (.names)                                                                                      1.338    33.176
n5113.out[0] (.names)                                                                                     0.261    33.437
n5112_1.in[4] (.names)                                                                                    1.338    34.775
n5112_1.out[0] (.names)                                                                                   0.261    35.036
n5111_1.in[2] (.names)                                                                                    1.338    36.374
n5111_1.out[0] (.names)                                                                                   0.261    36.635
n5109.in[5] (.names)                                                                                      1.338    37.972
n5109.out[0] (.names)                                                                                     0.261    38.233
n5107_1.in[5] (.names)                                                                                    1.338    39.571
n5107_1.out[0] (.names)                                                                                   0.261    39.832
n5106_1.in[4] (.names)                                                                                    1.338    41.170
n5106_1.out[0] (.names)                                                                                   0.261    41.431
n5104.in[5] (.names)                                                                                      1.338    42.769
n5104.out[0] (.names)                                                                                     0.261    43.030
n2086.in[3] (.names)                                                                                      1.338    44.367
n2086.out[0] (.names)                                                                                     0.261    44.628
top.or1200_mult_mac+or1200_mult_mac^FF_NODE~2202.D[0] (.latch)                                            1.338    45.966
data arrival time                                                                                                  45.966

clock top^clk (rise edge)                                                                                 0.000     0.000
clock source latency                                                                                      0.000     0.000
top^clk.inpad[0] (.input)                                                                                 0.000     0.000
top.or1200_mult_mac+or1200_mult_mac^FF_NODE~2202.clk[0] (.latch)                                          1.338     1.338
clock uncertainty                                                                                         0.000     1.338
cell setup time                                                                                          -0.066     1.272
data required time                                                                                                  1.272
-------------------------------------------------------------------------------------------------------------------------
data required time                                                                                                  1.272
data arrival time                                                                                                 -45.966
-------------------------------------------------------------------------------------------------------------------------
slack (VIOLATED)                                                                                                  -44.694


#Path 57
Startpoint: top.or1200_ctrl+or1200_ctrl^FF_NODE~823.Q[0] (.latch clocked by top^clk)
Endpoint  : top.or1200_mult_mac+or1200_mult_mac^FF_NODE~2203.D[0] (.latch clocked by top^clk)
Path Type : setup

Point                                                                                                      Incr      Path
-------------------------------------------------------------------------------------------------------------------------
clock top^clk (rise edge)                                                                                 0.000     0.000
clock source latency                                                                                      0.000     0.000
top^clk.inpad[0] (.input)                                                                                 0.000     0.000
top.or1200_ctrl+or1200_ctrl^FF_NODE~823.clk[0] (.latch)                                                   1.338     1.338
top.or1200_ctrl+or1200_ctrl^FF_NODE~823.Q[0] (.latch) [clock-to-output]                                   0.124     1.462
n3998.in[0] (.names)                                                                                      1.338     2.800
n3998.out[0] (.names)                                                                                     0.261     3.061
n4749.in[2] (.names)                                                                                      1.338     4.398
n4749.out[0] (.names)                                                                                     0.261     4.659
top.or1200_mult_mac+or1200_mult_mac^MULTI_PORT_MUX~1953^MUX_2~10530.in[3] (.names)                        1.338     5.997
top.or1200_mult_mac+or1200_mult_mac^MULTI_PORT_MUX~1953^MUX_2~10530.out[0] (.names)                       0.261     6.258
n5129.in[1] (.names)                                                                                      1.338     7.596
n5129.out[0] (.names)                                                                                     0.261     7.857
n5128.in[2] (.names)                                                                                      1.338     9.195
n5128.out[0] (.names)                                                                                     0.261     9.456
n5127_1.in[2] (.names)                                                                                    1.338    10.793
n5127_1.out[0] (.names)                                                                                   0.261    11.054
n5126_1.in[2] (.names)                                                                                    1.338    12.392
n5126_1.out[0] (.names)                                                                                   0.261    12.653
n5125.in[2] (.names)                                                                                      1.338    13.991
n5125.out[0] (.names)                                                                                     0.261    14.252
n5124.in[2] (.names)                                                                                      1.338    15.590
n5124.out[0] (.names)                                                                                     0.261    15.851
n5123.in[2] (.names)                                                                                      1.338    17.188
n5123.out[0] (.names)                                                                                     0.261    17.449
n5122_1.in[2] (.names)                                                                                    1.338    18.787
n5122_1.out[0] (.names)                                                                                   0.261    19.048
n5121_1.in[2] (.names)                                                                                    1.338    20.386
n5121_1.out[0] (.names)                                                                                   0.261    20.647
n5120.in[2] (.names)                                                                                      1.338    21.985
n5120.out[0] (.names)                                                                                     0.261    22.246
n5119.in[2] (.names)                                                                                      1.338    23.584
n5119.out[0] (.names)                                                                                     0.261    23.845
n5118.in[2] (.names)                                                                                      1.338    25.182
n5118.out[0] (.names)                                                                                     0.261    25.443
n5117_1.in[2] (.names)                                                                                    1.338    26.781
n5117_1.out[0] (.names)                                                                                   0.261    27.042
n5116_1.in[2] (.names)                                                                                    1.338    28.380
n5116_1.out[0] (.names)                                                                                   0.261    28.641
n5115.in[2] (.names)                                                                                      1.338    29.979
n5115.out[0] (.names)                                                                                     0.261    30.240
n5114.in[2] (.names)                                                                                      1.338    31.577
n5114.out[0] (.names)                                                                                     0.261    31.838
n5113.in[2] (.names)                                                                                      1.338    33.176
n5113.out[0] (.names)                                                                                     0.261    33.437
n5112_1.in[4] (.names)                                                                                    1.338    34.775
n5112_1.out[0] (.names)                                                                                   0.261    35.036
n5111_1.in[2] (.names)                                                                                    1.338    36.374
n5111_1.out[0] (.names)                                                                                   0.261    36.635
n5109.in[5] (.names)                                                                                      1.338    37.972
n5109.out[0] (.names)                                                                                     0.261    38.233
n5107_1.in[5] (.names)                                                                                    1.338    39.571
n5107_1.out[0] (.names)                                                                                   0.261    39.832
n5106_1.in[4] (.names)                                                                                    1.338    41.170
n5106_1.out[0] (.names)                                                                                   0.261    41.431
n5104.in[5] (.names)                                                                                      1.338    42.769
n5104.out[0] (.names)                                                                                     0.261    43.030
n2091.in[3] (.names)                                                                                      1.338    44.367
n2091.out[0] (.names)                                                                                     0.261    44.628
top.or1200_mult_mac+or1200_mult_mac^FF_NODE~2203.D[0] (.latch)                                            1.338    45.966
data arrival time                                                                                                  45.966

clock top^clk (rise edge)                                                                                 0.000     0.000
clock source latency                                                                                      0.000     0.000
top^clk.inpad[0] (.input)                                                                                 0.000     0.000
top.or1200_mult_mac+or1200_mult_mac^FF_NODE~2203.clk[0] (.latch)                                          1.338     1.338
clock uncertainty                                                                                         0.000     1.338
cell setup time                                                                                          -0.066     1.272
data required time                                                                                                  1.272
-------------------------------------------------------------------------------------------------------------------------
data required time                                                                                                  1.272
data arrival time                                                                                                 -45.966
-------------------------------------------------------------------------------------------------------------------------
slack (VIOLATED)                                                                                                  -44.694


#Path 58
Startpoint: top.or1200_ctrl+or1200_ctrl^FF_NODE~823.Q[0] (.latch clocked by top^clk)
Endpoint  : top.or1200_mult_mac+or1200_mult_mac^FF_NODE~2204.D[0] (.latch clocked by top^clk)
Path Type : setup

Point                                                                                                      Incr      Path
-------------------------------------------------------------------------------------------------------------------------
clock top^clk (rise edge)                                                                                 0.000     0.000
clock source latency                                                                                      0.000     0.000
top^clk.inpad[0] (.input)                                                                                 0.000     0.000
top.or1200_ctrl+or1200_ctrl^FF_NODE~823.clk[0] (.latch)                                                   1.338     1.338
top.or1200_ctrl+or1200_ctrl^FF_NODE~823.Q[0] (.latch) [clock-to-output]                                   0.124     1.462
n3998.in[0] (.names)                                                                                      1.338     2.800
n3998.out[0] (.names)                                                                                     0.261     3.061
n4749.in[2] (.names)                                                                                      1.338     4.398
n4749.out[0] (.names)                                                                                     0.261     4.659
top.or1200_mult_mac+or1200_mult_mac^MULTI_PORT_MUX~1953^MUX_2~10530.in[3] (.names)                        1.338     5.997
top.or1200_mult_mac+or1200_mult_mac^MULTI_PORT_MUX~1953^MUX_2~10530.out[0] (.names)                       0.261     6.258
n5129.in[1] (.names)                                                                                      1.338     7.596
n5129.out[0] (.names)                                                                                     0.261     7.857
n5128.in[2] (.names)                                                                                      1.338     9.195
n5128.out[0] (.names)                                                                                     0.261     9.456
n5127_1.in[2] (.names)                                                                                    1.338    10.793
n5127_1.out[0] (.names)                                                                                   0.261    11.054
n5126_1.in[2] (.names)                                                                                    1.338    12.392
n5126_1.out[0] (.names)                                                                                   0.261    12.653
n5125.in[2] (.names)                                                                                      1.338    13.991
n5125.out[0] (.names)                                                                                     0.261    14.252
n5124.in[2] (.names)                                                                                      1.338    15.590
n5124.out[0] (.names)                                                                                     0.261    15.851
n5123.in[2] (.names)                                                                                      1.338    17.188
n5123.out[0] (.names)                                                                                     0.261    17.449
n5122_1.in[2] (.names)                                                                                    1.338    18.787
n5122_1.out[0] (.names)                                                                                   0.261    19.048
n5121_1.in[2] (.names)                                                                                    1.338    20.386
n5121_1.out[0] (.names)                                                                                   0.261    20.647
n5120.in[2] (.names)                                                                                      1.338    21.985
n5120.out[0] (.names)                                                                                     0.261    22.246
n5119.in[2] (.names)                                                                                      1.338    23.584
n5119.out[0] (.names)                                                                                     0.261    23.845
n5118.in[2] (.names)                                                                                      1.338    25.182
n5118.out[0] (.names)                                                                                     0.261    25.443
n5117_1.in[2] (.names)                                                                                    1.338    26.781
n5117_1.out[0] (.names)                                                                                   0.261    27.042
n5116_1.in[2] (.names)                                                                                    1.338    28.380
n5116_1.out[0] (.names)                                                                                   0.261    28.641
n5115.in[2] (.names)                                                                                      1.338    29.979
n5115.out[0] (.names)                                                                                     0.261    30.240
n5114.in[2] (.names)                                                                                      1.338    31.577
n5114.out[0] (.names)                                                                                     0.261    31.838
n5113.in[2] (.names)                                                                                      1.338    33.176
n5113.out[0] (.names)                                                                                     0.261    33.437
n5112_1.in[4] (.names)                                                                                    1.338    34.775
n5112_1.out[0] (.names)                                                                                   0.261    35.036
n5111_1.in[2] (.names)                                                                                    1.338    36.374
n5111_1.out[0] (.names)                                                                                   0.261    36.635
n5109.in[5] (.names)                                                                                      1.338    37.972
n5109.out[0] (.names)                                                                                     0.261    38.233
n5107_1.in[5] (.names)                                                                                    1.338    39.571
n5107_1.out[0] (.names)                                                                                   0.261    39.832
n5106_1.in[4] (.names)                                                                                    1.338    41.170
n5106_1.out[0] (.names)                                                                                   0.261    41.431
n5104.in[5] (.names)                                                                                      1.338    42.769
n5104.out[0] (.names)                                                                                     0.261    43.030
n2096.in[3] (.names)                                                                                      1.338    44.367
n2096.out[0] (.names)                                                                                     0.261    44.628
top.or1200_mult_mac+or1200_mult_mac^FF_NODE~2204.D[0] (.latch)                                            1.338    45.966
data arrival time                                                                                                  45.966

clock top^clk (rise edge)                                                                                 0.000     0.000
clock source latency                                                                                      0.000     0.000
top^clk.inpad[0] (.input)                                                                                 0.000     0.000
top.or1200_mult_mac+or1200_mult_mac^FF_NODE~2204.clk[0] (.latch)                                          1.338     1.338
clock uncertainty                                                                                         0.000     1.338
cell setup time                                                                                          -0.066     1.272
data required time                                                                                                  1.272
-------------------------------------------------------------------------------------------------------------------------
data required time                                                                                                  1.272
data arrival time                                                                                                 -45.966
-------------------------------------------------------------------------------------------------------------------------
slack (VIOLATED)                                                                                                  -44.694


#Path 59
Startpoint: top.or1200_ctrl+or1200_ctrl^FF_NODE~823.Q[0] (.latch clocked by top^clk)
Endpoint  : top.or1200_mult_mac+or1200_mult_mac^FF_NODE~2205.D[0] (.latch clocked by top^clk)
Path Type : setup

Point                                                                                                      Incr      Path
-------------------------------------------------------------------------------------------------------------------------
clock top^clk (rise edge)                                                                                 0.000     0.000
clock source latency                                                                                      0.000     0.000
top^clk.inpad[0] (.input)                                                                                 0.000     0.000
top.or1200_ctrl+or1200_ctrl^FF_NODE~823.clk[0] (.latch)                                                   1.338     1.338
top.or1200_ctrl+or1200_ctrl^FF_NODE~823.Q[0] (.latch) [clock-to-output]                                   0.124     1.462
n3998.in[0] (.names)                                                                                      1.338     2.800
n3998.out[0] (.names)                                                                                     0.261     3.061
n4749.in[2] (.names)                                                                                      1.338     4.398
n4749.out[0] (.names)                                                                                     0.261     4.659
top.or1200_mult_mac+or1200_mult_mac^MULTI_PORT_MUX~1953^MUX_2~10530.in[3] (.names)                        1.338     5.997
top.or1200_mult_mac+or1200_mult_mac^MULTI_PORT_MUX~1953^MUX_2~10530.out[0] (.names)                       0.261     6.258
n5129.in[1] (.names)                                                                                      1.338     7.596
n5129.out[0] (.names)                                                                                     0.261     7.857
n5128.in[2] (.names)                                                                                      1.338     9.195
n5128.out[0] (.names)                                                                                     0.261     9.456
n5127_1.in[2] (.names)                                                                                    1.338    10.793
n5127_1.out[0] (.names)                                                                                   0.261    11.054
n5126_1.in[2] (.names)                                                                                    1.338    12.392
n5126_1.out[0] (.names)                                                                                   0.261    12.653
n5125.in[2] (.names)                                                                                      1.338    13.991
n5125.out[0] (.names)                                                                                     0.261    14.252
n5124.in[2] (.names)                                                                                      1.338    15.590
n5124.out[0] (.names)                                                                                     0.261    15.851
n5123.in[2] (.names)                                                                                      1.338    17.188
n5123.out[0] (.names)                                                                                     0.261    17.449
n5122_1.in[2] (.names)                                                                                    1.338    18.787
n5122_1.out[0] (.names)                                                                                   0.261    19.048
n5121_1.in[2] (.names)                                                                                    1.338    20.386
n5121_1.out[0] (.names)                                                                                   0.261    20.647
n5120.in[2] (.names)                                                                                      1.338    21.985
n5120.out[0] (.names)                                                                                     0.261    22.246
n5119.in[2] (.names)                                                                                      1.338    23.584
n5119.out[0] (.names)                                                                                     0.261    23.845
n5118.in[2] (.names)                                                                                      1.338    25.182
n5118.out[0] (.names)                                                                                     0.261    25.443
n5117_1.in[2] (.names)                                                                                    1.338    26.781
n5117_1.out[0] (.names)                                                                                   0.261    27.042
n5116_1.in[2] (.names)                                                                                    1.338    28.380
n5116_1.out[0] (.names)                                                                                   0.261    28.641
n5115.in[2] (.names)                                                                                      1.338    29.979
n5115.out[0] (.names)                                                                                     0.261    30.240
n5114.in[2] (.names)                                                                                      1.338    31.577
n5114.out[0] (.names)                                                                                     0.261    31.838
n5113.in[2] (.names)                                                                                      1.338    33.176
n5113.out[0] (.names)                                                                                     0.261    33.437
n5112_1.in[4] (.names)                                                                                    1.338    34.775
n5112_1.out[0] (.names)                                                                                   0.261    35.036
n5111_1.in[2] (.names)                                                                                    1.338    36.374
n5111_1.out[0] (.names)                                                                                   0.261    36.635
n5109.in[5] (.names)                                                                                      1.338    37.972
n5109.out[0] (.names)                                                                                     0.261    38.233
n5107_1.in[5] (.names)                                                                                    1.338    39.571
n5107_1.out[0] (.names)                                                                                   0.261    39.832
n5106_1.in[4] (.names)                                                                                    1.338    41.170
n5106_1.out[0] (.names)                                                                                   0.261    41.431
n5104.in[5] (.names)                                                                                      1.338    42.769
n5104.out[0] (.names)                                                                                     0.261    43.030
n2101.in[3] (.names)                                                                                      1.338    44.367
n2101.out[0] (.names)                                                                                     0.261    44.628
top.or1200_mult_mac+or1200_mult_mac^FF_NODE~2205.D[0] (.latch)                                            1.338    45.966
data arrival time                                                                                                  45.966

clock top^clk (rise edge)                                                                                 0.000     0.000
clock source latency                                                                                      0.000     0.000
top^clk.inpad[0] (.input)                                                                                 0.000     0.000
top.or1200_mult_mac+or1200_mult_mac^FF_NODE~2205.clk[0] (.latch)                                          1.338     1.338
clock uncertainty                                                                                         0.000     1.338
cell setup time                                                                                          -0.066     1.272
data required time                                                                                                  1.272
-------------------------------------------------------------------------------------------------------------------------
data required time                                                                                                  1.272
data arrival time                                                                                                 -45.966
-------------------------------------------------------------------------------------------------------------------------
slack (VIOLATED)                                                                                                  -44.694


#Path 60
Startpoint: top.or1200_ctrl+or1200_ctrl^FF_NODE~823.Q[0] (.latch clocked by top^clk)
Endpoint  : top.or1200_mult_mac+or1200_mult_mac^FF_NODE~2207.D[0] (.latch clocked by top^clk)
Path Type : setup

Point                                                                                                      Incr      Path
-------------------------------------------------------------------------------------------------------------------------
clock top^clk (rise edge)                                                                                 0.000     0.000
clock source latency                                                                                      0.000     0.000
top^clk.inpad[0] (.input)                                                                                 0.000     0.000
top.or1200_ctrl+or1200_ctrl^FF_NODE~823.clk[0] (.latch)                                                   1.338     1.338
top.or1200_ctrl+or1200_ctrl^FF_NODE~823.Q[0] (.latch) [clock-to-output]                                   0.124     1.462
n3998.in[0] (.names)                                                                                      1.338     2.800
n3998.out[0] (.names)                                                                                     0.261     3.061
n4749.in[2] (.names)                                                                                      1.338     4.398
n4749.out[0] (.names)                                                                                     0.261     4.659
top.or1200_mult_mac+or1200_mult_mac^MULTI_PORT_MUX~1953^MUX_2~10530.in[3] (.names)                        1.338     5.997
top.or1200_mult_mac+or1200_mult_mac^MULTI_PORT_MUX~1953^MUX_2~10530.out[0] (.names)                       0.261     6.258
n5129.in[1] (.names)                                                                                      1.338     7.596
n5129.out[0] (.names)                                                                                     0.261     7.857
n5128.in[2] (.names)                                                                                      1.338     9.195
n5128.out[0] (.names)                                                                                     0.261     9.456
n5127_1.in[2] (.names)                                                                                    1.338    10.793
n5127_1.out[0] (.names)                                                                                   0.261    11.054
n5126_1.in[2] (.names)                                                                                    1.338    12.392
n5126_1.out[0] (.names)                                                                                   0.261    12.653
n5125.in[2] (.names)                                                                                      1.338    13.991
n5125.out[0] (.names)                                                                                     0.261    14.252
n5124.in[2] (.names)                                                                                      1.338    15.590
n5124.out[0] (.names)                                                                                     0.261    15.851
n5123.in[2] (.names)                                                                                      1.338    17.188
n5123.out[0] (.names)                                                                                     0.261    17.449
n5122_1.in[2] (.names)                                                                                    1.338    18.787
n5122_1.out[0] (.names)                                                                                   0.261    19.048
n5121_1.in[2] (.names)                                                                                    1.338    20.386
n5121_1.out[0] (.names)                                                                                   0.261    20.647
n5120.in[2] (.names)                                                                                      1.338    21.985
n5120.out[0] (.names)                                                                                     0.261    22.246
n5119.in[2] (.names)                                                                                      1.338    23.584
n5119.out[0] (.names)                                                                                     0.261    23.845
n5118.in[2] (.names)                                                                                      1.338    25.182
n5118.out[0] (.names)                                                                                     0.261    25.443
n5117_1.in[2] (.names)                                                                                    1.338    26.781
n5117_1.out[0] (.names)                                                                                   0.261    27.042
n5116_1.in[2] (.names)                                                                                    1.338    28.380
n5116_1.out[0] (.names)                                                                                   0.261    28.641
n5115.in[2] (.names)                                                                                      1.338    29.979
n5115.out[0] (.names)                                                                                     0.261    30.240
n5114.in[2] (.names)                                                                                      1.338    31.577
n5114.out[0] (.names)                                                                                     0.261    31.838
n5113.in[2] (.names)                                                                                      1.338    33.176
n5113.out[0] (.names)                                                                                     0.261    33.437
n5112_1.in[4] (.names)                                                                                    1.338    34.775
n5112_1.out[0] (.names)                                                                                   0.261    35.036
n5111_1.in[2] (.names)                                                                                    1.338    36.374
n5111_1.out[0] (.names)                                                                                   0.261    36.635
n5109.in[5] (.names)                                                                                      1.338    37.972
n5109.out[0] (.names)                                                                                     0.261    38.233
n5107_1.in[5] (.names)                                                                                    1.338    39.571
n5107_1.out[0] (.names)                                                                                   0.261    39.832
n5106_1.in[4] (.names)                                                                                    1.338    41.170
n5106_1.out[0] (.names)                                                                                   0.261    41.431
n5104.in[5] (.names)                                                                                      1.338    42.769
n5104.out[0] (.names)                                                                                     0.261    43.030
n2111.in[3] (.names)                                                                                      1.338    44.367
n2111.out[0] (.names)                                                                                     0.261    44.628
top.or1200_mult_mac+or1200_mult_mac^FF_NODE~2207.D[0] (.latch)                                            1.338    45.966
data arrival time                                                                                                  45.966

clock top^clk (rise edge)                                                                                 0.000     0.000
clock source latency                                                                                      0.000     0.000
top^clk.inpad[0] (.input)                                                                                 0.000     0.000
top.or1200_mult_mac+or1200_mult_mac^FF_NODE~2207.clk[0] (.latch)                                          1.338     1.338
clock uncertainty                                                                                         0.000     1.338
cell setup time                                                                                          -0.066     1.272
data required time                                                                                                  1.272
-------------------------------------------------------------------------------------------------------------------------
data required time                                                                                                  1.272
data arrival time                                                                                                 -45.966
-------------------------------------------------------------------------------------------------------------------------
slack (VIOLATED)                                                                                                  -44.694


#Path 61
Startpoint: top.or1200_ctrl+or1200_ctrl^FF_NODE~823.Q[0] (.latch clocked by top^clk)
Endpoint  : top.or1200_mult_mac+or1200_mult_mac^FF_NODE~2200.D[0] (.latch clocked by top^clk)
Path Type : setup

Point                                                                                                      Incr      Path
-------------------------------------------------------------------------------------------------------------------------
clock top^clk (rise edge)                                                                                 0.000     0.000
clock source latency                                                                                      0.000     0.000
top^clk.inpad[0] (.input)                                                                                 0.000     0.000
top.or1200_ctrl+or1200_ctrl^FF_NODE~823.clk[0] (.latch)                                                   1.338     1.338
top.or1200_ctrl+or1200_ctrl^FF_NODE~823.Q[0] (.latch) [clock-to-output]                                   0.124     1.462
n3998.in[0] (.names)                                                                                      1.338     2.800
n3998.out[0] (.names)                                                                                     0.261     3.061
n4749.in[2] (.names)                                                                                      1.338     4.398
n4749.out[0] (.names)                                                                                     0.261     4.659
top.or1200_mult_mac+or1200_mult_mac^MULTI_PORT_MUX~1953^MUX_2~10530.in[3] (.names)                        1.338     5.997
top.or1200_mult_mac+or1200_mult_mac^MULTI_PORT_MUX~1953^MUX_2~10530.out[0] (.names)                       0.261     6.258
n5129.in[1] (.names)                                                                                      1.338     7.596
n5129.out[0] (.names)                                                                                     0.261     7.857
n5128.in[2] (.names)                                                                                      1.338     9.195
n5128.out[0] (.names)                                                                                     0.261     9.456
n5127_1.in[2] (.names)                                                                                    1.338    10.793
n5127_1.out[0] (.names)                                                                                   0.261    11.054
n5126_1.in[2] (.names)                                                                                    1.338    12.392
n5126_1.out[0] (.names)                                                                                   0.261    12.653
n5125.in[2] (.names)                                                                                      1.338    13.991
n5125.out[0] (.names)                                                                                     0.261    14.252
n5124.in[2] (.names)                                                                                      1.338    15.590
n5124.out[0] (.names)                                                                                     0.261    15.851
n5123.in[2] (.names)                                                                                      1.338    17.188
n5123.out[0] (.names)                                                                                     0.261    17.449
n5122_1.in[2] (.names)                                                                                    1.338    18.787
n5122_1.out[0] (.names)                                                                                   0.261    19.048
n5121_1.in[2] (.names)                                                                                    1.338    20.386
n5121_1.out[0] (.names)                                                                                   0.261    20.647
n5120.in[2] (.names)                                                                                      1.338    21.985
n5120.out[0] (.names)                                                                                     0.261    22.246
n5119.in[2] (.names)                                                                                      1.338    23.584
n5119.out[0] (.names)                                                                                     0.261    23.845
n5118.in[2] (.names)                                                                                      1.338    25.182
n5118.out[0] (.names)                                                                                     0.261    25.443
n5117_1.in[2] (.names)                                                                                    1.338    26.781
n5117_1.out[0] (.names)                                                                                   0.261    27.042
n5116_1.in[2] (.names)                                                                                    1.338    28.380
n5116_1.out[0] (.names)                                                                                   0.261    28.641
n5115.in[2] (.names)                                                                                      1.338    29.979
n5115.out[0] (.names)                                                                                     0.261    30.240
n5114.in[2] (.names)                                                                                      1.338    31.577
n5114.out[0] (.names)                                                                                     0.261    31.838
n5113.in[2] (.names)                                                                                      1.338    33.176
n5113.out[0] (.names)                                                                                     0.261    33.437
n5112_1.in[4] (.names)                                                                                    1.338    34.775
n5112_1.out[0] (.names)                                                                                   0.261    35.036
n5111_1.in[2] (.names)                                                                                    1.338    36.374
n5111_1.out[0] (.names)                                                                                   0.261    36.635
n5109.in[5] (.names)                                                                                      1.338    37.972
n5109.out[0] (.names)                                                                                     0.261    38.233
n5107_1.in[5] (.names)                                                                                    1.338    39.571
n5107_1.out[0] (.names)                                                                                   0.261    39.832
n5106_1.in[4] (.names)                                                                                    1.338    41.170
n5106_1.out[0] (.names)                                                                                   0.261    41.431
n5104.in[5] (.names)                                                                                      1.338    42.769
n5104.out[0] (.names)                                                                                     0.261    43.030
n2076.in[3] (.names)                                                                                      1.338    44.367
n2076.out[0] (.names)                                                                                     0.261    44.628
top.or1200_mult_mac+or1200_mult_mac^FF_NODE~2200.D[0] (.latch)                                            1.338    45.966
data arrival time                                                                                                  45.966

clock top^clk (rise edge)                                                                                 0.000     0.000
clock source latency                                                                                      0.000     0.000
top^clk.inpad[0] (.input)                                                                                 0.000     0.000
top.or1200_mult_mac+or1200_mult_mac^FF_NODE~2200.clk[0] (.latch)                                          1.338     1.338
clock uncertainty                                                                                         0.000     1.338
cell setup time                                                                                          -0.066     1.272
data required time                                                                                                  1.272
-------------------------------------------------------------------------------------------------------------------------
data required time                                                                                                  1.272
data arrival time                                                                                                 -45.966
-------------------------------------------------------------------------------------------------------------------------
slack (VIOLATED)                                                                                                  -44.694


#Path 62
Startpoint: top.or1200_operandmuxes+or1200_operandmuxes^FF_NODE~1353.Q[0] (.latch clocked by top^clk)
Endpoint  : out:top^rf_dataw~29.outpad[0] (.output clocked by top^clk)
Path Type : setup

Point                                                                                           Incr      Path
--------------------------------------------------------------------------------------------------------------
clock top^clk (rise edge)                                                                      0.000     0.000
clock source latency                                                                           0.000     0.000
top^clk.inpad[0] (.input)                                                                      0.000     0.000
top.or1200_operandmuxes+or1200_operandmuxes^FF_NODE~1353.clk[0] (.latch)                       1.338     1.338
top.or1200_operandmuxes+or1200_operandmuxes^FF_NODE~1353.Q[0] (.latch) [clock-to-output]       0.124     1.462
n4066_1.in[0] (.names)                                                                         1.338     2.800
n4066_1.out[0] (.names)                                                                        0.261     3.061
n4110.in[4] (.names)                                                                           1.338     4.398
n4110.out[0] (.names)                                                                          0.261     4.659
n4145.in[4] (.names)                                                                           1.338     5.997
n4145.out[0] (.names)                                                                          0.261     6.258
n4163.in[2] (.names)                                                                           1.338     7.596
n4163.out[0] (.names)                                                                          0.261     7.857
n4183.in[2] (.names)                                                                           1.338     9.195
n4183.out[0] (.names)                                                                          0.261     9.456
n4199.in[2] (.names)                                                                           1.338    10.793
n4199.out[0] (.names)                                                                          0.261    11.054
n4215.in[2] (.names)                                                                           1.338    12.392
n4215.out[0] (.names)                                                                          0.261    12.653
n4231_1.in[2] (.names)                                                                         1.338    13.991
n4231_1.out[0] (.names)                                                                        0.261    14.252
n4246_1.in[2] (.names)                                                                         1.338    15.590
n4246_1.out[0] (.names)                                                                        0.261    15.851
n4261_1.in[2] (.names)                                                                         1.338    17.188
n4261_1.out[0] (.names)                                                                        0.261    17.449
n4278.in[2] (.names)                                                                           1.338    18.787
n4278.out[0] (.names)                                                                          0.261    19.048
n4293.in[2] (.names)                                                                           1.338    20.386
n4293.out[0] (.names)                                                                          0.261    20.647
n4319.in[2] (.names)                                                                           1.338    21.985
n4319.out[0] (.names)                                                                          0.261    22.246
n4337_1.in[2] (.names)                                                                         1.338    23.584
n4337_1.out[0] (.names)                                                                        0.261    23.845
n4357_1.in[2] (.names)                                                                         1.338    25.182
n4357_1.out[0] (.names)                                                                        0.261    25.443
n4375.in[2] (.names)                                                                           1.338    26.781
n4375.out[0] (.names)                                                                          0.261    27.042
n4395.in[2] (.names)                                                                           1.338    28.380
n4395.out[0] (.names)                                                                          0.261    28.641
n4413.in[2] (.names)                                                                           1.338    29.979
n4413.out[0] (.names)                                                                          0.261    30.240
n4450.in[4] (.names)                                                                           1.338    31.577
n4450.out[0] (.names)                                                                          0.261    31.838
n4474.in[2] (.names)                                                                           1.338    33.176
n4474.out[0] (.names)                                                                          0.261    33.437
n4473.in[2] (.names)                                                                           1.338    34.775
n4473.out[0] (.names)                                                                          0.261    35.036
n4490.in[1] (.names)                                                                           1.338    36.374
n4490.out[0] (.names)                                                                          0.261    36.635
n4509.in[0] (.names)                                                                           1.338    37.972
n4509.out[0] (.names)                                                                          0.261    38.233
n4547_1.in[4] (.names)                                                                         1.338    39.571
n4547_1.out[0] (.names)                                                                        0.261    39.832
n4546_1.in[2] (.names)                                                                         1.338    41.170
n4546_1.out[0] (.names)                                                                        0.261    41.431
top^rf_dataw~29.in[4] (.names)                                                                 1.338    42.769
top^rf_dataw~29.out[0] (.names)                                                                0.261    43.030
out:top^rf_dataw~29.outpad[0] (.output)                                                        1.338    44.367
data arrival time                                                                                       44.367

clock top^clk (rise edge)                                                                      0.000     0.000
clock source latency                                                                           0.000     0.000
clock uncertainty                                                                              0.000     0.000
output external delay                                                                          0.000     0.000
data required time                                                                                       0.000
--------------------------------------------------------------------------------------------------------------
data required time                                                                                       0.000
data arrival time                                                                                      -44.367
--------------------------------------------------------------------------------------------------------------
slack (VIOLATED)                                                                                       -44.367


#Path 63
Startpoint: top.or1200_operandmuxes+or1200_operandmuxes^FF_NODE~1353.Q[0] (.latch clocked by top^clk)
Endpoint  : out:top^rf_dataw~30.outpad[0] (.output clocked by top^clk)
Path Type : setup

Point                                                                                           Incr      Path
--------------------------------------------------------------------------------------------------------------
clock top^clk (rise edge)                                                                      0.000     0.000
clock source latency                                                                           0.000     0.000
top^clk.inpad[0] (.input)                                                                      0.000     0.000
top.or1200_operandmuxes+or1200_operandmuxes^FF_NODE~1353.clk[0] (.latch)                       1.338     1.338
top.or1200_operandmuxes+or1200_operandmuxes^FF_NODE~1353.Q[0] (.latch) [clock-to-output]       0.124     1.462
n4066_1.in[0] (.names)                                                                         1.338     2.800
n4066_1.out[0] (.names)                                                                        0.261     3.061
n4110.in[4] (.names)                                                                           1.338     4.398
n4110.out[0] (.names)                                                                          0.261     4.659
n4145.in[4] (.names)                                                                           1.338     5.997
n4145.out[0] (.names)                                                                          0.261     6.258
n4163.in[2] (.names)                                                                           1.338     7.596
n4163.out[0] (.names)                                                                          0.261     7.857
n4183.in[2] (.names)                                                                           1.338     9.195
n4183.out[0] (.names)                                                                          0.261     9.456
n4199.in[2] (.names)                                                                           1.338    10.793
n4199.out[0] (.names)                                                                          0.261    11.054
n4215.in[2] (.names)                                                                           1.338    12.392
n4215.out[0] (.names)                                                                          0.261    12.653
n4231_1.in[2] (.names)                                                                         1.338    13.991
n4231_1.out[0] (.names)                                                                        0.261    14.252
n4246_1.in[2] (.names)                                                                         1.338    15.590
n4246_1.out[0] (.names)                                                                        0.261    15.851
n4261_1.in[2] (.names)                                                                         1.338    17.188
n4261_1.out[0] (.names)                                                                        0.261    17.449
n4278.in[2] (.names)                                                                           1.338    18.787
n4278.out[0] (.names)                                                                          0.261    19.048
n4293.in[2] (.names)                                                                           1.338    20.386
n4293.out[0] (.names)                                                                          0.261    20.647
n4319.in[2] (.names)                                                                           1.338    21.985
n4319.out[0] (.names)                                                                          0.261    22.246
n4337_1.in[2] (.names)                                                                         1.338    23.584
n4337_1.out[0] (.names)                                                                        0.261    23.845
n4357_1.in[2] (.names)                                                                         1.338    25.182
n4357_1.out[0] (.names)                                                                        0.261    25.443
n4375.in[2] (.names)                                                                           1.338    26.781
n4375.out[0] (.names)                                                                          0.261    27.042
n4395.in[2] (.names)                                                                           1.338    28.380
n4395.out[0] (.names)                                                                          0.261    28.641
n4413.in[2] (.names)                                                                           1.338    29.979
n4413.out[0] (.names)                                                                          0.261    30.240
n4450.in[4] (.names)                                                                           1.338    31.577
n4450.out[0] (.names)                                                                          0.261    31.838
n4474.in[2] (.names)                                                                           1.338    33.176
n4474.out[0] (.names)                                                                          0.261    33.437
n4473.in[2] (.names)                                                                           1.338    34.775
n4473.out[0] (.names)                                                                          0.261    35.036
n4490.in[1] (.names)                                                                           1.338    36.374
n4490.out[0] (.names)                                                                          0.261    36.635
n4509.in[0] (.names)                                                                           1.338    37.972
n4509.out[0] (.names)                                                                          0.261    38.233
n4547_1.in[4] (.names)                                                                         1.338    39.571
n4547_1.out[0] (.names)                                                                        0.261    39.832
n4564.in[0] (.names)                                                                           1.338    41.170
n4564.out[0] (.names)                                                                          0.261    41.431
top^rf_dataw~30.in[2] (.names)                                                                 1.338    42.769
top^rf_dataw~30.out[0] (.names)                                                                0.261    43.030
out:top^rf_dataw~30.outpad[0] (.output)                                                        1.338    44.367
data arrival time                                                                                       44.367

clock top^clk (rise edge)                                                                      0.000     0.000
clock source latency                                                                           0.000     0.000
clock uncertainty                                                                              0.000     0.000
output external delay                                                                          0.000     0.000
data required time                                                                                       0.000
--------------------------------------------------------------------------------------------------------------
data required time                                                                                       0.000
data arrival time                                                                                      -44.367
--------------------------------------------------------------------------------------------------------------
slack (VIOLATED)                                                                                       -44.367


#Path 64
Startpoint: top.or1200_operandmuxes+or1200_operandmuxes^FF_NODE~1353.Q[0] (.latch clocked by top^clk)
Endpoint  : out:top^rf_dataw~31.outpad[0] (.output clocked by top^clk)
Path Type : setup

Point                                                                                           Incr      Path
--------------------------------------------------------------------------------------------------------------
clock top^clk (rise edge)                                                                      0.000     0.000
clock source latency                                                                           0.000     0.000
top^clk.inpad[0] (.input)                                                                      0.000     0.000
top.or1200_operandmuxes+or1200_operandmuxes^FF_NODE~1353.clk[0] (.latch)                       1.338     1.338
top.or1200_operandmuxes+or1200_operandmuxes^FF_NODE~1353.Q[0] (.latch) [clock-to-output]       0.124     1.462
n4066_1.in[0] (.names)                                                                         1.338     2.800
n4066_1.out[0] (.names)                                                                        0.261     3.061
n4110.in[4] (.names)                                                                           1.338     4.398
n4110.out[0] (.names)                                                                          0.261     4.659
n4145.in[4] (.names)                                                                           1.338     5.997
n4145.out[0] (.names)                                                                          0.261     6.258
n4163.in[2] (.names)                                                                           1.338     7.596
n4163.out[0] (.names)                                                                          0.261     7.857
n4183.in[2] (.names)                                                                           1.338     9.195
n4183.out[0] (.names)                                                                          0.261     9.456
n4199.in[2] (.names)                                                                           1.338    10.793
n4199.out[0] (.names)                                                                          0.261    11.054
n4215.in[2] (.names)                                                                           1.338    12.392
n4215.out[0] (.names)                                                                          0.261    12.653
n4231_1.in[2] (.names)                                                                         1.338    13.991
n4231_1.out[0] (.names)                                                                        0.261    14.252
n4246_1.in[2] (.names)                                                                         1.338    15.590
n4246_1.out[0] (.names)                                                                        0.261    15.851
n4261_1.in[2] (.names)                                                                         1.338    17.188
n4261_1.out[0] (.names)                                                                        0.261    17.449
n4278.in[2] (.names)                                                                           1.338    18.787
n4278.out[0] (.names)                                                                          0.261    19.048
n4293.in[2] (.names)                                                                           1.338    20.386
n4293.out[0] (.names)                                                                          0.261    20.647
n4319.in[2] (.names)                                                                           1.338    21.985
n4319.out[0] (.names)                                                                          0.261    22.246
n4337_1.in[2] (.names)                                                                         1.338    23.584
n4337_1.out[0] (.names)                                                                        0.261    23.845
n4357_1.in[2] (.names)                                                                         1.338    25.182
n4357_1.out[0] (.names)                                                                        0.261    25.443
n4375.in[2] (.names)                                                                           1.338    26.781
n4375.out[0] (.names)                                                                          0.261    27.042
n4395.in[2] (.names)                                                                           1.338    28.380
n4395.out[0] (.names)                                                                          0.261    28.641
n4413.in[2] (.names)                                                                           1.338    29.979
n4413.out[0] (.names)                                                                          0.261    30.240
n4450.in[4] (.names)                                                                           1.338    31.577
n4450.out[0] (.names)                                                                          0.261    31.838
n4474.in[2] (.names)                                                                           1.338    33.176
n4474.out[0] (.names)                                                                          0.261    33.437
n4473.in[2] (.names)                                                                           1.338    34.775
n4473.out[0] (.names)                                                                          0.261    35.036
n4490.in[1] (.names)                                                                           1.338    36.374
n4490.out[0] (.names)                                                                          0.261    36.635
n4509.in[0] (.names)                                                                           1.338    37.972
n4509.out[0] (.names)                                                                          0.261    38.233
n4547_1.in[4] (.names)                                                                         1.338    39.571
n4547_1.out[0] (.names)                                                                        0.261    39.832
n4581_1.in[0] (.names)                                                                         1.338    41.170
n4581_1.out[0] (.names)                                                                        0.261    41.431
top^rf_dataw~31.in[2] (.names)                                                                 1.338    42.769
top^rf_dataw~31.out[0] (.names)                                                                0.261    43.030
out:top^rf_dataw~31.outpad[0] (.output)                                                        1.338    44.367
data arrival time                                                                                       44.367

clock top^clk (rise edge)                                                                      0.000     0.000
clock source latency                                                                           0.000     0.000
clock uncertainty                                                                              0.000     0.000
output external delay                                                                          0.000     0.000
data required time                                                                                       0.000
--------------------------------------------------------------------------------------------------------------
data required time                                                                                       0.000
data arrival time                                                                                      -44.367
--------------------------------------------------------------------------------------------------------------
slack (VIOLATED)                                                                                       -44.367


#Path 65
Startpoint: top.or1200_ctrl+or1200_ctrl^FF_NODE~690.Q[0] (.latch clocked by top^clk)
Endpoint  : out:top^icpu_adr_o~27.outpad[0] (.output clocked by top^clk)
Path Type : setup

Point                                                                          Incr      Path
---------------------------------------------------------------------------------------------
clock top^clk (rise edge)                                                     0.000     0.000
clock source latency                                                          0.000     0.000
top^clk.inpad[0] (.input)                                                     0.000     0.000
top.or1200_ctrl+or1200_ctrl^FF_NODE~690.clk[0] (.latch)                       1.338     1.338
top.or1200_ctrl+or1200_ctrl^FF_NODE~690.Q[0] (.latch) [clock-to-output]       0.124     1.462
n3483.in[0] (.names)                                                          1.338     2.800
n3483.out[0] (.names)                                                         0.261     3.061
n3490.in[2] (.names)                                                          1.338     4.398
n3490.out[0] (.names)                                                         0.261     4.659
n3507_1.in[4] (.names)                                                        1.338     5.997
n3507_1.out[0] (.names)                                                       0.261     6.258
n3517_1.in[2] (.names)                                                        1.338     7.596
n3517_1.out[0] (.names)                                                       0.261     7.857
n3534.in[4] (.names)                                                          1.338     9.195
n3534.out[0] (.names)                                                         0.261     9.456
n3543.in[2] (.names)                                                          1.338    10.793
n3543.out[0] (.names)                                                         0.261    11.054
n3552_1.in[2] (.names)                                                        1.338    12.392
n3552_1.out[0] (.names)                                                       0.261    12.653
n3561_1.in[2] (.names)                                                        1.338    13.991
n3561_1.out[0] (.names)                                                       0.261    14.252
n3571_1.in[2] (.names)                                                        1.338    15.590
n3571_1.out[0] (.names)                                                       0.261    15.851
n3580.in[2] (.names)                                                          1.338    17.188
n3580.out[0] (.names)                                                         0.261    17.449
n3590.in[2] (.names)                                                          1.338    18.787
n3590.out[0] (.names)                                                         0.261    19.048
n3599.in[2] (.names)                                                          1.338    20.386
n3599.out[0] (.names)                                                         0.261    20.647
n3609.in[2] (.names)                                                          1.338    21.985
n3609.out[0] (.names)                                                         0.261    22.246
n3618.in[2] (.names)                                                          1.338    23.584
n3618.out[0] (.names)                                                         0.261    23.845
n3628.in[2] (.names)                                                          1.338    25.182
n3628.out[0] (.names)                                                         0.261    25.443
n3637_1.in[2] (.names)                                                        1.338    26.781
n3637_1.out[0] (.names)                                                       0.261    27.042
n3647_1.in[2] (.names)                                                        1.338    28.380
n3647_1.out[0] (.names)                                                       0.261    28.641
n3656_1.in[2] (.names)                                                        1.338    29.979
n3656_1.out[0] (.names)                                                       0.261    30.240
n3666_1.in[2] (.names)                                                        1.338    31.577
n3666_1.out[0] (.names)                                                       0.261    31.838
n3675.in[2] (.names)                                                          1.338    33.176
n3675.out[0] (.names)                                                         0.261    33.437
n3685.in[2] (.names)                                                          1.338    34.775
n3685.out[0] (.names)                                                         0.261    35.036
n3694.in[2] (.names)                                                          1.338    36.374
n3694.out[0] (.names)                                                         0.261    36.635
n3693.in[2] (.names)                                                          1.338    37.972
n3693.out[0] (.names)                                                         0.261    38.233
n3697.in[3] (.names)                                                          1.338    39.571
n3697.out[0] (.names)                                                         0.261    39.832
n3692_1.in[3] (.names)                                                        1.338    41.170
n3692_1.out[0] (.names)                                                       0.261    41.431
top^icpu_adr_o~27.in[2] (.names)                                              1.338    42.769
top^icpu_adr_o~27.out[0] (.names)                                             0.261    43.030
out:top^icpu_adr_o~27.outpad[0] (.output)                                     1.338    44.367
data arrival time                                                                      44.367

clock top^clk (rise edge)                                                     0.000     0.000
clock source latency                                                          0.000     0.000
clock uncertainty                                                             0.000     0.000
output external delay                                                         0.000     0.000
data required time                                                                      0.000
---------------------------------------------------------------------------------------------
data required time                                                                      0.000
data arrival time                                                                     -44.367
---------------------------------------------------------------------------------------------
slack (VIOLATED)                                                                      -44.367


#Path 66
Startpoint: top.or1200_ctrl+or1200_ctrl^FF_NODE~690.Q[0] (.latch clocked by top^clk)
Endpoint  : out:top^icpu_adr_o~29.outpad[0] (.output clocked by top^clk)
Path Type : setup

Point                                                                          Incr      Path
---------------------------------------------------------------------------------------------
clock top^clk (rise edge)                                                     0.000     0.000
clock source latency                                                          0.000     0.000
top^clk.inpad[0] (.input)                                                     0.000     0.000
top.or1200_ctrl+or1200_ctrl^FF_NODE~690.clk[0] (.latch)                       1.338     1.338
top.or1200_ctrl+or1200_ctrl^FF_NODE~690.Q[0] (.latch) [clock-to-output]       0.124     1.462
n3483.in[0] (.names)                                                          1.338     2.800
n3483.out[0] (.names)                                                         0.261     3.061
n3490.in[2] (.names)                                                          1.338     4.398
n3490.out[0] (.names)                                                         0.261     4.659
n3507_1.in[4] (.names)                                                        1.338     5.997
n3507_1.out[0] (.names)                                                       0.261     6.258
n3517_1.in[2] (.names)                                                        1.338     7.596
n3517_1.out[0] (.names)                                                       0.261     7.857
n3534.in[4] (.names)                                                          1.338     9.195
n3534.out[0] (.names)                                                         0.261     9.456
n3543.in[2] (.names)                                                          1.338    10.793
n3543.out[0] (.names)                                                         0.261    11.054
n3552_1.in[2] (.names)                                                        1.338    12.392
n3552_1.out[0] (.names)                                                       0.261    12.653
n3561_1.in[2] (.names)                                                        1.338    13.991
n3561_1.out[0] (.names)                                                       0.261    14.252
n3571_1.in[2] (.names)                                                        1.338    15.590
n3571_1.out[0] (.names)                                                       0.261    15.851
n3580.in[2] (.names)                                                          1.338    17.188
n3580.out[0] (.names)                                                         0.261    17.449
n3590.in[2] (.names)                                                          1.338    18.787
n3590.out[0] (.names)                                                         0.261    19.048
n3599.in[2] (.names)                                                          1.338    20.386
n3599.out[0] (.names)                                                         0.261    20.647
n3609.in[2] (.names)                                                          1.338    21.985
n3609.out[0] (.names)                                                         0.261    22.246
n3618.in[2] (.names)                                                          1.338    23.584
n3618.out[0] (.names)                                                         0.261    23.845
n3628.in[2] (.names)                                                          1.338    25.182
n3628.out[0] (.names)                                                         0.261    25.443
n3637_1.in[2] (.names)                                                        1.338    26.781
n3637_1.out[0] (.names)                                                       0.261    27.042
n3647_1.in[2] (.names)                                                        1.338    28.380
n3647_1.out[0] (.names)                                                       0.261    28.641
n3656_1.in[2] (.names)                                                        1.338    29.979
n3656_1.out[0] (.names)                                                       0.261    30.240
n3666_1.in[2] (.names)                                                        1.338    31.577
n3666_1.out[0] (.names)                                                       0.261    31.838
n3675.in[2] (.names)                                                          1.338    33.176
n3675.out[0] (.names)                                                         0.261    33.437
n3685.in[2] (.names)                                                          1.338    34.775
n3685.out[0] (.names)                                                         0.261    35.036
n3694.in[2] (.names)                                                          1.338    36.374
n3694.out[0] (.names)                                                         0.261    36.635
n3712.in[4] (.names)                                                          1.338    37.972
n3712.out[0] (.names)                                                         0.261    38.233
n3715.in[3] (.names)                                                          1.338    39.571
n3715.out[0] (.names)                                                         0.261    39.832
n3711.in[3] (.names)                                                          1.338    41.170
n3711.out[0] (.names)                                                         0.261    41.431
top^icpu_adr_o~29.in[2] (.names)                                              1.338    42.769
top^icpu_adr_o~29.out[0] (.names)                                             0.261    43.030
out:top^icpu_adr_o~29.outpad[0] (.output)                                     1.338    44.367
data arrival time                                                                      44.367

clock top^clk (rise edge)                                                     0.000     0.000
clock source latency                                                          0.000     0.000
clock uncertainty                                                             0.000     0.000
output external delay                                                         0.000     0.000
data required time                                                                      0.000
---------------------------------------------------------------------------------------------
data required time                                                                      0.000
data arrival time                                                                     -44.367
---------------------------------------------------------------------------------------------
slack (VIOLATED)                                                                      -44.367


#Path 67
Startpoint: top.or1200_ctrl+or1200_ctrl^FF_NODE~690.Q[0] (.latch clocked by top^clk)
Endpoint  : out:top^icpu_adr_o~31.outpad[0] (.output clocked by top^clk)
Path Type : setup

Point                                                                          Incr      Path
---------------------------------------------------------------------------------------------
clock top^clk (rise edge)                                                     0.000     0.000
clock source latency                                                          0.000     0.000
top^clk.inpad[0] (.input)                                                     0.000     0.000
top.or1200_ctrl+or1200_ctrl^FF_NODE~690.clk[0] (.latch)                       1.338     1.338
top.or1200_ctrl+or1200_ctrl^FF_NODE~690.Q[0] (.latch) [clock-to-output]       0.124     1.462
n3483.in[0] (.names)                                                          1.338     2.800
n3483.out[0] (.names)                                                         0.261     3.061
n3490.in[2] (.names)                                                          1.338     4.398
n3490.out[0] (.names)                                                         0.261     4.659
n3507_1.in[4] (.names)                                                        1.338     5.997
n3507_1.out[0] (.names)                                                       0.261     6.258
n3517_1.in[2] (.names)                                                        1.338     7.596
n3517_1.out[0] (.names)                                                       0.261     7.857
n3534.in[4] (.names)                                                          1.338     9.195
n3534.out[0] (.names)                                                         0.261     9.456
n3543.in[2] (.names)                                                          1.338    10.793
n3543.out[0] (.names)                                                         0.261    11.054
n3552_1.in[2] (.names)                                                        1.338    12.392
n3552_1.out[0] (.names)                                                       0.261    12.653
n3561_1.in[2] (.names)                                                        1.338    13.991
n3561_1.out[0] (.names)                                                       0.261    14.252
n3571_1.in[2] (.names)                                                        1.338    15.590
n3571_1.out[0] (.names)                                                       0.261    15.851
n3580.in[2] (.names)                                                          1.338    17.188
n3580.out[0] (.names)                                                         0.261    17.449
n3590.in[2] (.names)                                                          1.338    18.787
n3590.out[0] (.names)                                                         0.261    19.048
n3599.in[2] (.names)                                                          1.338    20.386
n3599.out[0] (.names)                                                         0.261    20.647
n3609.in[2] (.names)                                                          1.338    21.985
n3609.out[0] (.names)                                                         0.261    22.246
n3618.in[2] (.names)                                                          1.338    23.584
n3618.out[0] (.names)                                                         0.261    23.845
n3628.in[2] (.names)                                                          1.338    25.182
n3628.out[0] (.names)                                                         0.261    25.443
n3637_1.in[2] (.names)                                                        1.338    26.781
n3637_1.out[0] (.names)                                                       0.261    27.042
n3647_1.in[2] (.names)                                                        1.338    28.380
n3647_1.out[0] (.names)                                                       0.261    28.641
n3656_1.in[2] (.names)                                                        1.338    29.979
n3656_1.out[0] (.names)                                                       0.261    30.240
n3666_1.in[2] (.names)                                                        1.338    31.577
n3666_1.out[0] (.names)                                                       0.261    31.838
n3675.in[2] (.names)                                                          1.338    33.176
n3675.out[0] (.names)                                                         0.261    33.437
n3685.in[2] (.names)                                                          1.338    34.775
n3685.out[0] (.names)                                                         0.261    35.036
n3694.in[2] (.names)                                                          1.338    36.374
n3694.out[0] (.names)                                                         0.261    36.635
n3730.in[5] (.names)                                                          1.338    37.972
n3730.out[0] (.names)                                                         0.261    38.233
n3729.in[1] (.names)                                                          1.338    39.571
n3729.out[0] (.names)                                                         0.261    39.832
n3728.in[1] (.names)                                                          1.338    41.170
n3728.out[0] (.names)                                                         0.261    41.431
top^icpu_adr_o~31.in[2] (.names)                                              1.338    42.769
top^icpu_adr_o~31.out[0] (.names)                                             0.261    43.030
out:top^icpu_adr_o~31.outpad[0] (.output)                                     1.338    44.367
data arrival time                                                                      44.367

clock top^clk (rise edge)                                                     0.000     0.000
clock source latency                                                          0.000     0.000
clock uncertainty                                                             0.000     0.000
output external delay                                                         0.000     0.000
data required time                                                                      0.000
---------------------------------------------------------------------------------------------
data required time                                                                      0.000
data arrival time                                                                     -44.367
---------------------------------------------------------------------------------------------
slack (VIOLATED)                                                                      -44.367


#Path 68
Startpoint: top.or1200_operandmuxes+or1200_operandmuxes^FF_NODE~1353.Q[0] (.latch clocked by top^clk)
Endpoint  : out:top^rf_dataw~26.outpad[0] (.output clocked by top^clk)
Path Type : setup

Point                                                                                           Incr      Path
--------------------------------------------------------------------------------------------------------------
clock top^clk (rise edge)                                                                      0.000     0.000
clock source latency                                                                           0.000     0.000
top^clk.inpad[0] (.input)                                                                      0.000     0.000
top.or1200_operandmuxes+or1200_operandmuxes^FF_NODE~1353.clk[0] (.latch)                       1.338     1.338
top.or1200_operandmuxes+or1200_operandmuxes^FF_NODE~1353.Q[0] (.latch) [clock-to-output]       0.124     1.462
n4081_1.in[0] (.names)                                                                         1.338     2.800
n4081_1.out[0] (.names)                                                                        0.261     3.061
n4112_1.in[4] (.names)                                                                         1.338     4.398
n4112_1.out[0] (.names)                                                                        0.261     4.659
n4148.in[4] (.names)                                                                           1.338     5.997
n4148.out[0] (.names)                                                                          0.261     6.258
n4166_1.in[2] (.names)                                                                         1.338     7.596
n4166_1.out[0] (.names)                                                                        0.261     7.857
n4185.in[2] (.names)                                                                           1.338     9.195
n4185.out[0] (.names)                                                                          0.261     9.456
n4201_1.in[2] (.names)                                                                         1.338    10.793
n4201_1.out[0] (.names)                                                                        0.261    11.054
n4217_1.in[2] (.names)                                                                         1.338    12.392
n4217_1.out[0] (.names)                                                                        0.261    12.653
n4233.in[2] (.names)                                                                           1.338    13.991
n4233.out[0] (.names)                                                                          0.261    14.252
n4248.in[2] (.names)                                                                           1.338    15.590
n4248.out[0] (.names)                                                                          0.261    15.851
n4263.in[2] (.names)                                                                           1.338    17.188
n4263.out[0] (.names)                                                                          0.261    17.449
n4280.in[2] (.names)                                                                           1.338    18.787
n4280.out[0] (.names)                                                                          0.261    19.048
n4295.in[2] (.names)                                                                           1.338    20.386
n4295.out[0] (.names)                                                                          0.261    20.647
n4321_1.in[2] (.names)                                                                         1.338    21.985
n4321_1.out[0] (.names)                                                                        0.261    22.246
n4339.in[2] (.names)                                                                           1.338    23.584
n4339.out[0] (.names)                                                                          0.261    23.845
n4359.in[2] (.names)                                                                           1.338    25.182
n4359.out[0] (.names)                                                                          0.261    25.443
n4377_1.in[2] (.names)                                                                         1.338    26.781
n4377_1.out[0] (.names)                                                                        0.261    27.042
n4397_1.in[2] (.names)                                                                         1.338    28.380
n4397_1.out[0] (.names)                                                                        0.261    28.641
n4415.in[2] (.names)                                                                           1.338    29.979
n4415.out[0] (.names)                                                                          0.261    30.240
n4434.in[2] (.names)                                                                           1.338    31.577
n4434.out[0] (.names)                                                                          0.261    31.838
n4452_1.in[2] (.names)                                                                         1.338    33.176
n4452_1.out[0] (.names)                                                                        0.261    33.437
n4476_1.in[2] (.names)                                                                         1.338    34.775
n4476_1.out[0] (.names)                                                                        0.261    35.036
n4495.in[2] (.names)                                                                           1.338    36.374
n4495.out[0] (.names)                                                                          0.261    36.635
n4494.in[3] (.names)                                                                           1.338    37.972
n4494.out[0] (.names)                                                                          0.261    38.233
n4493.in[1] (.names)                                                                           1.338    39.571
n4493.out[0] (.names)                                                                          0.261    39.832
n4489.in[4] (.names)                                                                           1.338    41.170
n4489.out[0] (.names)                                                                          0.261    41.431
top^rf_dataw~26.in[3] (.names)                                                                 1.338    42.769
top^rf_dataw~26.out[0] (.names)                                                                0.261    43.030
out:top^rf_dataw~26.outpad[0] (.output)                                                        1.338    44.367
data arrival time                                                                                       44.367

clock top^clk (rise edge)                                                                      0.000     0.000
clock source latency                                                                           0.000     0.000
clock uncertainty                                                                              0.000     0.000
output external delay                                                                          0.000     0.000
data required time                                                                                       0.000
--------------------------------------------------------------------------------------------------------------
data required time                                                                                       0.000
data arrival time                                                                                      -44.367
--------------------------------------------------------------------------------------------------------------
slack (VIOLATED)                                                                                       -44.367


#Path 69
Startpoint: top.or1200_operandmuxes+or1200_operandmuxes^FF_NODE~1353.Q[0] (.latch clocked by top^clk)
Endpoint  : top.or1200_rf+or1200_rf.dual_port_ram+rf_a^out2~28.data2[0] (dual_port_ram clocked by top^clk)
Path Type : setup

Point                                                                                              Incr      Path
-----------------------------------------------------------------------------------------------------------------
clock top^clk (rise edge)                                                                         0.000     0.000
clock source latency                                                                              0.000     0.000
top^clk.inpad[0] (.input)                                                                         0.000     0.000
top.or1200_operandmuxes+or1200_operandmuxes^FF_NODE~1353.clk[0] (.latch)                          1.338     1.338
top.or1200_operandmuxes+or1200_operandmuxes^FF_NODE~1353.Q[0] (.latch) [clock-to-output]          0.124     1.462
n4066_1.in[0] (.names)                                                                            1.338     2.800
n4066_1.out[0] (.names)                                                                           0.261     3.061
n4110.in[4] (.names)                                                                              1.338     4.398
n4110.out[0] (.names)                                                                             0.261     4.659
n4145.in[4] (.names)                                                                              1.338     5.997
n4145.out[0] (.names)                                                                             0.261     6.258
n4163.in[2] (.names)                                                                              1.338     7.596
n4163.out[0] (.names)                                                                             0.261     7.857
n4183.in[2] (.names)                                                                              1.338     9.195
n4183.out[0] (.names)                                                                             0.261     9.456
n4199.in[2] (.names)                                                                              1.338    10.793
n4199.out[0] (.names)                                                                             0.261    11.054
n4215.in[2] (.names)                                                                              1.338    12.392
n4215.out[0] (.names)                                                                             0.261    12.653
n4231_1.in[2] (.names)                                                                            1.338    13.991
n4231_1.out[0] (.names)                                                                           0.261    14.252
n4246_1.in[2] (.names)                                                                            1.338    15.590
n4246_1.out[0] (.names)                                                                           0.261    15.851
n4261_1.in[2] (.names)                                                                            1.338    17.188
n4261_1.out[0] (.names)                                                                           0.261    17.449
n4278.in[2] (.names)                                                                              1.338    18.787
n4278.out[0] (.names)                                                                             0.261    19.048
n4293.in[2] (.names)                                                                              1.338    20.386
n4293.out[0] (.names)                                                                             0.261    20.647
n4319.in[2] (.names)                                                                              1.338    21.985
n4319.out[0] (.names)                                                                             0.261    22.246
n4337_1.in[2] (.names)                                                                            1.338    23.584
n4337_1.out[0] (.names)                                                                           0.261    23.845
n4357_1.in[2] (.names)                                                                            1.338    25.182
n4357_1.out[0] (.names)                                                                           0.261    25.443
n4375.in[2] (.names)                                                                              1.338    26.781
n4375.out[0] (.names)                                                                             0.261    27.042
n4395.in[2] (.names)                                                                              1.338    28.380
n4395.out[0] (.names)                                                                             0.261    28.641
n4413.in[2] (.names)                                                                              1.338    29.979
n4413.out[0] (.names)                                                                             0.261    30.240
n4450.in[4] (.names)                                                                              1.338    31.577
n4450.out[0] (.names)                                                                             0.261    31.838
n4474.in[2] (.names)                                                                              1.338    33.176
n4474.out[0] (.names)                                                                             0.261    33.437
n4473.in[2] (.names)                                                                              1.338    34.775
n4473.out[0] (.names)                                                                             0.261    35.036
n4490.in[1] (.names)                                                                              1.338    36.374
n4490.out[0] (.names)                                                                             0.261    36.635
n4509.in[0] (.names)                                                                              1.338    37.972
n4509.out[0] (.names)                                                                             0.261    38.233
n4526_1.in[4] (.names)                                                                            1.338    39.571
n4526_1.out[0] (.names)                                                                           0.261    39.832
n4525.in[1] (.names)                                                                              1.338    41.170
n4525.out[0] (.names)                                                                             0.261    41.431
top.or1200_rf+or1200_rf^MULTI_PORT_MUX~1103^MUX_2~8458.in[1] (.names)                             1.338    42.769
top.or1200_rf+or1200_rf^MULTI_PORT_MUX~1103^MUX_2~8458.out[0] (.names)                            0.261    43.030
top.or1200_rf+or1200_rf.dual_port_ram+rf_a^out2~28.data2[0] (dual_port_ram)                       1.338    44.367
data arrival time                                                                                          44.367

clock top^clk (rise edge)                                                                         0.000     0.000
clock source latency                                                                              0.000     0.000
top^clk.inpad[0] (.input)                                                                         0.000     0.000
top.or1200_rf+or1200_rf.dual_port_ram+rf_a^out2~28.clk[0] (dual_port_ram)                         1.338     1.338
clock uncertainty                                                                                 0.000     1.338
cell setup time                                                                                  -0.509     0.829
data required time                                                                                          0.829
-----------------------------------------------------------------------------------------------------------------
data required time                                                                                          0.829
data arrival time                                                                                         -44.367
-----------------------------------------------------------------------------------------------------------------
slack (VIOLATED)                                                                                          -43.539


#Path 70
Startpoint: top.or1200_operandmuxes+or1200_operandmuxes^FF_NODE~1353.Q[0] (.latch clocked by top^clk)
Endpoint  : top.or1200_rf+or1200_rf.dual_port_ram+rf_b^out2~28.data2[0] (dual_port_ram clocked by top^clk)
Path Type : setup

Point                                                                                              Incr      Path
-----------------------------------------------------------------------------------------------------------------
clock top^clk (rise edge)                                                                         0.000     0.000
clock source latency                                                                              0.000     0.000
top^clk.inpad[0] (.input)                                                                         0.000     0.000
top.or1200_operandmuxes+or1200_operandmuxes^FF_NODE~1353.clk[0] (.latch)                          1.338     1.338
top.or1200_operandmuxes+or1200_operandmuxes^FF_NODE~1353.Q[0] (.latch) [clock-to-output]          0.124     1.462
n4066_1.in[0] (.names)                                                                            1.338     2.800
n4066_1.out[0] (.names)                                                                           0.261     3.061
n4110.in[4] (.names)                                                                              1.338     4.398
n4110.out[0] (.names)                                                                             0.261     4.659
n4145.in[4] (.names)                                                                              1.338     5.997
n4145.out[0] (.names)                                                                             0.261     6.258
n4163.in[2] (.names)                                                                              1.338     7.596
n4163.out[0] (.names)                                                                             0.261     7.857
n4183.in[2] (.names)                                                                              1.338     9.195
n4183.out[0] (.names)                                                                             0.261     9.456
n4199.in[2] (.names)                                                                              1.338    10.793
n4199.out[0] (.names)                                                                             0.261    11.054
n4215.in[2] (.names)                                                                              1.338    12.392
n4215.out[0] (.names)                                                                             0.261    12.653
n4231_1.in[2] (.names)                                                                            1.338    13.991
n4231_1.out[0] (.names)                                                                           0.261    14.252
n4246_1.in[2] (.names)                                                                            1.338    15.590
n4246_1.out[0] (.names)                                                                           0.261    15.851
n4261_1.in[2] (.names)                                                                            1.338    17.188
n4261_1.out[0] (.names)                                                                           0.261    17.449
n4278.in[2] (.names)                                                                              1.338    18.787
n4278.out[0] (.names)                                                                             0.261    19.048
n4293.in[2] (.names)                                                                              1.338    20.386
n4293.out[0] (.names)                                                                             0.261    20.647
n4319.in[2] (.names)                                                                              1.338    21.985
n4319.out[0] (.names)                                                                             0.261    22.246
n4337_1.in[2] (.names)                                                                            1.338    23.584
n4337_1.out[0] (.names)                                                                           0.261    23.845
n4357_1.in[2] (.names)                                                                            1.338    25.182
n4357_1.out[0] (.names)                                                                           0.261    25.443
n4375.in[2] (.names)                                                                              1.338    26.781
n4375.out[0] (.names)                                                                             0.261    27.042
n4395.in[2] (.names)                                                                              1.338    28.380
n4395.out[0] (.names)                                                                             0.261    28.641
n4413.in[2] (.names)                                                                              1.338    29.979
n4413.out[0] (.names)                                                                             0.261    30.240
n4450.in[4] (.names)                                                                              1.338    31.577
n4450.out[0] (.names)                                                                             0.261    31.838
n4474.in[2] (.names)                                                                              1.338    33.176
n4474.out[0] (.names)                                                                             0.261    33.437
n4473.in[2] (.names)                                                                              1.338    34.775
n4473.out[0] (.names)                                                                             0.261    35.036
n4490.in[1] (.names)                                                                              1.338    36.374
n4490.out[0] (.names)                                                                             0.261    36.635
n4509.in[0] (.names)                                                                              1.338    37.972
n4509.out[0] (.names)                                                                             0.261    38.233
n4526_1.in[4] (.names)                                                                            1.338    39.571
n4526_1.out[0] (.names)                                                                           0.261    39.832
n4525.in[1] (.names)                                                                              1.338    41.170
n4525.out[0] (.names)                                                                             0.261    41.431
top.or1200_rf+or1200_rf^MULTI_PORT_MUX~1103^MUX_2~8458.in[1] (.names)                             1.338    42.769
top.or1200_rf+or1200_rf^MULTI_PORT_MUX~1103^MUX_2~8458.out[0] (.names)                            0.261    43.030
top.or1200_rf+or1200_rf.dual_port_ram+rf_b^out2~28.data2[0] (dual_port_ram)                       1.338    44.367
data arrival time                                                                                          44.367

clock top^clk (rise edge)                                                                         0.000     0.000
clock source latency                                                                              0.000     0.000
top^clk.inpad[0] (.input)                                                                         0.000     0.000
top.or1200_rf+or1200_rf.dual_port_ram+rf_b^out2~28.clk[0] (dual_port_ram)                         1.338     1.338
clock uncertainty                                                                                 0.000     1.338
cell setup time                                                                                  -0.509     0.829
data required time                                                                                          0.829
-----------------------------------------------------------------------------------------------------------------
data required time                                                                                          0.829
data arrival time                                                                                         -44.367
-----------------------------------------------------------------------------------------------------------------
slack (VIOLATED)                                                                                          -43.539


#Path 71
Startpoint: top.or1200_operandmuxes+or1200_operandmuxes^FF_NODE~1353.Q[0] (.latch clocked by top^clk)
Endpoint  : top.or1200_rf+or1200_rf.dual_port_ram+rf_b^out2~27.data2[0] (dual_port_ram clocked by top^clk)
Path Type : setup

Point                                                                                              Incr      Path
-----------------------------------------------------------------------------------------------------------------
clock top^clk (rise edge)                                                                         0.000     0.000
clock source latency                                                                              0.000     0.000
top^clk.inpad[0] (.input)                                                                         0.000     0.000
top.or1200_operandmuxes+or1200_operandmuxes^FF_NODE~1353.clk[0] (.latch)                          1.338     1.338
top.or1200_operandmuxes+or1200_operandmuxes^FF_NODE~1353.Q[0] (.latch) [clock-to-output]          0.124     1.462
n4066_1.in[0] (.names)                                                                            1.338     2.800
n4066_1.out[0] (.names)                                                                           0.261     3.061
n4110.in[4] (.names)                                                                              1.338     4.398
n4110.out[0] (.names)                                                                             0.261     4.659
n4145.in[4] (.names)                                                                              1.338     5.997
n4145.out[0] (.names)                                                                             0.261     6.258
n4163.in[2] (.names)                                                                              1.338     7.596
n4163.out[0] (.names)                                                                             0.261     7.857
n4183.in[2] (.names)                                                                              1.338     9.195
n4183.out[0] (.names)                                                                             0.261     9.456
n4199.in[2] (.names)                                                                              1.338    10.793
n4199.out[0] (.names)                                                                             0.261    11.054
n4215.in[2] (.names)                                                                              1.338    12.392
n4215.out[0] (.names)                                                                             0.261    12.653
n4231_1.in[2] (.names)                                                                            1.338    13.991
n4231_1.out[0] (.names)                                                                           0.261    14.252
n4246_1.in[2] (.names)                                                                            1.338    15.590
n4246_1.out[0] (.names)                                                                           0.261    15.851
n4261_1.in[2] (.names)                                                                            1.338    17.188
n4261_1.out[0] (.names)                                                                           0.261    17.449
n4278.in[2] (.names)                                                                              1.338    18.787
n4278.out[0] (.names)                                                                             0.261    19.048
n4293.in[2] (.names)                                                                              1.338    20.386
n4293.out[0] (.names)                                                                             0.261    20.647
n4319.in[2] (.names)                                                                              1.338    21.985
n4319.out[0] (.names)                                                                             0.261    22.246
n4337_1.in[2] (.names)                                                                            1.338    23.584
n4337_1.out[0] (.names)                                                                           0.261    23.845
n4357_1.in[2] (.names)                                                                            1.338    25.182
n4357_1.out[0] (.names)                                                                           0.261    25.443
n4375.in[2] (.names)                                                                              1.338    26.781
n4375.out[0] (.names)                                                                             0.261    27.042
n4395.in[2] (.names)                                                                              1.338    28.380
n4395.out[0] (.names)                                                                             0.261    28.641
n4413.in[2] (.names)                                                                              1.338    29.979
n4413.out[0] (.names)                                                                             0.261    30.240
n4450.in[4] (.names)                                                                              1.338    31.577
n4450.out[0] (.names)                                                                             0.261    31.838
n4474.in[2] (.names)                                                                              1.338    33.176
n4474.out[0] (.names)                                                                             0.261    33.437
n4473.in[2] (.names)                                                                              1.338    34.775
n4473.out[0] (.names)                                                                             0.261    35.036
n4490.in[1] (.names)                                                                              1.338    36.374
n4490.out[0] (.names)                                                                             0.261    36.635
n4509.in[0] (.names)                                                                              1.338    37.972
n4509.out[0] (.names)                                                                             0.261    38.233
n4508.in[2] (.names)                                                                              1.338    39.571
n4508.out[0] (.names)                                                                             0.261    39.832
n4507_1.in[3] (.names)                                                                            1.338    41.170
n4507_1.out[0] (.names)                                                                           0.261    41.431
top.or1200_rf+or1200_rf^MULTI_PORT_MUX~1103^MUX_2~8457.in[1] (.names)                             1.338    42.769
top.or1200_rf+or1200_rf^MULTI_PORT_MUX~1103^MUX_2~8457.out[0] (.names)                            0.261    43.030
top.or1200_rf+or1200_rf.dual_port_ram+rf_b^out2~27.data2[0] (dual_port_ram)                       1.338    44.367
data arrival time                                                                                          44.367

clock top^clk (rise edge)                                                                         0.000     0.000
clock source latency                                                                              0.000     0.000
top^clk.inpad[0] (.input)                                                                         0.000     0.000
top.or1200_rf+or1200_rf.dual_port_ram+rf_b^out2~27.clk[0] (dual_port_ram)                         1.338     1.338
clock uncertainty                                                                                 0.000     1.338
cell setup time                                                                                  -0.509     0.829
data required time                                                                                          0.829
-----------------------------------------------------------------------------------------------------------------
data required time                                                                                          0.829
data arrival time                                                                                         -44.367
-----------------------------------------------------------------------------------------------------------------
slack (VIOLATED)                                                                                          -43.539


#Path 72
Startpoint: top.or1200_operandmuxes+or1200_operandmuxes^FF_NODE~1353.Q[0] (.latch clocked by top^clk)
Endpoint  : top.or1200_rf+or1200_rf.dual_port_ram+rf_a^out2~27.data2[0] (dual_port_ram clocked by top^clk)
Path Type : setup

Point                                                                                              Incr      Path
-----------------------------------------------------------------------------------------------------------------
clock top^clk (rise edge)                                                                         0.000     0.000
clock source latency                                                                              0.000     0.000
top^clk.inpad[0] (.input)                                                                         0.000     0.000
top.or1200_operandmuxes+or1200_operandmuxes^FF_NODE~1353.clk[0] (.latch)                          1.338     1.338
top.or1200_operandmuxes+or1200_operandmuxes^FF_NODE~1353.Q[0] (.latch) [clock-to-output]          0.124     1.462
n4066_1.in[0] (.names)                                                                            1.338     2.800
n4066_1.out[0] (.names)                                                                           0.261     3.061
n4110.in[4] (.names)                                                                              1.338     4.398
n4110.out[0] (.names)                                                                             0.261     4.659
n4145.in[4] (.names)                                                                              1.338     5.997
n4145.out[0] (.names)                                                                             0.261     6.258
n4163.in[2] (.names)                                                                              1.338     7.596
n4163.out[0] (.names)                                                                             0.261     7.857
n4183.in[2] (.names)                                                                              1.338     9.195
n4183.out[0] (.names)                                                                             0.261     9.456
n4199.in[2] (.names)                                                                              1.338    10.793
n4199.out[0] (.names)                                                                             0.261    11.054
n4215.in[2] (.names)                                                                              1.338    12.392
n4215.out[0] (.names)                                                                             0.261    12.653
n4231_1.in[2] (.names)                                                                            1.338    13.991
n4231_1.out[0] (.names)                                                                           0.261    14.252
n4246_1.in[2] (.names)                                                                            1.338    15.590
n4246_1.out[0] (.names)                                                                           0.261    15.851
n4261_1.in[2] (.names)                                                                            1.338    17.188
n4261_1.out[0] (.names)                                                                           0.261    17.449
n4278.in[2] (.names)                                                                              1.338    18.787
n4278.out[0] (.names)                                                                             0.261    19.048
n4293.in[2] (.names)                                                                              1.338    20.386
n4293.out[0] (.names)                                                                             0.261    20.647
n4319.in[2] (.names)                                                                              1.338    21.985
n4319.out[0] (.names)                                                                             0.261    22.246
n4337_1.in[2] (.names)                                                                            1.338    23.584
n4337_1.out[0] (.names)                                                                           0.261    23.845
n4357_1.in[2] (.names)                                                                            1.338    25.182
n4357_1.out[0] (.names)                                                                           0.261    25.443
n4375.in[2] (.names)                                                                              1.338    26.781
n4375.out[0] (.names)                                                                             0.261    27.042
n4395.in[2] (.names)                                                                              1.338    28.380
n4395.out[0] (.names)                                                                             0.261    28.641
n4413.in[2] (.names)                                                                              1.338    29.979
n4413.out[0] (.names)                                                                             0.261    30.240
n4450.in[4] (.names)                                                                              1.338    31.577
n4450.out[0] (.names)                                                                             0.261    31.838
n4474.in[2] (.names)                                                                              1.338    33.176
n4474.out[0] (.names)                                                                             0.261    33.437
n4473.in[2] (.names)                                                                              1.338    34.775
n4473.out[0] (.names)                                                                             0.261    35.036
n4490.in[1] (.names)                                                                              1.338    36.374
n4490.out[0] (.names)                                                                             0.261    36.635
n4509.in[0] (.names)                                                                              1.338    37.972
n4509.out[0] (.names)                                                                             0.261    38.233
n4508.in[2] (.names)                                                                              1.338    39.571
n4508.out[0] (.names)                                                                             0.261    39.832
n4507_1.in[3] (.names)                                                                            1.338    41.170
n4507_1.out[0] (.names)                                                                           0.261    41.431
top.or1200_rf+or1200_rf^MULTI_PORT_MUX~1103^MUX_2~8457.in[1] (.names)                             1.338    42.769
top.or1200_rf+or1200_rf^MULTI_PORT_MUX~1103^MUX_2~8457.out[0] (.names)                            0.261    43.030
top.or1200_rf+or1200_rf.dual_port_ram+rf_a^out2~27.data2[0] (dual_port_ram)                       1.338    44.367
data arrival time                                                                                          44.367

clock top^clk (rise edge)                                                                         0.000     0.000
clock source latency                                                                              0.000     0.000
top^clk.inpad[0] (.input)                                                                         0.000     0.000
top.or1200_rf+or1200_rf.dual_port_ram+rf_a^out2~27.clk[0] (dual_port_ram)                         1.338     1.338
clock uncertainty                                                                                 0.000     1.338
cell setup time                                                                                  -0.509     0.829
data required time                                                                                          0.829
-----------------------------------------------------------------------------------------------------------------
data required time                                                                                          0.829
data arrival time                                                                                         -44.367
-----------------------------------------------------------------------------------------------------------------
slack (VIOLATED)                                                                                          -43.539


#Path 73
Startpoint: top.or1200_operandmuxes+or1200_operandmuxes^FF_NODE~1353.Q[0] (.latch clocked by top^clk)
Endpoint  : top.or1200_operandmuxes+or1200_operandmuxes^FF_NODE~1323.D[0] (.latch clocked by top^clk)
Path Type : setup

Point                                                                                           Incr      Path
--------------------------------------------------------------------------------------------------------------
clock top^clk (rise edge)                                                                      0.000     0.000
clock source latency                                                                           0.000     0.000
top^clk.inpad[0] (.input)                                                                      0.000     0.000
top.or1200_operandmuxes+or1200_operandmuxes^FF_NODE~1353.clk[0] (.latch)                       1.338     1.338
top.or1200_operandmuxes+or1200_operandmuxes^FF_NODE~1353.Q[0] (.latch) [clock-to-output]       0.124     1.462
n4066_1.in[0] (.names)                                                                         1.338     2.800
n4066_1.out[0] (.names)                                                                        0.261     3.061
n4110.in[4] (.names)                                                                           1.338     4.398
n4110.out[0] (.names)                                                                          0.261     4.659
n4145.in[4] (.names)                                                                           1.338     5.997
n4145.out[0] (.names)                                                                          0.261     6.258
n4163.in[2] (.names)                                                                           1.338     7.596
n4163.out[0] (.names)                                                                          0.261     7.857
n4183.in[2] (.names)                                                                           1.338     9.195
n4183.out[0] (.names)                                                                          0.261     9.456
n4199.in[2] (.names)                                                                           1.338    10.793
n4199.out[0] (.names)                                                                          0.261    11.054
n4215.in[2] (.names)                                                                           1.338    12.392
n4215.out[0] (.names)                                                                          0.261    12.653
n4231_1.in[2] (.names)                                                                         1.338    13.991
n4231_1.out[0] (.names)                                                                        0.261    14.252
n4246_1.in[2] (.names)                                                                         1.338    15.590
n4246_1.out[0] (.names)                                                                        0.261    15.851
n4261_1.in[2] (.names)                                                                         1.338    17.188
n4261_1.out[0] (.names)                                                                        0.261    17.449
n4278.in[2] (.names)                                                                           1.338    18.787
n4278.out[0] (.names)                                                                          0.261    19.048
n4293.in[2] (.names)                                                                           1.338    20.386
n4293.out[0] (.names)                                                                          0.261    20.647
n4319.in[2] (.names)                                                                           1.338    21.985
n4319.out[0] (.names)                                                                          0.261    22.246
n4337_1.in[2] (.names)                                                                         1.338    23.584
n4337_1.out[0] (.names)                                                                        0.261    23.845
n4357_1.in[2] (.names)                                                                         1.338    25.182
n4357_1.out[0] (.names)                                                                        0.261    25.443
n4375.in[2] (.names)                                                                           1.338    26.781
n4375.out[0] (.names)                                                                          0.261    27.042
n4395.in[2] (.names)                                                                           1.338    28.380
n4395.out[0] (.names)                                                                          0.261    28.641
n4413.in[2] (.names)                                                                           1.338    29.979
n4413.out[0] (.names)                                                                          0.261    30.240
n4450.in[4] (.names)                                                                           1.338    31.577
n4450.out[0] (.names)                                                                          0.261    31.838
n4474.in[2] (.names)                                                                           1.338    33.176
n4474.out[0] (.names)                                                                          0.261    33.437
n4473.in[2] (.names)                                                                           1.338    34.775
n4473.out[0] (.names)                                                                          0.261    35.036
n4490.in[1] (.names)                                                                           1.338    36.374
n4490.out[0] (.names)                                                                          0.261    36.635
n4509.in[0] (.names)                                                                           1.338    37.972
n4509.out[0] (.names)                                                                          0.261    38.233
n4526_1.in[4] (.names)                                                                         1.338    39.571
n4526_1.out[0] (.names)                                                                        0.261    39.832
n4525.in[1] (.names)                                                                           1.338    41.170
n4525.out[0] (.names)                                                                          0.261    41.431
n1741.in[2] (.names)                                                                           1.338    42.769
n1741.out[0] (.names)                                                                          0.261    43.030
top.or1200_operandmuxes+or1200_operandmuxes^FF_NODE~1323.D[0] (.latch)                         1.338    44.367
data arrival time                                                                                       44.367

clock top^clk (rise edge)                                                                      0.000     0.000
clock source latency                                                                           0.000     0.000
top^clk.inpad[0] (.input)                                                                      0.000     0.000
top.or1200_operandmuxes+or1200_operandmuxes^FF_NODE~1323.clk[0] (.latch)                       1.338     1.338
clock uncertainty                                                                              0.000     1.338
cell setup time                                                                               -0.066     1.272
data required time                                                                                       1.272
--------------------------------------------------------------------------------------------------------------
data required time                                                                                       1.272
data arrival time                                                                                      -44.367
--------------------------------------------------------------------------------------------------------------
slack (VIOLATED)                                                                                       -43.096


#Path 74
Startpoint: top.or1200_mult_mac+or1200_mult_mac^FF_NODE~2208.Q[0] (.latch clocked by top^clk)
Endpoint  : top.or1200_mult_mac+or1200_mult_mac^FF_NODE~2311.D[0] (.latch clocked by top^clk)
Path Type : setup

Point                                                                                   Incr      Path
------------------------------------------------------------------------------------------------------
clock top^clk (rise edge)                                                              0.000     0.000
clock source latency                                                                   0.000     0.000
top^clk.inpad[0] (.input)                                                              0.000     0.000
top.or1200_mult_mac+or1200_mult_mac^FF_NODE~2208.clk[0] (.latch)                       1.338     1.338
top.or1200_mult_mac+or1200_mult_mac^FF_NODE~2208.Q[0] (.latch) [clock-to-output]       0.124     1.462
n5345.in[0] (.names)                                                                   1.338     2.800
n5345.out[0] (.names)                                                                  0.261     3.061
n5344.in[4] (.names)                                                                   1.338     4.398
n5344.out[0] (.names)                                                                  0.261     4.659
n5342.in[5] (.names)                                                                   1.338     5.997
n5342.out[0] (.names)                                                                  0.261     6.258
n5340.in[5] (.names)                                                                   1.338     7.596
n5340.out[0] (.names)                                                                  0.261     7.857
n5338.in[5] (.names)                                                                   1.338     9.195
n5338.out[0] (.names)                                                                  0.261     9.456
n5336.in[5] (.names)                                                                   1.338    10.793
n5336.out[0] (.names)                                                                  0.261    11.054
n5334.in[5] (.names)                                                                   1.338    12.392
n5334.out[0] (.names)                                                                  0.261    12.653
n5332.in[5] (.names)                                                                   1.338    13.991
n5332.out[0] (.names)                                                                  0.261    14.252
n5330.in[5] (.names)                                                                   1.338    15.590
n5330.out[0] (.names)                                                                  0.261    15.851
n5328.in[5] (.names)                                                                   1.338    17.188
n5328.out[0] (.names)                                                                  0.261    17.449
n5326.in[5] (.names)                                                                   1.338    18.787
n5326.out[0] (.names)                                                                  0.261    19.048
n5324.in[5] (.names)                                                                   1.338    20.386
n5324.out[0] (.names)                                                                  0.261    20.647
n5322.in[5] (.names)                                                                   1.338    21.985
n5322.out[0] (.names)                                                                  0.261    22.246
n5320.in[5] (.names)                                                                   1.338    23.584
n5320.out[0] (.names)                                                                  0.261    23.845
n5318.in[5] (.names)                                                                   1.338    25.182
n5318.out[0] (.names)                                                                  0.261    25.443
n5316.in[5] (.names)                                                                   1.338    26.781
n5316.out[0] (.names)                                                                  0.261    27.042
n5314.in[5] (.names)                                                                   1.338    28.380
n5314.out[0] (.names)                                                                  0.261    28.641
n5312.in[5] (.names)                                                                   1.338    29.979
n5312.out[0] (.names)                                                                  0.261    30.240
n5310.in[5] (.names)                                                                   1.338    31.577
n5310.out[0] (.names)                                                                  0.261    31.838
n5308.in[5] (.names)                                                                   1.338    33.176
n5308.out[0] (.names)                                                                  0.261    33.437
n5306.in[5] (.names)                                                                   1.338    34.775
n5306.out[0] (.names)                                                                  0.261    35.036
n5304.in[5] (.names)                                                                   1.338    36.374
n5304.out[0] (.names)                                                                  0.261    36.635
n5302.in[5] (.names)                                                                   1.338    37.972
n5302.out[0] (.names)                                                                  0.261    38.233
n5418.in[5] (.names)                                                                   1.338    39.571
n5418.out[0] (.names)                                                                  0.261    39.832
n5417.in[5] (.names)                                                                   1.338    41.170
n5417.out[0] (.names)                                                                  0.261    41.431
n2211.in[5] (.names)                                                                   1.338    42.769
n2211.out[0] (.names)                                                                  0.261    43.030
top.or1200_mult_mac+or1200_mult_mac^FF_NODE~2311.D[0] (.latch)                         1.338    44.367
data arrival time                                                                               44.367

clock top^clk (rise edge)                                                              0.000     0.000
clock source latency                                                                   0.000     0.000
top^clk.inpad[0] (.input)                                                              0.000     0.000
top.or1200_mult_mac+or1200_mult_mac^FF_NODE~2311.clk[0] (.latch)                       1.338     1.338
clock uncertainty                                                                      0.000     1.338
cell setup time                                                                       -0.066     1.272
data required time                                                                               1.272
------------------------------------------------------------------------------------------------------
data required time                                                                               1.272
data arrival time                                                                              -44.367
------------------------------------------------------------------------------------------------------
slack (VIOLATED)                                                                               -43.096


#Path 75
Startpoint: top.or1200_mult_mac+or1200_mult_mac^FF_NODE~2208.Q[0] (.latch clocked by top^clk)
Endpoint  : top.or1200_mult_mac+or1200_mult_mac^FF_NODE~2308.D[0] (.latch clocked by top^clk)
Path Type : setup

Point                                                                                   Incr      Path
------------------------------------------------------------------------------------------------------
clock top^clk (rise edge)                                                              0.000     0.000
clock source latency                                                                   0.000     0.000
top^clk.inpad[0] (.input)                                                              0.000     0.000
top.or1200_mult_mac+or1200_mult_mac^FF_NODE~2208.clk[0] (.latch)                       1.338     1.338
top.or1200_mult_mac+or1200_mult_mac^FF_NODE~2208.Q[0] (.latch) [clock-to-output]       0.124     1.462
n5345.in[0] (.names)                                                                   1.338     2.800
n5345.out[0] (.names)                                                                  0.261     3.061
n5344.in[4] (.names)                                                                   1.338     4.398
n5344.out[0] (.names)                                                                  0.261     4.659
n5342.in[5] (.names)                                                                   1.338     5.997
n5342.out[0] (.names)                                                                  0.261     6.258
n5340.in[5] (.names)                                                                   1.338     7.596
n5340.out[0] (.names)                                                                  0.261     7.857
n5338.in[5] (.names)                                                                   1.338     9.195
n5338.out[0] (.names)                                                                  0.261     9.456
n5336.in[5] (.names)                                                                   1.338    10.793
n5336.out[0] (.names)                                                                  0.261    11.054
n5334.in[5] (.names)                                                                   1.338    12.392
n5334.out[0] (.names)                                                                  0.261    12.653
n5332.in[5] (.names)                                                                   1.338    13.991
n5332.out[0] (.names)                                                                  0.261    14.252
n5330.in[5] (.names)                                                                   1.338    15.590
n5330.out[0] (.names)                                                                  0.261    15.851
n5328.in[5] (.names)                                                                   1.338    17.188
n5328.out[0] (.names)                                                                  0.261    17.449
n5326.in[5] (.names)                                                                   1.338    18.787
n5326.out[0] (.names)                                                                  0.261    19.048
n5324.in[5] (.names)                                                                   1.338    20.386
n5324.out[0] (.names)                                                                  0.261    20.647
n5322.in[5] (.names)                                                                   1.338    21.985
n5322.out[0] (.names)                                                                  0.261    22.246
n5320.in[5] (.names)                                                                   1.338    23.584
n5320.out[0] (.names)                                                                  0.261    23.845
n5318.in[5] (.names)                                                                   1.338    25.182
n5318.out[0] (.names)                                                                  0.261    25.443
n5316.in[5] (.names)                                                                   1.338    26.781
n5316.out[0] (.names)                                                                  0.261    27.042
n5314.in[5] (.names)                                                                   1.338    28.380
n5314.out[0] (.names)                                                                  0.261    28.641
n5312.in[5] (.names)                                                                   1.338    29.979
n5312.out[0] (.names)                                                                  0.261    30.240
n5310.in[5] (.names)                                                                   1.338    31.577
n5310.out[0] (.names)                                                                  0.261    31.838
n5308.in[5] (.names)                                                                   1.338    33.176
n5308.out[0] (.names)                                                                  0.261    33.437
n5306.in[5] (.names)                                                                   1.338    34.775
n5306.out[0] (.names)                                                                  0.261    35.036
n5427.in[2] (.names)                                                                   1.338    36.374
n5427.out[0] (.names)                                                                  0.261    36.635
n5426.in[2] (.names)                                                                   1.338    37.972
n5426.out[0] (.names)                                                                  0.261    38.233
n5434.in[5] (.names)                                                                   1.338    39.571
n5434.out[0] (.names)                                                                  0.261    39.832
n5433.in[5] (.names)                                                                   1.338    41.170
n5433.out[0] (.names)                                                                  0.261    41.431
n2226.in[5] (.names)                                                                   1.338    42.769
n2226.out[0] (.names)                                                                  0.261    43.030
top.or1200_mult_mac+or1200_mult_mac^FF_NODE~2308.D[0] (.latch)                         1.338    44.367
data arrival time                                                                               44.367

clock top^clk (rise edge)                                                              0.000     0.000
clock source latency                                                                   0.000     0.000
top^clk.inpad[0] (.input)                                                              0.000     0.000
top.or1200_mult_mac+or1200_mult_mac^FF_NODE~2308.clk[0] (.latch)                       1.338     1.338
clock uncertainty                                                                      0.000     1.338
cell setup time                                                                       -0.066     1.272
data required time                                                                               1.272
------------------------------------------------------------------------------------------------------
data required time                                                                               1.272
data arrival time                                                                              -44.367
------------------------------------------------------------------------------------------------------
slack (VIOLATED)                                                                               -43.096


#Path 76
Startpoint: top.or1200_operandmuxes+or1200_operandmuxes^FF_NODE~1353.Q[0] (.latch clocked by top^clk)
Endpoint  : top.or1200_operandmuxes+or1200_operandmuxes^FF_NODE~1374.D[0] (.latch clocked by top^clk)
Path Type : setup

Point                                                                                           Incr      Path
--------------------------------------------------------------------------------------------------------------
clock top^clk (rise edge)                                                                      0.000     0.000
clock source latency                                                                           0.000     0.000
top^clk.inpad[0] (.input)                                                                      0.000     0.000
top.or1200_operandmuxes+or1200_operandmuxes^FF_NODE~1353.clk[0] (.latch)                       1.338     1.338
top.or1200_operandmuxes+or1200_operandmuxes^FF_NODE~1353.Q[0] (.latch) [clock-to-output]       0.124     1.462
n4066_1.in[0] (.names)                                                                         1.338     2.800
n4066_1.out[0] (.names)                                                                        0.261     3.061
n4110.in[4] (.names)                                                                           1.338     4.398
n4110.out[0] (.names)                                                                          0.261     4.659
n4145.in[4] (.names)                                                                           1.338     5.997
n4145.out[0] (.names)                                                                          0.261     6.258
n4163.in[2] (.names)                                                                           1.338     7.596
n4163.out[0] (.names)                                                                          0.261     7.857
n4183.in[2] (.names)                                                                           1.338     9.195
n4183.out[0] (.names)                                                                          0.261     9.456
n4199.in[2] (.names)                                                                           1.338    10.793
n4199.out[0] (.names)                                                                          0.261    11.054
n4215.in[2] (.names)                                                                           1.338    12.392
n4215.out[0] (.names)                                                                          0.261    12.653
n4231_1.in[2] (.names)                                                                         1.338    13.991
n4231_1.out[0] (.names)                                                                        0.261    14.252
n4246_1.in[2] (.names)                                                                         1.338    15.590
n4246_1.out[0] (.names)                                                                        0.261    15.851
n4261_1.in[2] (.names)                                                                         1.338    17.188
n4261_1.out[0] (.names)                                                                        0.261    17.449
n4278.in[2] (.names)                                                                           1.338    18.787
n4278.out[0] (.names)                                                                          0.261    19.048
n4293.in[2] (.names)                                                                           1.338    20.386
n4293.out[0] (.names)                                                                          0.261    20.647
n4319.in[2] (.names)                                                                           1.338    21.985
n4319.out[0] (.names)                                                                          0.261    22.246
n4337_1.in[2] (.names)                                                                         1.338    23.584
n4337_1.out[0] (.names)                                                                        0.261    23.845
n4357_1.in[2] (.names)                                                                         1.338    25.182
n4357_1.out[0] (.names)                                                                        0.261    25.443
n4375.in[2] (.names)                                                                           1.338    26.781
n4375.out[0] (.names)                                                                          0.261    27.042
n4395.in[2] (.names)                                                                           1.338    28.380
n4395.out[0] (.names)                                                                          0.261    28.641
n4413.in[2] (.names)                                                                           1.338    29.979
n4413.out[0] (.names)                                                                          0.261    30.240
n4450.in[4] (.names)                                                                           1.338    31.577
n4450.out[0] (.names)                                                                          0.261    31.838
n4474.in[2] (.names)                                                                           1.338    33.176
n4474.out[0] (.names)                                                                          0.261    33.437
n4473.in[2] (.names)                                                                           1.338    34.775
n4473.out[0] (.names)                                                                          0.261    35.036
n4490.in[1] (.names)                                                                           1.338    36.374
n4490.out[0] (.names)                                                                          0.261    36.635
n4509.in[0] (.names)                                                                           1.338    37.972
n4509.out[0] (.names)                                                                          0.261    38.233
n4526_1.in[4] (.names)                                                                         1.338    39.571
n4526_1.out[0] (.names)                                                                        0.261    39.832
n4525.in[1] (.names)                                                                           1.338    41.170
n4525.out[0] (.names)                                                                          0.261    41.431
n3481.in[2] (.names)                                                                           1.338    42.769
n3481.out[0] (.names)                                                                          0.261    43.030
top.or1200_operandmuxes+or1200_operandmuxes^FF_NODE~1374.D[0] (.latch)                         1.338    44.367
data arrival time                                                                                       44.367

clock top^clk (rise edge)                                                                      0.000     0.000
clock source latency                                                                           0.000     0.000
top^clk.inpad[0] (.input)                                                                      0.000     0.000
top.or1200_operandmuxes+or1200_operandmuxes^FF_NODE~1374.clk[0] (.latch)                       1.338     1.338
clock uncertainty                                                                              0.000     1.338
cell setup time                                                                               -0.066     1.272
data required time                                                                                       1.272
--------------------------------------------------------------------------------------------------------------
data required time                                                                                       1.272
data arrival time                                                                                      -44.367
--------------------------------------------------------------------------------------------------------------
slack (VIOLATED)                                                                                       -43.096


#Path 77
Startpoint: top.or1200_ctrl+or1200_ctrl^FF_NODE~690.Q[0] (.latch clocked by top^clk)
Endpoint  : top.or1200_genpc+or1200_genpc^FF_NODE~171.D[0] (.latch clocked by top^clk)
Path Type : setup

Point                                                                            Incr      Path
-----------------------------------------------------------------------------------------------
clock top^clk (rise edge)                                                       0.000     0.000
clock source latency                                                            0.000     0.000
top^clk.inpad[0] (.input)                                                       0.000     0.000
top.or1200_ctrl+or1200_ctrl^FF_NODE~690.clk[0] (.latch)                         1.338     1.338
top.or1200_ctrl+or1200_ctrl^FF_NODE~690.Q[0] (.latch) [clock-to-output]         0.124     1.462
n3483.in[0] (.names)                                                            1.338     2.800
n3483.out[0] (.names)                                                           0.261     3.061
n3490.in[2] (.names)                                                            1.338     4.398
n3490.out[0] (.names)                                                           0.261     4.659
n3507_1.in[4] (.names)                                                          1.338     5.997
n3507_1.out[0] (.names)                                                         0.261     6.258
n3517_1.in[2] (.names)                                                          1.338     7.596
n3517_1.out[0] (.names)                                                         0.261     7.857
n3534.in[4] (.names)                                                            1.338     9.195
n3534.out[0] (.names)                                                           0.261     9.456
n3543.in[2] (.names)                                                            1.338    10.793
n3543.out[0] (.names)                                                           0.261    11.054
n3552_1.in[2] (.names)                                                          1.338    12.392
n3552_1.out[0] (.names)                                                         0.261    12.653
n3561_1.in[2] (.names)                                                          1.338    13.991
n3561_1.out[0] (.names)                                                         0.261    14.252
n3571_1.in[2] (.names)                                                          1.338    15.590
n3571_1.out[0] (.names)                                                         0.261    15.851
n3580.in[2] (.names)                                                            1.338    17.188
n3580.out[0] (.names)                                                           0.261    17.449
n3590.in[2] (.names)                                                            1.338    18.787
n3590.out[0] (.names)                                                           0.261    19.048
n3599.in[2] (.names)                                                            1.338    20.386
n3599.out[0] (.names)                                                           0.261    20.647
n3609.in[2] (.names)                                                            1.338    21.985
n3609.out[0] (.names)                                                           0.261    22.246
n3618.in[2] (.names)                                                            1.338    23.584
n3618.out[0] (.names)                                                           0.261    23.845
n3628.in[2] (.names)                                                            1.338    25.182
n3628.out[0] (.names)                                                           0.261    25.443
n3637_1.in[2] (.names)                                                          1.338    26.781
n3637_1.out[0] (.names)                                                         0.261    27.042
n3647_1.in[2] (.names)                                                          1.338    28.380
n3647_1.out[0] (.names)                                                         0.261    28.641
n3656_1.in[2] (.names)                                                          1.338    29.979
n3656_1.out[0] (.names)                                                         0.261    30.240
n3666_1.in[2] (.names)                                                          1.338    31.577
n3666_1.out[0] (.names)                                                         0.261    31.838
n3675.in[2] (.names)                                                            1.338    33.176
n3675.out[0] (.names)                                                           0.261    33.437
n3685.in[2] (.names)                                                            1.338    34.775
n3685.out[0] (.names)                                                           0.261    35.036
n3694.in[2] (.names)                                                            1.338    36.374
n3694.out[0] (.names)                                                           0.261    36.635
n3721_1.in[5] (.names)                                                          1.338    37.972
n3721_1.out[0] (.names)                                                         0.261    38.233
n3720.in[1] (.names)                                                            1.338    39.571
n3720.out[0] (.names)                                                           0.261    39.832
n4917_1.in[0] (.names)                                                          1.338    41.170
n4917_1.out[0] (.names)                                                         0.261    41.431
n1476.in[4] (.names)                                                            1.338    42.769
n1476.out[0] (.names)                                                           0.261    43.030
top.or1200_genpc+or1200_genpc^FF_NODE~171.D[0] (.latch)                         1.338    44.367
data arrival time                                                                        44.367

clock top^clk (rise edge)                                                       0.000     0.000
clock source latency                                                            0.000     0.000
top^clk.inpad[0] (.input)                                                       0.000     0.000
top.or1200_genpc+or1200_genpc^FF_NODE~171.clk[0] (.latch)                       1.338     1.338
clock uncertainty                                                               0.000     1.338
cell setup time                                                                -0.066     1.272
data required time                                                                        1.272
-----------------------------------------------------------------------------------------------
data required time                                                                        1.272
data arrival time                                                                       -44.367
-----------------------------------------------------------------------------------------------
slack (VIOLATED)                                                                        -43.096


#Path 78
Startpoint: top.or1200_ctrl+or1200_ctrl^FF_NODE~690.Q[0] (.latch clocked by top^clk)
Endpoint  : top.or1200_genpc+or1200_genpc^FF_NODE~169.D[0] (.latch clocked by top^clk)
Path Type : setup

Point                                                                            Incr      Path
-----------------------------------------------------------------------------------------------
clock top^clk (rise edge)                                                       0.000     0.000
clock source latency                                                            0.000     0.000
top^clk.inpad[0] (.input)                                                       0.000     0.000
top.or1200_ctrl+or1200_ctrl^FF_NODE~690.clk[0] (.latch)                         1.338     1.338
top.or1200_ctrl+or1200_ctrl^FF_NODE~690.Q[0] (.latch) [clock-to-output]         0.124     1.462
n3483.in[0] (.names)                                                            1.338     2.800
n3483.out[0] (.names)                                                           0.261     3.061
n3490.in[2] (.names)                                                            1.338     4.398
n3490.out[0] (.names)                                                           0.261     4.659
n3507_1.in[4] (.names)                                                          1.338     5.997
n3507_1.out[0] (.names)                                                         0.261     6.258
n3517_1.in[2] (.names)                                                          1.338     7.596
n3517_1.out[0] (.names)                                                         0.261     7.857
n3534.in[4] (.names)                                                            1.338     9.195
n3534.out[0] (.names)                                                           0.261     9.456
n3543.in[2] (.names)                                                            1.338    10.793
n3543.out[0] (.names)                                                           0.261    11.054
n3552_1.in[2] (.names)                                                          1.338    12.392
n3552_1.out[0] (.names)                                                         0.261    12.653
n3561_1.in[2] (.names)                                                          1.338    13.991
n3561_1.out[0] (.names)                                                         0.261    14.252
n3571_1.in[2] (.names)                                                          1.338    15.590
n3571_1.out[0] (.names)                                                         0.261    15.851
n3580.in[2] (.names)                                                            1.338    17.188
n3580.out[0] (.names)                                                           0.261    17.449
n3590.in[2] (.names)                                                            1.338    18.787
n3590.out[0] (.names)                                                           0.261    19.048
n3599.in[2] (.names)                                                            1.338    20.386
n3599.out[0] (.names)                                                           0.261    20.647
n3609.in[2] (.names)                                                            1.338    21.985
n3609.out[0] (.names)                                                           0.261    22.246
n3618.in[2] (.names)                                                            1.338    23.584
n3618.out[0] (.names)                                                           0.261    23.845
n3628.in[2] (.names)                                                            1.338    25.182
n3628.out[0] (.names)                                                           0.261    25.443
n3637_1.in[2] (.names)                                                          1.338    26.781
n3637_1.out[0] (.names)                                                         0.261    27.042
n3647_1.in[2] (.names)                                                          1.338    28.380
n3647_1.out[0] (.names)                                                         0.261    28.641
n3656_1.in[2] (.names)                                                          1.338    29.979
n3656_1.out[0] (.names)                                                         0.261    30.240
n3666_1.in[2] (.names)                                                          1.338    31.577
n3666_1.out[0] (.names)                                                         0.261    31.838
n3675.in[2] (.names)                                                            1.338    33.176
n3675.out[0] (.names)                                                           0.261    33.437
n3685.in[2] (.names)                                                            1.338    34.775
n3685.out[0] (.names)                                                           0.261    35.036
n3694.in[2] (.names)                                                            1.338    36.374
n3694.out[0] (.names)                                                           0.261    36.635
n3712.in[4] (.names)                                                            1.338    37.972
n3712.out[0] (.names)                                                           0.261    38.233
n3715.in[3] (.names)                                                            1.338    39.571
n3715.out[0] (.names)                                                           0.261    39.832
n3711.in[3] (.names)                                                            1.338    41.170
n3711.out[0] (.names)                                                           0.261    41.431
n1471.in[4] (.names)                                                            1.338    42.769
n1471.out[0] (.names)                                                           0.261    43.030
top.or1200_genpc+or1200_genpc^FF_NODE~169.D[0] (.latch)                         1.338    44.367
data arrival time                                                                        44.367

clock top^clk (rise edge)                                                       0.000     0.000
clock source latency                                                            0.000     0.000
top^clk.inpad[0] (.input)                                                       0.000     0.000
top.or1200_genpc+or1200_genpc^FF_NODE~169.clk[0] (.latch)                       1.338     1.338
clock uncertainty                                                               0.000     1.338
cell setup time                                                                -0.066     1.272
data required time                                                                        1.272
-----------------------------------------------------------------------------------------------
data required time                                                                        1.272
data arrival time                                                                       -44.367
-----------------------------------------------------------------------------------------------
slack (VIOLATED)                                                                        -43.096


#Path 79
Startpoint: top.or1200_operandmuxes+or1200_operandmuxes^FF_NODE~1353.Q[0] (.latch clocked by top^clk)
Endpoint  : top.or1200_wbmux+or1200_wbmux^FF_NODE~3178.D[0] (.latch clocked by top^clk)
Path Type : setup

Point                                                                                           Incr      Path
--------------------------------------------------------------------------------------------------------------
clock top^clk (rise edge)                                                                      0.000     0.000
clock source latency                                                                           0.000     0.000
top^clk.inpad[0] (.input)                                                                      0.000     0.000
top.or1200_operandmuxes+or1200_operandmuxes^FF_NODE~1353.clk[0] (.latch)                       1.338     1.338
top.or1200_operandmuxes+or1200_operandmuxes^FF_NODE~1353.Q[0] (.latch) [clock-to-output]       0.124     1.462
n4066_1.in[0] (.names)                                                                         1.338     2.800
n4066_1.out[0] (.names)                                                                        0.261     3.061
n4110.in[4] (.names)                                                                           1.338     4.398
n4110.out[0] (.names)                                                                          0.261     4.659
n4145.in[4] (.names)                                                                           1.338     5.997
n4145.out[0] (.names)                                                                          0.261     6.258
n4163.in[2] (.names)                                                                           1.338     7.596
n4163.out[0] (.names)                                                                          0.261     7.857
n4183.in[2] (.names)                                                                           1.338     9.195
n4183.out[0] (.names)                                                                          0.261     9.456
n4199.in[2] (.names)                                                                           1.338    10.793
n4199.out[0] (.names)                                                                          0.261    11.054
n4215.in[2] (.names)                                                                           1.338    12.392
n4215.out[0] (.names)                                                                          0.261    12.653
n4231_1.in[2] (.names)                                                                         1.338    13.991
n4231_1.out[0] (.names)                                                                        0.261    14.252
n4246_1.in[2] (.names)                                                                         1.338    15.590
n4246_1.out[0] (.names)                                                                        0.261    15.851
n4261_1.in[2] (.names)                                                                         1.338    17.188
n4261_1.out[0] (.names)                                                                        0.261    17.449
n4278.in[2] (.names)                                                                           1.338    18.787
n4278.out[0] (.names)                                                                          0.261    19.048
n4293.in[2] (.names)                                                                           1.338    20.386
n4293.out[0] (.names)                                                                          0.261    20.647
n4319.in[2] (.names)                                                                           1.338    21.985
n4319.out[0] (.names)                                                                          0.261    22.246
n4337_1.in[2] (.names)                                                                         1.338    23.584
n4337_1.out[0] (.names)                                                                        0.261    23.845
n4357_1.in[2] (.names)                                                                         1.338    25.182
n4357_1.out[0] (.names)                                                                        0.261    25.443
n4375.in[2] (.names)                                                                           1.338    26.781
n4375.out[0] (.names)                                                                          0.261    27.042
n4395.in[2] (.names)                                                                           1.338    28.380
n4395.out[0] (.names)                                                                          0.261    28.641
n4413.in[2] (.names)                                                                           1.338    29.979
n4413.out[0] (.names)                                                                          0.261    30.240
n4450.in[4] (.names)                                                                           1.338    31.577
n4450.out[0] (.names)                                                                          0.261    31.838
n4474.in[2] (.names)                                                                           1.338    33.176
n4474.out[0] (.names)                                                                          0.261    33.437
n4473.in[2] (.names)                                                                           1.338    34.775
n4473.out[0] (.names)                                                                          0.261    35.036
n4490.in[1] (.names)                                                                           1.338    36.374
n4490.out[0] (.names)                                                                          0.261    36.635
n4509.in[0] (.names)                                                                           1.338    37.972
n4509.out[0] (.names)                                                                          0.261    38.233
n4508.in[2] (.names)                                                                           1.338    39.571
n4508.out[0] (.names)                                                                          0.261    39.832
n4507_1.in[3] (.names)                                                                         1.338    41.170
n4507_1.out[0] (.names)                                                                        0.261    41.431
n1726.in[3] (.names)                                                                           1.338    42.769
n1726.out[0] (.names)                                                                          0.261    43.030
top.or1200_wbmux+or1200_wbmux^FF_NODE~3178.D[0] (.latch)                                       1.338    44.367
data arrival time                                                                                       44.367

clock top^clk (rise edge)                                                                      0.000     0.000
clock source latency                                                                           0.000     0.000
top^clk.inpad[0] (.input)                                                                      0.000     0.000
top.or1200_wbmux+or1200_wbmux^FF_NODE~3178.clk[0] (.latch)                                     1.338     1.338
clock uncertainty                                                                              0.000     1.338
cell setup time                                                                               -0.066     1.272
data required time                                                                                       1.272
--------------------------------------------------------------------------------------------------------------
data required time                                                                                       1.272
data arrival time                                                                                      -44.367
--------------------------------------------------------------------------------------------------------------
slack (VIOLATED)                                                                                       -43.096


#Path 80
Startpoint: top.or1200_operandmuxes+or1200_operandmuxes^FF_NODE~1353.Q[0] (.latch clocked by top^clk)
Endpoint  : top.or1200_operandmuxes+or1200_operandmuxes^FF_NODE~1322.D[0] (.latch clocked by top^clk)
Path Type : setup

Point                                                                                           Incr      Path
--------------------------------------------------------------------------------------------------------------
clock top^clk (rise edge)                                                                      0.000     0.000
clock source latency                                                                           0.000     0.000
top^clk.inpad[0] (.input)                                                                      0.000     0.000
top.or1200_operandmuxes+or1200_operandmuxes^FF_NODE~1353.clk[0] (.latch)                       1.338     1.338
top.or1200_operandmuxes+or1200_operandmuxes^FF_NODE~1353.Q[0] (.latch) [clock-to-output]       0.124     1.462
n4066_1.in[0] (.names)                                                                         1.338     2.800
n4066_1.out[0] (.names)                                                                        0.261     3.061
n4110.in[4] (.names)                                                                           1.338     4.398
n4110.out[0] (.names)                                                                          0.261     4.659
n4145.in[4] (.names)                                                                           1.338     5.997
n4145.out[0] (.names)                                                                          0.261     6.258
n4163.in[2] (.names)                                                                           1.338     7.596
n4163.out[0] (.names)                                                                          0.261     7.857
n4183.in[2] (.names)                                                                           1.338     9.195
n4183.out[0] (.names)                                                                          0.261     9.456
n4199.in[2] (.names)                                                                           1.338    10.793
n4199.out[0] (.names)                                                                          0.261    11.054
n4215.in[2] (.names)                                                                           1.338    12.392
n4215.out[0] (.names)                                                                          0.261    12.653
n4231_1.in[2] (.names)                                                                         1.338    13.991
n4231_1.out[0] (.names)                                                                        0.261    14.252
n4246_1.in[2] (.names)                                                                         1.338    15.590
n4246_1.out[0] (.names)                                                                        0.261    15.851
n4261_1.in[2] (.names)                                                                         1.338    17.188
n4261_1.out[0] (.names)                                                                        0.261    17.449
n4278.in[2] (.names)                                                                           1.338    18.787
n4278.out[0] (.names)                                                                          0.261    19.048
n4293.in[2] (.names)                                                                           1.338    20.386
n4293.out[0] (.names)                                                                          0.261    20.647
n4319.in[2] (.names)                                                                           1.338    21.985
n4319.out[0] (.names)                                                                          0.261    22.246
n4337_1.in[2] (.names)                                                                         1.338    23.584
n4337_1.out[0] (.names)                                                                        0.261    23.845
n4357_1.in[2] (.names)                                                                         1.338    25.182
n4357_1.out[0] (.names)                                                                        0.261    25.443
n4375.in[2] (.names)                                                                           1.338    26.781
n4375.out[0] (.names)                                                                          0.261    27.042
n4395.in[2] (.names)                                                                           1.338    28.380
n4395.out[0] (.names)                                                                          0.261    28.641
n4413.in[2] (.names)                                                                           1.338    29.979
n4413.out[0] (.names)                                                                          0.261    30.240
n4450.in[4] (.names)                                                                           1.338    31.577
n4450.out[0] (.names)                                                                          0.261    31.838
n4474.in[2] (.names)                                                                           1.338    33.176
n4474.out[0] (.names)                                                                          0.261    33.437
n4473.in[2] (.names)                                                                           1.338    34.775
n4473.out[0] (.names)                                                                          0.261    35.036
n4490.in[1] (.names)                                                                           1.338    36.374
n4490.out[0] (.names)                                                                          0.261    36.635
n4509.in[0] (.names)                                                                           1.338    37.972
n4509.out[0] (.names)                                                                          0.261    38.233
n4508.in[2] (.names)                                                                           1.338    39.571
n4508.out[0] (.names)                                                                          0.261    39.832
n4507_1.in[3] (.names)                                                                         1.338    41.170
n4507_1.out[0] (.names)                                                                        0.261    41.431
n1731.in[2] (.names)                                                                           1.338    42.769
n1731.out[0] (.names)                                                                          0.261    43.030
top.or1200_operandmuxes+or1200_operandmuxes^FF_NODE~1322.D[0] (.latch)                         1.338    44.367
data arrival time                                                                                       44.367

clock top^clk (rise edge)                                                                      0.000     0.000
clock source latency                                                                           0.000     0.000
top^clk.inpad[0] (.input)                                                                      0.000     0.000
top.or1200_operandmuxes+or1200_operandmuxes^FF_NODE~1322.clk[0] (.latch)                       1.338     1.338
clock uncertainty                                                                              0.000     1.338
cell setup time                                                                               -0.066     1.272
data required time                                                                                       1.272
--------------------------------------------------------------------------------------------------------------
data required time                                                                                       1.272
data arrival time                                                                                      -44.367
--------------------------------------------------------------------------------------------------------------
slack (VIOLATED)                                                                                       -43.096


#Path 81
Startpoint: top.or1200_operandmuxes+or1200_operandmuxes^FF_NODE~1353.Q[0] (.latch clocked by top^clk)
Endpoint  : top.or1200_operandmuxes+or1200_operandmuxes^FF_NODE~1373.D[0] (.latch clocked by top^clk)
Path Type : setup

Point                                                                                           Incr      Path
--------------------------------------------------------------------------------------------------------------
clock top^clk (rise edge)                                                                      0.000     0.000
clock source latency                                                                           0.000     0.000
top^clk.inpad[0] (.input)                                                                      0.000     0.000
top.or1200_operandmuxes+or1200_operandmuxes^FF_NODE~1353.clk[0] (.latch)                       1.338     1.338
top.or1200_operandmuxes+or1200_operandmuxes^FF_NODE~1353.Q[0] (.latch) [clock-to-output]       0.124     1.462
n4066_1.in[0] (.names)                                                                         1.338     2.800
n4066_1.out[0] (.names)                                                                        0.261     3.061
n4110.in[4] (.names)                                                                           1.338     4.398
n4110.out[0] (.names)                                                                          0.261     4.659
n4145.in[4] (.names)                                                                           1.338     5.997
n4145.out[0] (.names)                                                                          0.261     6.258
n4163.in[2] (.names)                                                                           1.338     7.596
n4163.out[0] (.names)                                                                          0.261     7.857
n4183.in[2] (.names)                                                                           1.338     9.195
n4183.out[0] (.names)                                                                          0.261     9.456
n4199.in[2] (.names)                                                                           1.338    10.793
n4199.out[0] (.names)                                                                          0.261    11.054
n4215.in[2] (.names)                                                                           1.338    12.392
n4215.out[0] (.names)                                                                          0.261    12.653
n4231_1.in[2] (.names)                                                                         1.338    13.991
n4231_1.out[0] (.names)                                                                        0.261    14.252
n4246_1.in[2] (.names)                                                                         1.338    15.590
n4246_1.out[0] (.names)                                                                        0.261    15.851
n4261_1.in[2] (.names)                                                                         1.338    17.188
n4261_1.out[0] (.names)                                                                        0.261    17.449
n4278.in[2] (.names)                                                                           1.338    18.787
n4278.out[0] (.names)                                                                          0.261    19.048
n4293.in[2] (.names)                                                                           1.338    20.386
n4293.out[0] (.names)                                                                          0.261    20.647
n4319.in[2] (.names)                                                                           1.338    21.985
n4319.out[0] (.names)                                                                          0.261    22.246
n4337_1.in[2] (.names)                                                                         1.338    23.584
n4337_1.out[0] (.names)                                                                        0.261    23.845
n4357_1.in[2] (.names)                                                                         1.338    25.182
n4357_1.out[0] (.names)                                                                        0.261    25.443
n4375.in[2] (.names)                                                                           1.338    26.781
n4375.out[0] (.names)                                                                          0.261    27.042
n4395.in[2] (.names)                                                                           1.338    28.380
n4395.out[0] (.names)                                                                          0.261    28.641
n4413.in[2] (.names)                                                                           1.338    29.979
n4413.out[0] (.names)                                                                          0.261    30.240
n4450.in[4] (.names)                                                                           1.338    31.577
n4450.out[0] (.names)                                                                          0.261    31.838
n4474.in[2] (.names)                                                                           1.338    33.176
n4474.out[0] (.names)                                                                          0.261    33.437
n4473.in[2] (.names)                                                                           1.338    34.775
n4473.out[0] (.names)                                                                          0.261    35.036
n4490.in[1] (.names)                                                                           1.338    36.374
n4490.out[0] (.names)                                                                          0.261    36.635
n4509.in[0] (.names)                                                                           1.338    37.972
n4509.out[0] (.names)                                                                          0.261    38.233
n4508.in[2] (.names)                                                                           1.338    39.571
n4508.out[0] (.names)                                                                          0.261    39.832
n4507_1.in[3] (.names)                                                                         1.338    41.170
n4507_1.out[0] (.names)                                                                        0.261    41.431
n3471.in[2] (.names)                                                                           1.338    42.769
n3471.out[0] (.names)                                                                          0.261    43.030
top.or1200_operandmuxes+or1200_operandmuxes^FF_NODE~1373.D[0] (.latch)                         1.338    44.367
data arrival time                                                                                       44.367

clock top^clk (rise edge)                                                                      0.000     0.000
clock source latency                                                                           0.000     0.000
top^clk.inpad[0] (.input)                                                                      0.000     0.000
top.or1200_operandmuxes+or1200_operandmuxes^FF_NODE~1373.clk[0] (.latch)                       1.338     1.338
clock uncertainty                                                                              0.000     1.338
cell setup time                                                                               -0.066     1.272
data required time                                                                                       1.272
--------------------------------------------------------------------------------------------------------------
data required time                                                                                       1.272
data arrival time                                                                                      -44.367
--------------------------------------------------------------------------------------------------------------
slack (VIOLATED)                                                                                       -43.096


#Path 82
Startpoint: top.or1200_ctrl+or1200_ctrl^FF_NODE~690.Q[0] (.latch clocked by top^clk)
Endpoint  : top.or1200_genpc+or1200_genpc^FF_NODE~168.D[0] (.latch clocked by top^clk)
Path Type : setup

Point                                                                            Incr      Path
-----------------------------------------------------------------------------------------------
clock top^clk (rise edge)                                                       0.000     0.000
clock source latency                                                            0.000     0.000
top^clk.inpad[0] (.input)                                                       0.000     0.000
top.or1200_ctrl+or1200_ctrl^FF_NODE~690.clk[0] (.latch)                         1.338     1.338
top.or1200_ctrl+or1200_ctrl^FF_NODE~690.Q[0] (.latch) [clock-to-output]         0.124     1.462
n3483.in[0] (.names)                                                            1.338     2.800
n3483.out[0] (.names)                                                           0.261     3.061
n3490.in[2] (.names)                                                            1.338     4.398
n3490.out[0] (.names)                                                           0.261     4.659
n3507_1.in[4] (.names)                                                          1.338     5.997
n3507_1.out[0] (.names)                                                         0.261     6.258
n3517_1.in[2] (.names)                                                          1.338     7.596
n3517_1.out[0] (.names)                                                         0.261     7.857
n3534.in[4] (.names)                                                            1.338     9.195
n3534.out[0] (.names)                                                           0.261     9.456
n3543.in[2] (.names)                                                            1.338    10.793
n3543.out[0] (.names)                                                           0.261    11.054
n3552_1.in[2] (.names)                                                          1.338    12.392
n3552_1.out[0] (.names)                                                         0.261    12.653
n3561_1.in[2] (.names)                                                          1.338    13.991
n3561_1.out[0] (.names)                                                         0.261    14.252
n3571_1.in[2] (.names)                                                          1.338    15.590
n3571_1.out[0] (.names)                                                         0.261    15.851
n3580.in[2] (.names)                                                            1.338    17.188
n3580.out[0] (.names)                                                           0.261    17.449
n3590.in[2] (.names)                                                            1.338    18.787
n3590.out[0] (.names)                                                           0.261    19.048
n3599.in[2] (.names)                                                            1.338    20.386
n3599.out[0] (.names)                                                           0.261    20.647
n3609.in[2] (.names)                                                            1.338    21.985
n3609.out[0] (.names)                                                           0.261    22.246
n3618.in[2] (.names)                                                            1.338    23.584
n3618.out[0] (.names)                                                           0.261    23.845
n3628.in[2] (.names)                                                            1.338    25.182
n3628.out[0] (.names)                                                           0.261    25.443
n3637_1.in[2] (.names)                                                          1.338    26.781
n3637_1.out[0] (.names)                                                         0.261    27.042
n3647_1.in[2] (.names)                                                          1.338    28.380
n3647_1.out[0] (.names)                                                         0.261    28.641
n3656_1.in[2] (.names)                                                          1.338    29.979
n3656_1.out[0] (.names)                                                         0.261    30.240
n3666_1.in[2] (.names)                                                          1.338    31.577
n3666_1.out[0] (.names)                                                         0.261    31.838
n3675.in[2] (.names)                                                            1.338    33.176
n3675.out[0] (.names)                                                           0.261    33.437
n3685.in[2] (.names)                                                            1.338    34.775
n3685.out[0] (.names)                                                           0.261    35.036
n3694.in[2] (.names)                                                            1.338    36.374
n3694.out[0] (.names)                                                           0.261    36.635
n3704.in[3] (.names)                                                            1.338    37.972
n3704.out[0] (.names)                                                           0.261    38.233
n3703.in[1] (.names)                                                            1.338    39.571
n3703.out[0] (.names)                                                           0.261    39.832
n4914.in[0] (.names)                                                            1.338    41.170
n4914.out[0] (.names)                                                           0.261    41.431
n1466.in[4] (.names)                                                            1.338    42.769
n1466.out[0] (.names)                                                           0.261    43.030
top.or1200_genpc+or1200_genpc^FF_NODE~168.D[0] (.latch)                         1.338    44.367
data arrival time                                                                        44.367

clock top^clk (rise edge)                                                       0.000     0.000
clock source latency                                                            0.000     0.000
top^clk.inpad[0] (.input)                                                       0.000     0.000
top.or1200_genpc+or1200_genpc^FF_NODE~168.clk[0] (.latch)                       1.338     1.338
clock uncertainty                                                               0.000     1.338
cell setup time                                                                -0.066     1.272
data required time                                                                        1.272
-----------------------------------------------------------------------------------------------
data required time                                                                        1.272
data arrival time                                                                       -44.367
-----------------------------------------------------------------------------------------------
slack (VIOLATED)                                                                        -43.096


#Path 83
Startpoint: top.or1200_ctrl+or1200_ctrl^FF_NODE~690.Q[0] (.latch clocked by top^clk)
Endpoint  : top.or1200_genpc+or1200_genpc^FF_NODE~167.D[0] (.latch clocked by top^clk)
Path Type : setup

Point                                                                            Incr      Path
-----------------------------------------------------------------------------------------------
clock top^clk (rise edge)                                                       0.000     0.000
clock source latency                                                            0.000     0.000
top^clk.inpad[0] (.input)                                                       0.000     0.000
top.or1200_ctrl+or1200_ctrl^FF_NODE~690.clk[0] (.latch)                         1.338     1.338
top.or1200_ctrl+or1200_ctrl^FF_NODE~690.Q[0] (.latch) [clock-to-output]         0.124     1.462
n3483.in[0] (.names)                                                            1.338     2.800
n3483.out[0] (.names)                                                           0.261     3.061
n3490.in[2] (.names)                                                            1.338     4.398
n3490.out[0] (.names)                                                           0.261     4.659
n3507_1.in[4] (.names)                                                          1.338     5.997
n3507_1.out[0] (.names)                                                         0.261     6.258
n3517_1.in[2] (.names)                                                          1.338     7.596
n3517_1.out[0] (.names)                                                         0.261     7.857
n3534.in[4] (.names)                                                            1.338     9.195
n3534.out[0] (.names)                                                           0.261     9.456
n3543.in[2] (.names)                                                            1.338    10.793
n3543.out[0] (.names)                                                           0.261    11.054
n3552_1.in[2] (.names)                                                          1.338    12.392
n3552_1.out[0] (.names)                                                         0.261    12.653
n3561_1.in[2] (.names)                                                          1.338    13.991
n3561_1.out[0] (.names)                                                         0.261    14.252
n3571_1.in[2] (.names)                                                          1.338    15.590
n3571_1.out[0] (.names)                                                         0.261    15.851
n3580.in[2] (.names)                                                            1.338    17.188
n3580.out[0] (.names)                                                           0.261    17.449
n3590.in[2] (.names)                                                            1.338    18.787
n3590.out[0] (.names)                                                           0.261    19.048
n3599.in[2] (.names)                                                            1.338    20.386
n3599.out[0] (.names)                                                           0.261    20.647
n3609.in[2] (.names)                                                            1.338    21.985
n3609.out[0] (.names)                                                           0.261    22.246
n3618.in[2] (.names)                                                            1.338    23.584
n3618.out[0] (.names)                                                           0.261    23.845
n3628.in[2] (.names)                                                            1.338    25.182
n3628.out[0] (.names)                                                           0.261    25.443
n3637_1.in[2] (.names)                                                          1.338    26.781
n3637_1.out[0] (.names)                                                         0.261    27.042
n3647_1.in[2] (.names)                                                          1.338    28.380
n3647_1.out[0] (.names)                                                         0.261    28.641
n3656_1.in[2] (.names)                                                          1.338    29.979
n3656_1.out[0] (.names)                                                         0.261    30.240
n3666_1.in[2] (.names)                                                          1.338    31.577
n3666_1.out[0] (.names)                                                         0.261    31.838
n3675.in[2] (.names)                                                            1.338    33.176
n3675.out[0] (.names)                                                           0.261    33.437
n3685.in[2] (.names)                                                            1.338    34.775
n3685.out[0] (.names)                                                           0.261    35.036
n3694.in[2] (.names)                                                            1.338    36.374
n3694.out[0] (.names)                                                           0.261    36.635
n3693.in[2] (.names)                                                            1.338    37.972
n3693.out[0] (.names)                                                           0.261    38.233
n3697.in[3] (.names)                                                            1.338    39.571
n3697.out[0] (.names)                                                           0.261    39.832
n3692_1.in[3] (.names)                                                          1.338    41.170
n3692_1.out[0] (.names)                                                         0.261    41.431
n1461.in[4] (.names)                                                            1.338    42.769
n1461.out[0] (.names)                                                           0.261    43.030
top.or1200_genpc+or1200_genpc^FF_NODE~167.D[0] (.latch)                         1.338    44.367
data arrival time                                                                        44.367

clock top^clk (rise edge)                                                       0.000     0.000
clock source latency                                                            0.000     0.000
top^clk.inpad[0] (.input)                                                       0.000     0.000
top.or1200_genpc+or1200_genpc^FF_NODE~167.clk[0] (.latch)                       1.338     1.338
clock uncertainty                                                               0.000     1.338
cell setup time                                                                -0.066     1.272
data required time                                                                        1.272
-----------------------------------------------------------------------------------------------
data required time                                                                        1.272
data arrival time                                                                       -44.367
-----------------------------------------------------------------------------------------------
slack (VIOLATED)                                                                        -43.096


#Path 84
Startpoint: top.or1200_operandmuxes+or1200_operandmuxes^FF_NODE~1353.Q[0] (.latch clocked by top^clk)
Endpoint  : top.or1200_wbmux+or1200_wbmux^FF_NODE~3179.D[0] (.latch clocked by top^clk)
Path Type : setup

Point                                                                                           Incr      Path
--------------------------------------------------------------------------------------------------------------
clock top^clk (rise edge)                                                                      0.000     0.000
clock source latency                                                                           0.000     0.000
top^clk.inpad[0] (.input)                                                                      0.000     0.000
top.or1200_operandmuxes+or1200_operandmuxes^FF_NODE~1353.clk[0] (.latch)                       1.338     1.338
top.or1200_operandmuxes+or1200_operandmuxes^FF_NODE~1353.Q[0] (.latch) [clock-to-output]       0.124     1.462
n4066_1.in[0] (.names)                                                                         1.338     2.800
n4066_1.out[0] (.names)                                                                        0.261     3.061
n4110.in[4] (.names)                                                                           1.338     4.398
n4110.out[0] (.names)                                                                          0.261     4.659
n4145.in[4] (.names)                                                                           1.338     5.997
n4145.out[0] (.names)                                                                          0.261     6.258
n4163.in[2] (.names)                                                                           1.338     7.596
n4163.out[0] (.names)                                                                          0.261     7.857
n4183.in[2] (.names)                                                                           1.338     9.195
n4183.out[0] (.names)                                                                          0.261     9.456
n4199.in[2] (.names)                                                                           1.338    10.793
n4199.out[0] (.names)                                                                          0.261    11.054
n4215.in[2] (.names)                                                                           1.338    12.392
n4215.out[0] (.names)                                                                          0.261    12.653
n4231_1.in[2] (.names)                                                                         1.338    13.991
n4231_1.out[0] (.names)                                                                        0.261    14.252
n4246_1.in[2] (.names)                                                                         1.338    15.590
n4246_1.out[0] (.names)                                                                        0.261    15.851
n4261_1.in[2] (.names)                                                                         1.338    17.188
n4261_1.out[0] (.names)                                                                        0.261    17.449
n4278.in[2] (.names)                                                                           1.338    18.787
n4278.out[0] (.names)                                                                          0.261    19.048
n4293.in[2] (.names)                                                                           1.338    20.386
n4293.out[0] (.names)                                                                          0.261    20.647
n4319.in[2] (.names)                                                                           1.338    21.985
n4319.out[0] (.names)                                                                          0.261    22.246
n4337_1.in[2] (.names)                                                                         1.338    23.584
n4337_1.out[0] (.names)                                                                        0.261    23.845
n4357_1.in[2] (.names)                                                                         1.338    25.182
n4357_1.out[0] (.names)                                                                        0.261    25.443
n4375.in[2] (.names)                                                                           1.338    26.781
n4375.out[0] (.names)                                                                          0.261    27.042
n4395.in[2] (.names)                                                                           1.338    28.380
n4395.out[0] (.names)                                                                          0.261    28.641
n4413.in[2] (.names)                                                                           1.338    29.979
n4413.out[0] (.names)                                                                          0.261    30.240
n4450.in[4] (.names)                                                                           1.338    31.577
n4450.out[0] (.names)                                                                          0.261    31.838
n4474.in[2] (.names)                                                                           1.338    33.176
n4474.out[0] (.names)                                                                          0.261    33.437
n4473.in[2] (.names)                                                                           1.338    34.775
n4473.out[0] (.names)                                                                          0.261    35.036
n4490.in[1] (.names)                                                                           1.338    36.374
n4490.out[0] (.names)                                                                          0.261    36.635
n4509.in[0] (.names)                                                                           1.338    37.972
n4509.out[0] (.names)                                                                          0.261    38.233
n4526_1.in[4] (.names)                                                                         1.338    39.571
n4526_1.out[0] (.names)                                                                        0.261    39.832
n4525.in[1] (.names)                                                                           1.338    41.170
n4525.out[0] (.names)                                                                          0.261    41.431
n1736.in[3] (.names)                                                                           1.338    42.769
n1736.out[0] (.names)                                                                          0.261    43.030
top.or1200_wbmux+or1200_wbmux^FF_NODE~3179.D[0] (.latch)                                       1.338    44.367
data arrival time                                                                                       44.367

clock top^clk (rise edge)                                                                      0.000     0.000
clock source latency                                                                           0.000     0.000
top^clk.inpad[0] (.input)                                                                      0.000     0.000
top.or1200_wbmux+or1200_wbmux^FF_NODE~3179.clk[0] (.latch)                                     1.338     1.338
clock uncertainty                                                                              0.000     1.338
cell setup time                                                                               -0.066     1.272
data required time                                                                                       1.272
--------------------------------------------------------------------------------------------------------------
data required time                                                                                       1.272
data arrival time                                                                                      -44.367
--------------------------------------------------------------------------------------------------------------
slack (VIOLATED)                                                                                       -43.096


#Path 85
Startpoint: top.or1200_ctrl+or1200_ctrl^FF_NODE~690.Q[0] (.latch clocked by top^clk)
Endpoint  : out:top^icpu_adr_o~30.outpad[0] (.output clocked by top^clk)
Path Type : setup

Point                                                                          Incr      Path
---------------------------------------------------------------------------------------------
clock top^clk (rise edge)                                                     0.000     0.000
clock source latency                                                          0.000     0.000
top^clk.inpad[0] (.input)                                                     0.000     0.000
top.or1200_ctrl+or1200_ctrl^FF_NODE~690.clk[0] (.latch)                       1.338     1.338
top.or1200_ctrl+or1200_ctrl^FF_NODE~690.Q[0] (.latch) [clock-to-output]       0.124     1.462
n3483.in[0] (.names)                                                          1.338     2.800
n3483.out[0] (.names)                                                         0.261     3.061
n3490.in[2] (.names)                                                          1.338     4.398
n3490.out[0] (.names)                                                         0.261     4.659
n3507_1.in[4] (.names)                                                        1.338     5.997
n3507_1.out[0] (.names)                                                       0.261     6.258
n3517_1.in[2] (.names)                                                        1.338     7.596
n3517_1.out[0] (.names)                                                       0.261     7.857
n3534.in[4] (.names)                                                          1.338     9.195
n3534.out[0] (.names)                                                         0.261     9.456
n3543.in[2] (.names)                                                          1.338    10.793
n3543.out[0] (.names)                                                         0.261    11.054
n3552_1.in[2] (.names)                                                        1.338    12.392
n3552_1.out[0] (.names)                                                       0.261    12.653
n3561_1.in[2] (.names)                                                        1.338    13.991
n3561_1.out[0] (.names)                                                       0.261    14.252
n3571_1.in[2] (.names)                                                        1.338    15.590
n3571_1.out[0] (.names)                                                       0.261    15.851
n3580.in[2] (.names)                                                          1.338    17.188
n3580.out[0] (.names)                                                         0.261    17.449
n3590.in[2] (.names)                                                          1.338    18.787
n3590.out[0] (.names)                                                         0.261    19.048
n3599.in[2] (.names)                                                          1.338    20.386
n3599.out[0] (.names)                                                         0.261    20.647
n3609.in[2] (.names)                                                          1.338    21.985
n3609.out[0] (.names)                                                         0.261    22.246
n3618.in[2] (.names)                                                          1.338    23.584
n3618.out[0] (.names)                                                         0.261    23.845
n3628.in[2] (.names)                                                          1.338    25.182
n3628.out[0] (.names)                                                         0.261    25.443
n3637_1.in[2] (.names)                                                        1.338    26.781
n3637_1.out[0] (.names)                                                       0.261    27.042
n3647_1.in[2] (.names)                                                        1.338    28.380
n3647_1.out[0] (.names)                                                       0.261    28.641
n3656_1.in[2] (.names)                                                        1.338    29.979
n3656_1.out[0] (.names)                                                       0.261    30.240
n3666_1.in[2] (.names)                                                        1.338    31.577
n3666_1.out[0] (.names)                                                       0.261    31.838
n3675.in[2] (.names)                                                          1.338    33.176
n3675.out[0] (.names)                                                         0.261    33.437
n3685.in[2] (.names)                                                          1.338    34.775
n3685.out[0] (.names)                                                         0.261    35.036
n3694.in[2] (.names)                                                          1.338    36.374
n3694.out[0] (.names)                                                         0.261    36.635
n3721_1.in[5] (.names)                                                        1.338    37.972
n3721_1.out[0] (.names)                                                       0.261    38.233
n3720.in[1] (.names)                                                          1.338    39.571
n3720.out[0] (.names)                                                         0.261    39.832
top^icpu_adr_o~30.in[2] (.names)                                              1.338    41.170
top^icpu_adr_o~30.out[0] (.names)                                             0.261    41.431
out:top^icpu_adr_o~30.outpad[0] (.output)                                     1.338    42.769
data arrival time                                                                      42.769

clock top^clk (rise edge)                                                     0.000     0.000
clock source latency                                                          0.000     0.000
clock uncertainty                                                             0.000     0.000
output external delay                                                         0.000     0.000
data required time                                                                      0.000
---------------------------------------------------------------------------------------------
data required time                                                                      0.000
data arrival time                                                                     -42.769
---------------------------------------------------------------------------------------------
slack (VIOLATED)                                                                      -42.769


#Path 86
Startpoint: top.or1200_ctrl+or1200_ctrl^FF_NODE~690.Q[0] (.latch clocked by top^clk)
Endpoint  : out:top^icpu_adr_o~28.outpad[0] (.output clocked by top^clk)
Path Type : setup

Point                                                                          Incr      Path
---------------------------------------------------------------------------------------------
clock top^clk (rise edge)                                                     0.000     0.000
clock source latency                                                          0.000     0.000
top^clk.inpad[0] (.input)                                                     0.000     0.000
top.or1200_ctrl+or1200_ctrl^FF_NODE~690.clk[0] (.latch)                       1.338     1.338
top.or1200_ctrl+or1200_ctrl^FF_NODE~690.Q[0] (.latch) [clock-to-output]       0.124     1.462
n3483.in[0] (.names)                                                          1.338     2.800
n3483.out[0] (.names)                                                         0.261     3.061
n3490.in[2] (.names)                                                          1.338     4.398
n3490.out[0] (.names)                                                         0.261     4.659
n3507_1.in[4] (.names)                                                        1.338     5.997
n3507_1.out[0] (.names)                                                       0.261     6.258
n3517_1.in[2] (.names)                                                        1.338     7.596
n3517_1.out[0] (.names)                                                       0.261     7.857
n3534.in[4] (.names)                                                          1.338     9.195
n3534.out[0] (.names)                                                         0.261     9.456
n3543.in[2] (.names)                                                          1.338    10.793
n3543.out[0] (.names)                                                         0.261    11.054
n3552_1.in[2] (.names)                                                        1.338    12.392
n3552_1.out[0] (.names)                                                       0.261    12.653
n3561_1.in[2] (.names)                                                        1.338    13.991
n3561_1.out[0] (.names)                                                       0.261    14.252
n3571_1.in[2] (.names)                                                        1.338    15.590
n3571_1.out[0] (.names)                                                       0.261    15.851
n3580.in[2] (.names)                                                          1.338    17.188
n3580.out[0] (.names)                                                         0.261    17.449
n3590.in[2] (.names)                                                          1.338    18.787
n3590.out[0] (.names)                                                         0.261    19.048
n3599.in[2] (.names)                                                          1.338    20.386
n3599.out[0] (.names)                                                         0.261    20.647
n3609.in[2] (.names)                                                          1.338    21.985
n3609.out[0] (.names)                                                         0.261    22.246
n3618.in[2] (.names)                                                          1.338    23.584
n3618.out[0] (.names)                                                         0.261    23.845
n3628.in[2] (.names)                                                          1.338    25.182
n3628.out[0] (.names)                                                         0.261    25.443
n3637_1.in[2] (.names)                                                        1.338    26.781
n3637_1.out[0] (.names)                                                       0.261    27.042
n3647_1.in[2] (.names)                                                        1.338    28.380
n3647_1.out[0] (.names)                                                       0.261    28.641
n3656_1.in[2] (.names)                                                        1.338    29.979
n3656_1.out[0] (.names)                                                       0.261    30.240
n3666_1.in[2] (.names)                                                        1.338    31.577
n3666_1.out[0] (.names)                                                       0.261    31.838
n3675.in[2] (.names)                                                          1.338    33.176
n3675.out[0] (.names)                                                         0.261    33.437
n3685.in[2] (.names)                                                          1.338    34.775
n3685.out[0] (.names)                                                         0.261    35.036
n3694.in[2] (.names)                                                          1.338    36.374
n3694.out[0] (.names)                                                         0.261    36.635
n3704.in[3] (.names)                                                          1.338    37.972
n3704.out[0] (.names)                                                         0.261    38.233
n3703.in[1] (.names)                                                          1.338    39.571
n3703.out[0] (.names)                                                         0.261    39.832
top^icpu_adr_o~28.in[2] (.names)                                              1.338    41.170
top^icpu_adr_o~28.out[0] (.names)                                             0.261    41.431
out:top^icpu_adr_o~28.outpad[0] (.output)                                     1.338    42.769
data arrival time                                                                      42.769

clock top^clk (rise edge)                                                     0.000     0.000
clock source latency                                                          0.000     0.000
clock uncertainty                                                             0.000     0.000
output external delay                                                         0.000     0.000
data required time                                                                      0.000
---------------------------------------------------------------------------------------------
data required time                                                                      0.000
data arrival time                                                                     -42.769
---------------------------------------------------------------------------------------------
slack (VIOLATED)                                                                      -42.769


#Path 87
Startpoint: top.or1200_ctrl+or1200_ctrl^FF_NODE~690.Q[0] (.latch clocked by top^clk)
Endpoint  : out:top^icpu_adr_o~26.outpad[0] (.output clocked by top^clk)
Path Type : setup

Point                                                                          Incr      Path
---------------------------------------------------------------------------------------------
clock top^clk (rise edge)                                                     0.000     0.000
clock source latency                                                          0.000     0.000
top^clk.inpad[0] (.input)                                                     0.000     0.000
top.or1200_ctrl+or1200_ctrl^FF_NODE~690.clk[0] (.latch)                       1.338     1.338
top.or1200_ctrl+or1200_ctrl^FF_NODE~690.Q[0] (.latch) [clock-to-output]       0.124     1.462
n3483.in[0] (.names)                                                          1.338     2.800
n3483.out[0] (.names)                                                         0.261     3.061
n3490.in[2] (.names)                                                          1.338     4.398
n3490.out[0] (.names)                                                         0.261     4.659
n3507_1.in[4] (.names)                                                        1.338     5.997
n3507_1.out[0] (.names)                                                       0.261     6.258
n3517_1.in[2] (.names)                                                        1.338     7.596
n3517_1.out[0] (.names)                                                       0.261     7.857
n3534.in[4] (.names)                                                          1.338     9.195
n3534.out[0] (.names)                                                         0.261     9.456
n3543.in[2] (.names)                                                          1.338    10.793
n3543.out[0] (.names)                                                         0.261    11.054
n3552_1.in[2] (.names)                                                        1.338    12.392
n3552_1.out[0] (.names)                                                       0.261    12.653
n3561_1.in[2] (.names)                                                        1.338    13.991
n3561_1.out[0] (.names)                                                       0.261    14.252
n3571_1.in[2] (.names)                                                        1.338    15.590
n3571_1.out[0] (.names)                                                       0.261    15.851
n3580.in[2] (.names)                                                          1.338    17.188
n3580.out[0] (.names)                                                         0.261    17.449
n3590.in[2] (.names)                                                          1.338    18.787
n3590.out[0] (.names)                                                         0.261    19.048
n3599.in[2] (.names)                                                          1.338    20.386
n3599.out[0] (.names)                                                         0.261    20.647
n3609.in[2] (.names)                                                          1.338    21.985
n3609.out[0] (.names)                                                         0.261    22.246
n3618.in[2] (.names)                                                          1.338    23.584
n3618.out[0] (.names)                                                         0.261    23.845
n3628.in[2] (.names)                                                          1.338    25.182
n3628.out[0] (.names)                                                         0.261    25.443
n3637_1.in[2] (.names)                                                        1.338    26.781
n3637_1.out[0] (.names)                                                       0.261    27.042
n3647_1.in[2] (.names)                                                        1.338    28.380
n3647_1.out[0] (.names)                                                       0.261    28.641
n3656_1.in[2] (.names)                                                        1.338    29.979
n3656_1.out[0] (.names)                                                       0.261    30.240
n3666_1.in[2] (.names)                                                        1.338    31.577
n3666_1.out[0] (.names)                                                       0.261    31.838
n3675.in[2] (.names)                                                          1.338    33.176
n3675.out[0] (.names)                                                         0.261    33.437
n3685.in[2] (.names)                                                          1.338    34.775
n3685.out[0] (.names)                                                         0.261    35.036
n3684.in[2] (.names)                                                          1.338    36.374
n3684.out[0] (.names)                                                         0.261    36.635
n3687_1.in[1] (.names)                                                        1.338    37.972
n3687_1.out[0] (.names)                                                       0.261    38.233
n3683.in[5] (.names)                                                          1.338    39.571
n3683.out[0] (.names)                                                         0.261    39.832
top^icpu_adr_o~26.in[2] (.names)                                              1.338    41.170
top^icpu_adr_o~26.out[0] (.names)                                             0.261    41.431
out:top^icpu_adr_o~26.outpad[0] (.output)                                     1.338    42.769
data arrival time                                                                      42.769

clock top^clk (rise edge)                                                     0.000     0.000
clock source latency                                                          0.000     0.000
clock uncertainty                                                             0.000     0.000
output external delay                                                         0.000     0.000
data required time                                                                      0.000
---------------------------------------------------------------------------------------------
data required time                                                                      0.000
data arrival time                                                                     -42.769
---------------------------------------------------------------------------------------------
slack (VIOLATED)                                                                      -42.769


#Path 88
Startpoint: top.or1200_operandmuxes+or1200_operandmuxes^FF_NODE~1353.Q[0] (.latch clocked by top^clk)
Endpoint  : out:top^rf_dataw~28.outpad[0] (.output clocked by top^clk)
Path Type : setup

Point                                                                                           Incr      Path
--------------------------------------------------------------------------------------------------------------
clock top^clk (rise edge)                                                                      0.000     0.000
clock source latency                                                                           0.000     0.000
top^clk.inpad[0] (.input)                                                                      0.000     0.000
top.or1200_operandmuxes+or1200_operandmuxes^FF_NODE~1353.clk[0] (.latch)                       1.338     1.338
top.or1200_operandmuxes+or1200_operandmuxes^FF_NODE~1353.Q[0] (.latch) [clock-to-output]       0.124     1.462
n4066_1.in[0] (.names)                                                                         1.338     2.800
n4066_1.out[0] (.names)                                                                        0.261     3.061
n4110.in[4] (.names)                                                                           1.338     4.398
n4110.out[0] (.names)                                                                          0.261     4.659
n4145.in[4] (.names)                                                                           1.338     5.997
n4145.out[0] (.names)                                                                          0.261     6.258
n4163.in[2] (.names)                                                                           1.338     7.596
n4163.out[0] (.names)                                                                          0.261     7.857
n4183.in[2] (.names)                                                                           1.338     9.195
n4183.out[0] (.names)                                                                          0.261     9.456
n4199.in[2] (.names)                                                                           1.338    10.793
n4199.out[0] (.names)                                                                          0.261    11.054
n4215.in[2] (.names)                                                                           1.338    12.392
n4215.out[0] (.names)                                                                          0.261    12.653
n4231_1.in[2] (.names)                                                                         1.338    13.991
n4231_1.out[0] (.names)                                                                        0.261    14.252
n4246_1.in[2] (.names)                                                                         1.338    15.590
n4246_1.out[0] (.names)                                                                        0.261    15.851
n4261_1.in[2] (.names)                                                                         1.338    17.188
n4261_1.out[0] (.names)                                                                        0.261    17.449
n4278.in[2] (.names)                                                                           1.338    18.787
n4278.out[0] (.names)                                                                          0.261    19.048
n4293.in[2] (.names)                                                                           1.338    20.386
n4293.out[0] (.names)                                                                          0.261    20.647
n4319.in[2] (.names)                                                                           1.338    21.985
n4319.out[0] (.names)                                                                          0.261    22.246
n4337_1.in[2] (.names)                                                                         1.338    23.584
n4337_1.out[0] (.names)                                                                        0.261    23.845
n4357_1.in[2] (.names)                                                                         1.338    25.182
n4357_1.out[0] (.names)                                                                        0.261    25.443
n4375.in[2] (.names)                                                                           1.338    26.781
n4375.out[0] (.names)                                                                          0.261    27.042
n4395.in[2] (.names)                                                                           1.338    28.380
n4395.out[0] (.names)                                                                          0.261    28.641
n4413.in[2] (.names)                                                                           1.338    29.979
n4413.out[0] (.names)                                                                          0.261    30.240
n4450.in[4] (.names)                                                                           1.338    31.577
n4450.out[0] (.names)                                                                          0.261    31.838
n4474.in[2] (.names)                                                                           1.338    33.176
n4474.out[0] (.names)                                                                          0.261    33.437
n4473.in[2] (.names)                                                                           1.338    34.775
n4473.out[0] (.names)                                                                          0.261    35.036
n4490.in[1] (.names)                                                                           1.338    36.374
n4490.out[0] (.names)                                                                          0.261    36.635
n4509.in[0] (.names)                                                                           1.338    37.972
n4509.out[0] (.names)                                                                          0.261    38.233
n4526_1.in[4] (.names)                                                                         1.338    39.571
n4526_1.out[0] (.names)                                                                        0.261    39.832
top^rf_dataw~28.in[1] (.names)                                                                 1.338    41.170
top^rf_dataw~28.out[0] (.names)                                                                0.261    41.431
out:top^rf_dataw~28.outpad[0] (.output)                                                        1.338    42.769
data arrival time                                                                                       42.769

clock top^clk (rise edge)                                                                      0.000     0.000
clock source latency                                                                           0.000     0.000
clock uncertainty                                                                              0.000     0.000
output external delay                                                                          0.000     0.000
data required time                                                                                       0.000
--------------------------------------------------------------------------------------------------------------
data required time                                                                                       0.000
data arrival time                                                                                      -42.769
--------------------------------------------------------------------------------------------------------------
slack (VIOLATED)                                                                                       -42.769


#Path 89
Startpoint: top.or1200_operandmuxes+or1200_operandmuxes^FF_NODE~1353.Q[0] (.latch clocked by top^clk)
Endpoint  : out:top^rf_dataw~27.outpad[0] (.output clocked by top^clk)
Path Type : setup

Point                                                                                           Incr      Path
--------------------------------------------------------------------------------------------------------------
clock top^clk (rise edge)                                                                      0.000     0.000
clock source latency                                                                           0.000     0.000
top^clk.inpad[0] (.input)                                                                      0.000     0.000
top.or1200_operandmuxes+or1200_operandmuxes^FF_NODE~1353.clk[0] (.latch)                       1.338     1.338
top.or1200_operandmuxes+or1200_operandmuxes^FF_NODE~1353.Q[0] (.latch) [clock-to-output]       0.124     1.462
n4066_1.in[0] (.names)                                                                         1.338     2.800
n4066_1.out[0] (.names)                                                                        0.261     3.061
n4110.in[4] (.names)                                                                           1.338     4.398
n4110.out[0] (.names)                                                                          0.261     4.659
n4145.in[4] (.names)                                                                           1.338     5.997
n4145.out[0] (.names)                                                                          0.261     6.258
n4163.in[2] (.names)                                                                           1.338     7.596
n4163.out[0] (.names)                                                                          0.261     7.857
n4183.in[2] (.names)                                                                           1.338     9.195
n4183.out[0] (.names)                                                                          0.261     9.456
n4199.in[2] (.names)                                                                           1.338    10.793
n4199.out[0] (.names)                                                                          0.261    11.054
n4215.in[2] (.names)                                                                           1.338    12.392
n4215.out[0] (.names)                                                                          0.261    12.653
n4231_1.in[2] (.names)                                                                         1.338    13.991
n4231_1.out[0] (.names)                                                                        0.261    14.252
n4246_1.in[2] (.names)                                                                         1.338    15.590
n4246_1.out[0] (.names)                                                                        0.261    15.851
n4261_1.in[2] (.names)                                                                         1.338    17.188
n4261_1.out[0] (.names)                                                                        0.261    17.449
n4278.in[2] (.names)                                                                           1.338    18.787
n4278.out[0] (.names)                                                                          0.261    19.048
n4293.in[2] (.names)                                                                           1.338    20.386
n4293.out[0] (.names)                                                                          0.261    20.647
n4319.in[2] (.names)                                                                           1.338    21.985
n4319.out[0] (.names)                                                                          0.261    22.246
n4337_1.in[2] (.names)                                                                         1.338    23.584
n4337_1.out[0] (.names)                                                                        0.261    23.845
n4357_1.in[2] (.names)                                                                         1.338    25.182
n4357_1.out[0] (.names)                                                                        0.261    25.443
n4375.in[2] (.names)                                                                           1.338    26.781
n4375.out[0] (.names)                                                                          0.261    27.042
n4395.in[2] (.names)                                                                           1.338    28.380
n4395.out[0] (.names)                                                                          0.261    28.641
n4413.in[2] (.names)                                                                           1.338    29.979
n4413.out[0] (.names)                                                                          0.261    30.240
n4450.in[4] (.names)                                                                           1.338    31.577
n4450.out[0] (.names)                                                                          0.261    31.838
n4474.in[2] (.names)                                                                           1.338    33.176
n4474.out[0] (.names)                                                                          0.261    33.437
n4473.in[2] (.names)                                                                           1.338    34.775
n4473.out[0] (.names)                                                                          0.261    35.036
n4490.in[1] (.names)                                                                           1.338    36.374
n4490.out[0] (.names)                                                                          0.261    36.635
n4509.in[0] (.names)                                                                           1.338    37.972
n4509.out[0] (.names)                                                                          0.261    38.233
n4508.in[2] (.names)                                                                           1.338    39.571
n4508.out[0] (.names)                                                                          0.261    39.832
top^rf_dataw~27.in[3] (.names)                                                                 1.338    41.170
top^rf_dataw~27.out[0] (.names)                                                                0.261    41.431
out:top^rf_dataw~27.outpad[0] (.output)                                                        1.338    42.769
data arrival time                                                                                       42.769

clock top^clk (rise edge)                                                                      0.000     0.000
clock source latency                                                                           0.000     0.000
clock uncertainty                                                                              0.000     0.000
output external delay                                                                          0.000     0.000
data required time                                                                                       0.000
--------------------------------------------------------------------------------------------------------------
data required time                                                                                       0.000
data arrival time                                                                                      -42.769
--------------------------------------------------------------------------------------------------------------
slack (VIOLATED)                                                                                       -42.769


#Path 90
Startpoint: top.or1200_operandmuxes+or1200_operandmuxes^FF_NODE~1353.Q[0] (.latch clocked by top^clk)
Endpoint  : top.or1200_rf+or1200_rf.dual_port_ram+rf_a^out2~25.data2[0] (dual_port_ram clocked by top^clk)
Path Type : setup

Point                                                                                              Incr      Path
-----------------------------------------------------------------------------------------------------------------
clock top^clk (rise edge)                                                                         0.000     0.000
clock source latency                                                                              0.000     0.000
top^clk.inpad[0] (.input)                                                                         0.000     0.000
top.or1200_operandmuxes+or1200_operandmuxes^FF_NODE~1353.clk[0] (.latch)                          1.338     1.338
top.or1200_operandmuxes+or1200_operandmuxes^FF_NODE~1353.Q[0] (.latch) [clock-to-output]          0.124     1.462
n4081_1.in[0] (.names)                                                                            1.338     2.800
n4081_1.out[0] (.names)                                                                           0.261     3.061
n4112_1.in[4] (.names)                                                                            1.338     4.398
n4112_1.out[0] (.names)                                                                           0.261     4.659
n4148.in[4] (.names)                                                                              1.338     5.997
n4148.out[0] (.names)                                                                             0.261     6.258
n4166_1.in[2] (.names)                                                                            1.338     7.596
n4166_1.out[0] (.names)                                                                           0.261     7.857
n4185.in[2] (.names)                                                                              1.338     9.195
n4185.out[0] (.names)                                                                             0.261     9.456
n4201_1.in[2] (.names)                                                                            1.338    10.793
n4201_1.out[0] (.names)                                                                           0.261    11.054
n4217_1.in[2] (.names)                                                                            1.338    12.392
n4217_1.out[0] (.names)                                                                           0.261    12.653
n4233.in[2] (.names)                                                                              1.338    13.991
n4233.out[0] (.names)                                                                             0.261    14.252
n4248.in[2] (.names)                                                                              1.338    15.590
n4248.out[0] (.names)                                                                             0.261    15.851
n4263.in[2] (.names)                                                                              1.338    17.188
n4263.out[0] (.names)                                                                             0.261    17.449
n4280.in[2] (.names)                                                                              1.338    18.787
n4280.out[0] (.names)                                                                             0.261    19.048
n4295.in[2] (.names)                                                                              1.338    20.386
n4295.out[0] (.names)                                                                             0.261    20.647
n4321_1.in[2] (.names)                                                                            1.338    21.985
n4321_1.out[0] (.names)                                                                           0.261    22.246
n4339.in[2] (.names)                                                                              1.338    23.584
n4339.out[0] (.names)                                                                             0.261    23.845
n4359.in[2] (.names)                                                                              1.338    25.182
n4359.out[0] (.names)                                                                             0.261    25.443
n4377_1.in[2] (.names)                                                                            1.338    26.781
n4377_1.out[0] (.names)                                                                           0.261    27.042
n4397_1.in[2] (.names)                                                                            1.338    28.380
n4397_1.out[0] (.names)                                                                           0.261    28.641
n4415.in[2] (.names)                                                                              1.338    29.979
n4415.out[0] (.names)                                                                             0.261    30.240
n4434.in[2] (.names)                                                                              1.338    31.577
n4434.out[0] (.names)                                                                             0.261    31.838
n4452_1.in[2] (.names)                                                                            1.338    33.176
n4452_1.out[0] (.names)                                                                           0.261    33.437
n4476_1.in[2] (.names)                                                                            1.338    34.775
n4476_1.out[0] (.names)                                                                           0.261    35.036
n4475.in[3] (.names)                                                                              1.338    36.374
n4475.out[0] (.names)                                                                             0.261    36.635
n4471_1.in[5] (.names)                                                                            1.338    37.972
n4471_1.out[0] (.names)                                                                           0.261    38.233
n4470.in[3] (.names)                                                                              1.338    39.571
n4470.out[0] (.names)                                                                             0.261    39.832
top.or1200_rf+or1200_rf^MULTI_PORT_MUX~1103^MUX_2~8455.in[1] (.names)                             1.338    41.170
top.or1200_rf+or1200_rf^MULTI_PORT_MUX~1103^MUX_2~8455.out[0] (.names)                            0.261    41.431
top.or1200_rf+or1200_rf.dual_port_ram+rf_a^out2~25.data2[0] (dual_port_ram)                       1.338    42.769
data arrival time                                                                                          42.769

clock top^clk (rise edge)                                                                         0.000     0.000
clock source latency                                                                              0.000     0.000
top^clk.inpad[0] (.input)                                                                         0.000     0.000
top.or1200_rf+or1200_rf.dual_port_ram+rf_a^out2~25.clk[0] (dual_port_ram)                         1.338     1.338
clock uncertainty                                                                                 0.000     1.338
cell setup time                                                                                  -0.509     0.829
data required time                                                                                          0.829
-----------------------------------------------------------------------------------------------------------------
data required time                                                                                          0.829
data arrival time                                                                                         -42.769
-----------------------------------------------------------------------------------------------------------------
slack (VIOLATED)                                                                                          -41.940


#Path 91
Startpoint: top.or1200_operandmuxes+or1200_operandmuxes^FF_NODE~1353.Q[0] (.latch clocked by top^clk)
Endpoint  : top.or1200_rf+or1200_rf.dual_port_ram+rf_b^out2~25.data2[0] (dual_port_ram clocked by top^clk)
Path Type : setup

Point                                                                                              Incr      Path
-----------------------------------------------------------------------------------------------------------------
clock top^clk (rise edge)                                                                         0.000     0.000
clock source latency                                                                              0.000     0.000
top^clk.inpad[0] (.input)                                                                         0.000     0.000
top.or1200_operandmuxes+or1200_operandmuxes^FF_NODE~1353.clk[0] (.latch)                          1.338     1.338
top.or1200_operandmuxes+or1200_operandmuxes^FF_NODE~1353.Q[0] (.latch) [clock-to-output]          0.124     1.462
n4081_1.in[0] (.names)                                                                            1.338     2.800
n4081_1.out[0] (.names)                                                                           0.261     3.061
n4112_1.in[4] (.names)                                                                            1.338     4.398
n4112_1.out[0] (.names)                                                                           0.261     4.659
n4148.in[4] (.names)                                                                              1.338     5.997
n4148.out[0] (.names)                                                                             0.261     6.258
n4166_1.in[2] (.names)                                                                            1.338     7.596
n4166_1.out[0] (.names)                                                                           0.261     7.857
n4185.in[2] (.names)                                                                              1.338     9.195
n4185.out[0] (.names)                                                                             0.261     9.456
n4201_1.in[2] (.names)                                                                            1.338    10.793
n4201_1.out[0] (.names)                                                                           0.261    11.054
n4217_1.in[2] (.names)                                                                            1.338    12.392
n4217_1.out[0] (.names)                                                                           0.261    12.653
n4233.in[2] (.names)                                                                              1.338    13.991
n4233.out[0] (.names)                                                                             0.261    14.252
n4248.in[2] (.names)                                                                              1.338    15.590
n4248.out[0] (.names)                                                                             0.261    15.851
n4263.in[2] (.names)                                                                              1.338    17.188
n4263.out[0] (.names)                                                                             0.261    17.449
n4280.in[2] (.names)                                                                              1.338    18.787
n4280.out[0] (.names)                                                                             0.261    19.048
n4295.in[2] (.names)                                                                              1.338    20.386
n4295.out[0] (.names)                                                                             0.261    20.647
n4321_1.in[2] (.names)                                                                            1.338    21.985
n4321_1.out[0] (.names)                                                                           0.261    22.246
n4339.in[2] (.names)                                                                              1.338    23.584
n4339.out[0] (.names)                                                                             0.261    23.845
n4359.in[2] (.names)                                                                              1.338    25.182
n4359.out[0] (.names)                                                                             0.261    25.443
n4377_1.in[2] (.names)                                                                            1.338    26.781
n4377_1.out[0] (.names)                                                                           0.261    27.042
n4397_1.in[2] (.names)                                                                            1.338    28.380
n4397_1.out[0] (.names)                                                                           0.261    28.641
n4415.in[2] (.names)                                                                              1.338    29.979
n4415.out[0] (.names)                                                                             0.261    30.240
n4434.in[2] (.names)                                                                              1.338    31.577
n4434.out[0] (.names)                                                                             0.261    31.838
n4452_1.in[2] (.names)                                                                            1.338    33.176
n4452_1.out[0] (.names)                                                                           0.261    33.437
n4476_1.in[2] (.names)                                                                            1.338    34.775
n4476_1.out[0] (.names)                                                                           0.261    35.036
n4475.in[3] (.names)                                                                              1.338    36.374
n4475.out[0] (.names)                                                                             0.261    36.635
n4471_1.in[5] (.names)                                                                            1.338    37.972
n4471_1.out[0] (.names)                                                                           0.261    38.233
n4470.in[3] (.names)                                                                              1.338    39.571
n4470.out[0] (.names)                                                                             0.261    39.832
top.or1200_rf+or1200_rf^MULTI_PORT_MUX~1103^MUX_2~8455.in[1] (.names)                             1.338    41.170
top.or1200_rf+or1200_rf^MULTI_PORT_MUX~1103^MUX_2~8455.out[0] (.names)                            0.261    41.431
top.or1200_rf+or1200_rf.dual_port_ram+rf_b^out2~25.data2[0] (dual_port_ram)                       1.338    42.769
data arrival time                                                                                          42.769

clock top^clk (rise edge)                                                                         0.000     0.000
clock source latency                                                                              0.000     0.000
top^clk.inpad[0] (.input)                                                                         0.000     0.000
top.or1200_rf+or1200_rf.dual_port_ram+rf_b^out2~25.clk[0] (dual_port_ram)                         1.338     1.338
clock uncertainty                                                                                 0.000     1.338
cell setup time                                                                                  -0.509     0.829
data required time                                                                                          0.829
-----------------------------------------------------------------------------------------------------------------
data required time                                                                                          0.829
data arrival time                                                                                         -42.769
-----------------------------------------------------------------------------------------------------------------
slack (VIOLATED)                                                                                          -41.940


#Path 92
Startpoint: top.or1200_mult_mac+or1200_mult_mac^FF_NODE~2208.Q[0] (.latch clocked by top^clk)
Endpoint  : top.or1200_mult_mac+or1200_mult_mac^FF_NODE~2307.D[0] (.latch clocked by top^clk)
Path Type : setup

Point                                                                                   Incr      Path
------------------------------------------------------------------------------------------------------
clock top^clk (rise edge)                                                              0.000     0.000
clock source latency                                                                   0.000     0.000
top^clk.inpad[0] (.input)                                                              0.000     0.000
top.or1200_mult_mac+or1200_mult_mac^FF_NODE~2208.clk[0] (.latch)                       1.338     1.338
top.or1200_mult_mac+or1200_mult_mac^FF_NODE~2208.Q[0] (.latch) [clock-to-output]       0.124     1.462
n5345.in[0] (.names)                                                                   1.338     2.800
n5345.out[0] (.names)                                                                  0.261     3.061
n5344.in[4] (.names)                                                                   1.338     4.398
n5344.out[0] (.names)                                                                  0.261     4.659
n5342.in[5] (.names)                                                                   1.338     5.997
n5342.out[0] (.names)                                                                  0.261     6.258
n5340.in[5] (.names)                                                                   1.338     7.596
n5340.out[0] (.names)                                                                  0.261     7.857
n5338.in[5] (.names)                                                                   1.338     9.195
n5338.out[0] (.names)                                                                  0.261     9.456
n5336.in[5] (.names)                                                                   1.338    10.793
n5336.out[0] (.names)                                                                  0.261    11.054
n5334.in[5] (.names)                                                                   1.338    12.392
n5334.out[0] (.names)                                                                  0.261    12.653
n5332.in[5] (.names)                                                                   1.338    13.991
n5332.out[0] (.names)                                                                  0.261    14.252
n5330.in[5] (.names)                                                                   1.338    15.590
n5330.out[0] (.names)                                                                  0.261    15.851
n5328.in[5] (.names)                                                                   1.338    17.188
n5328.out[0] (.names)                                                                  0.261    17.449
n5326.in[5] (.names)                                                                   1.338    18.787
n5326.out[0] (.names)                                                                  0.261    19.048
n5324.in[5] (.names)                                                                   1.338    20.386
n5324.out[0] (.names)                                                                  0.261    20.647
n5322.in[5] (.names)                                                                   1.338    21.985
n5322.out[0] (.names)                                                                  0.261    22.246
n5320.in[5] (.names)                                                                   1.338    23.584
n5320.out[0] (.names)                                                                  0.261    23.845
n5318.in[5] (.names)                                                                   1.338    25.182
n5318.out[0] (.names)                                                                  0.261    25.443
n5316.in[5] (.names)                                                                   1.338    26.781
n5316.out[0] (.names)                                                                  0.261    27.042
n5314.in[5] (.names)                                                                   1.338    28.380
n5314.out[0] (.names)                                                                  0.261    28.641
n5312.in[5] (.names)                                                                   1.338    29.979
n5312.out[0] (.names)                                                                  0.261    30.240
n5310.in[5] (.names)                                                                   1.338    31.577
n5310.out[0] (.names)                                                                  0.261    31.838
n5308.in[5] (.names)                                                                   1.338    33.176
n5308.out[0] (.names)                                                                  0.261    33.437
n5306.in[5] (.names)                                                                   1.338    34.775
n5306.out[0] (.names)                                                                  0.261    35.036
n5427.in[2] (.names)                                                                   1.338    36.374
n5427.out[0] (.names)                                                                  0.261    36.635
n5437.in[5] (.names)                                                                   1.338    37.972
n5437.out[0] (.names)                                                                  0.261    38.233
n5436.in[5] (.names)                                                                   1.338    39.571
n5436.out[0] (.names)                                                                  0.261    39.832
n2231.in[5] (.names)                                                                   1.338    41.170
n2231.out[0] (.names)                                                                  0.261    41.431
top.or1200_mult_mac+or1200_mult_mac^FF_NODE~2307.D[0] (.latch)                         1.338    42.769
data arrival time                                                                               42.769

clock top^clk (rise edge)                                                              0.000     0.000
clock source latency                                                                   0.000     0.000
top^clk.inpad[0] (.input)                                                              0.000     0.000
top.or1200_mult_mac+or1200_mult_mac^FF_NODE~2307.clk[0] (.latch)                       1.338     1.338
clock uncertainty                                                                      0.000     1.338
cell setup time                                                                       -0.066     1.272
data required time                                                                               1.272
------------------------------------------------------------------------------------------------------
data required time                                                                               1.272
data arrival time                                                                              -42.769
------------------------------------------------------------------------------------------------------
slack (VIOLATED)                                                                               -41.497


#Path 93
Startpoint: top.or1200_mult_mac+or1200_mult_mac^FF_NODE~2208.Q[0] (.latch clocked by top^clk)
Endpoint  : top.or1200_mult_mac+or1200_mult_mac^FF_NODE~2309.D[0] (.latch clocked by top^clk)
Path Type : setup

Point                                                                                   Incr      Path
------------------------------------------------------------------------------------------------------
clock top^clk (rise edge)                                                              0.000     0.000
clock source latency                                                                   0.000     0.000
top^clk.inpad[0] (.input)                                                              0.000     0.000
top.or1200_mult_mac+or1200_mult_mac^FF_NODE~2208.clk[0] (.latch)                       1.338     1.338
top.or1200_mult_mac+or1200_mult_mac^FF_NODE~2208.Q[0] (.latch) [clock-to-output]       0.124     1.462
n5345.in[0] (.names)                                                                   1.338     2.800
n5345.out[0] (.names)                                                                  0.261     3.061
n5344.in[4] (.names)                                                                   1.338     4.398
n5344.out[0] (.names)                                                                  0.261     4.659
n5342.in[5] (.names)                                                                   1.338     5.997
n5342.out[0] (.names)                                                                  0.261     6.258
n5340.in[5] (.names)                                                                   1.338     7.596
n5340.out[0] (.names)                                                                  0.261     7.857
n5338.in[5] (.names)                                                                   1.338     9.195
n5338.out[0] (.names)                                                                  0.261     9.456
n5336.in[5] (.names)                                                                   1.338    10.793
n5336.out[0] (.names)                                                                  0.261    11.054
n5334.in[5] (.names)                                                                   1.338    12.392
n5334.out[0] (.names)                                                                  0.261    12.653
n5332.in[5] (.names)                                                                   1.338    13.991
n5332.out[0] (.names)                                                                  0.261    14.252
n5330.in[5] (.names)                                                                   1.338    15.590
n5330.out[0] (.names)                                                                  0.261    15.851
n5328.in[5] (.names)                                                                   1.338    17.188
n5328.out[0] (.names)                                                                  0.261    17.449
n5326.in[5] (.names)                                                                   1.338    18.787
n5326.out[0] (.names)                                                                  0.261    19.048
n5324.in[5] (.names)                                                                   1.338    20.386
n5324.out[0] (.names)                                                                  0.261    20.647
n5322.in[5] (.names)                                                                   1.338    21.985
n5322.out[0] (.names)                                                                  0.261    22.246
n5320.in[5] (.names)                                                                   1.338    23.584
n5320.out[0] (.names)                                                                  0.261    23.845
n5318.in[5] (.names)                                                                   1.338    25.182
n5318.out[0] (.names)                                                                  0.261    25.443
n5316.in[5] (.names)                                                                   1.338    26.781
n5316.out[0] (.names)                                                                  0.261    27.042
n5314.in[5] (.names)                                                                   1.338    28.380
n5314.out[0] (.names)                                                                  0.261    28.641
n5312.in[5] (.names)                                                                   1.338    29.979
n5312.out[0] (.names)                                                                  0.261    30.240
n5310.in[5] (.names)                                                                   1.338    31.577
n5310.out[0] (.names)                                                                  0.261    31.838
n5308.in[5] (.names)                                                                   1.338    33.176
n5308.out[0] (.names)                                                                  0.261    33.437
n5306.in[5] (.names)                                                                   1.338    34.775
n5306.out[0] (.names)                                                                  0.261    35.036
n5304.in[5] (.names)                                                                   1.338    36.374
n5304.out[0] (.names)                                                                  0.261    36.635
n5430.in[3] (.names)                                                                   1.338    37.972
n5430.out[0] (.names)                                                                  0.261    38.233
n5429.in[4] (.names)                                                                   1.338    39.571
n5429.out[0] (.names)                                                                  0.261    39.832
n2221.in[5] (.names)                                                                   1.338    41.170
n2221.out[0] (.names)                                                                  0.261    41.431
top.or1200_mult_mac+or1200_mult_mac^FF_NODE~2309.D[0] (.latch)                         1.338    42.769
data arrival time                                                                               42.769

clock top^clk (rise edge)                                                              0.000     0.000
clock source latency                                                                   0.000     0.000
top^clk.inpad[0] (.input)                                                              0.000     0.000
top.or1200_mult_mac+or1200_mult_mac^FF_NODE~2309.clk[0] (.latch)                       1.338     1.338
clock uncertainty                                                                      0.000     1.338
cell setup time                                                                       -0.066     1.272
data required time                                                                               1.272
------------------------------------------------------------------------------------------------------
data required time                                                                               1.272
data arrival time                                                                              -42.769
------------------------------------------------------------------------------------------------------
slack (VIOLATED)                                                                               -41.497


#Path 94
Startpoint: top.or1200_operandmuxes+or1200_operandmuxes^FF_NODE~1353.Q[0] (.latch clocked by top^clk)
Endpoint  : top.or1200_operandmuxes+or1200_operandmuxes^FF_NODE~1320.D[0] (.latch clocked by top^clk)
Path Type : setup

Point                                                                                           Incr      Path
--------------------------------------------------------------------------------------------------------------
clock top^clk (rise edge)                                                                      0.000     0.000
clock source latency                                                                           0.000     0.000
top^clk.inpad[0] (.input)                                                                      0.000     0.000
top.or1200_operandmuxes+or1200_operandmuxes^FF_NODE~1353.clk[0] (.latch)                       1.338     1.338
top.or1200_operandmuxes+or1200_operandmuxes^FF_NODE~1353.Q[0] (.latch) [clock-to-output]       0.124     1.462
n4081_1.in[0] (.names)                                                                         1.338     2.800
n4081_1.out[0] (.names)                                                                        0.261     3.061
n4112_1.in[4] (.names)                                                                         1.338     4.398
n4112_1.out[0] (.names)                                                                        0.261     4.659
n4148.in[4] (.names)                                                                           1.338     5.997
n4148.out[0] (.names)                                                                          0.261     6.258
n4166_1.in[2] (.names)                                                                         1.338     7.596
n4166_1.out[0] (.names)                                                                        0.261     7.857
n4185.in[2] (.names)                                                                           1.338     9.195
n4185.out[0] (.names)                                                                          0.261     9.456
n4201_1.in[2] (.names)                                                                         1.338    10.793
n4201_1.out[0] (.names)                                                                        0.261    11.054
n4217_1.in[2] (.names)                                                                         1.338    12.392
n4217_1.out[0] (.names)                                                                        0.261    12.653
n4233.in[2] (.names)                                                                           1.338    13.991
n4233.out[0] (.names)                                                                          0.261    14.252
n4248.in[2] (.names)                                                                           1.338    15.590
n4248.out[0] (.names)                                                                          0.261    15.851
n4263.in[2] (.names)                                                                           1.338    17.188
n4263.out[0] (.names)                                                                          0.261    17.449
n4280.in[2] (.names)                                                                           1.338    18.787
n4280.out[0] (.names)                                                                          0.261    19.048
n4295.in[2] (.names)                                                                           1.338    20.386
n4295.out[0] (.names)                                                                          0.261    20.647
n4321_1.in[2] (.names)                                                                         1.338    21.985
n4321_1.out[0] (.names)                                                                        0.261    22.246
n4339.in[2] (.names)                                                                           1.338    23.584
n4339.out[0] (.names)                                                                          0.261    23.845
n4359.in[2] (.names)                                                                           1.338    25.182
n4359.out[0] (.names)                                                                          0.261    25.443
n4377_1.in[2] (.names)                                                                         1.338    26.781
n4377_1.out[0] (.names)                                                                        0.261    27.042
n4397_1.in[2] (.names)                                                                         1.338    28.380
n4397_1.out[0] (.names)                                                                        0.261    28.641
n4415.in[2] (.names)                                                                           1.338    29.979
n4415.out[0] (.names)                                                                          0.261    30.240
n4434.in[2] (.names)                                                                           1.338    31.577
n4434.out[0] (.names)                                                                          0.261    31.838
n4452_1.in[2] (.names)                                                                         1.338    33.176
n4452_1.out[0] (.names)                                                                        0.261    33.437
n4476_1.in[2] (.names)                                                                         1.338    34.775
n4476_1.out[0] (.names)                                                                        0.261    35.036
n4475.in[3] (.names)                                                                           1.338    36.374
n4475.out[0] (.names)                                                                          0.261    36.635
n4471_1.in[5] (.names)                                                                         1.338    37.972
n4471_1.out[0] (.names)                                                                        0.261    38.233
n4470.in[3] (.names)                                                                           1.338    39.571
n4470.out[0] (.names)                                                                          0.261    39.832
n1711.in[2] (.names)                                                                           1.338    41.170
n1711.out[0] (.names)                                                                          0.261    41.431
top.or1200_operandmuxes+or1200_operandmuxes^FF_NODE~1320.D[0] (.latch)                         1.338    42.769
data arrival time                                                                                       42.769

clock top^clk (rise edge)                                                                      0.000     0.000
clock source latency                                                                           0.000     0.000
top^clk.inpad[0] (.input)                                                                      0.000     0.000
top.or1200_operandmuxes+or1200_operandmuxes^FF_NODE~1320.clk[0] (.latch)                       1.338     1.338
clock uncertainty                                                                              0.000     1.338
cell setup time                                                                               -0.066     1.272
data required time                                                                                       1.272
--------------------------------------------------------------------------------------------------------------
data required time                                                                                       1.272
data arrival time                                                                                      -42.769
--------------------------------------------------------------------------------------------------------------
slack (VIOLATED)                                                                                       -41.497


#Path 95
Startpoint: top.or1200_operandmuxes+or1200_operandmuxes^FF_NODE~1353.Q[0] (.latch clocked by top^clk)
Endpoint  : top.or1200_operandmuxes+or1200_operandmuxes^FF_NODE~1371.D[0] (.latch clocked by top^clk)
Path Type : setup

Point                                                                                           Incr      Path
--------------------------------------------------------------------------------------------------------------
clock top^clk (rise edge)                                                                      0.000     0.000
clock source latency                                                                           0.000     0.000
top^clk.inpad[0] (.input)                                                                      0.000     0.000
top.or1200_operandmuxes+or1200_operandmuxes^FF_NODE~1353.clk[0] (.latch)                       1.338     1.338
top.or1200_operandmuxes+or1200_operandmuxes^FF_NODE~1353.Q[0] (.latch) [clock-to-output]       0.124     1.462
n4081_1.in[0] (.names)                                                                         1.338     2.800
n4081_1.out[0] (.names)                                                                        0.261     3.061
n4112_1.in[4] (.names)                                                                         1.338     4.398
n4112_1.out[0] (.names)                                                                        0.261     4.659
n4148.in[4] (.names)                                                                           1.338     5.997
n4148.out[0] (.names)                                                                          0.261     6.258
n4166_1.in[2] (.names)                                                                         1.338     7.596
n4166_1.out[0] (.names)                                                                        0.261     7.857
n4185.in[2] (.names)                                                                           1.338     9.195
n4185.out[0] (.names)                                                                          0.261     9.456
n4201_1.in[2] (.names)                                                                         1.338    10.793
n4201_1.out[0] (.names)                                                                        0.261    11.054
n4217_1.in[2] (.names)                                                                         1.338    12.392
n4217_1.out[0] (.names)                                                                        0.261    12.653
n4233.in[2] (.names)                                                                           1.338    13.991
n4233.out[0] (.names)                                                                          0.261    14.252
n4248.in[2] (.names)                                                                           1.338    15.590
n4248.out[0] (.names)                                                                          0.261    15.851
n4263.in[2] (.names)                                                                           1.338    17.188
n4263.out[0] (.names)                                                                          0.261    17.449
n4280.in[2] (.names)                                                                           1.338    18.787
n4280.out[0] (.names)                                                                          0.261    19.048
n4295.in[2] (.names)                                                                           1.338    20.386
n4295.out[0] (.names)                                                                          0.261    20.647
n4321_1.in[2] (.names)                                                                         1.338    21.985
n4321_1.out[0] (.names)                                                                        0.261    22.246
n4339.in[2] (.names)                                                                           1.338    23.584
n4339.out[0] (.names)                                                                          0.261    23.845
n4359.in[2] (.names)                                                                           1.338    25.182
n4359.out[0] (.names)                                                                          0.261    25.443
n4377_1.in[2] (.names)                                                                         1.338    26.781
n4377_1.out[0] (.names)                                                                        0.261    27.042
n4397_1.in[2] (.names)                                                                         1.338    28.380
n4397_1.out[0] (.names)                                                                        0.261    28.641
n4415.in[2] (.names)                                                                           1.338    29.979
n4415.out[0] (.names)                                                                          0.261    30.240
n4434.in[2] (.names)                                                                           1.338    31.577
n4434.out[0] (.names)                                                                          0.261    31.838
n4452_1.in[2] (.names)                                                                         1.338    33.176
n4452_1.out[0] (.names)                                                                        0.261    33.437
n4476_1.in[2] (.names)                                                                         1.338    34.775
n4476_1.out[0] (.names)                                                                        0.261    35.036
n4475.in[3] (.names)                                                                           1.338    36.374
n4475.out[0] (.names)                                                                          0.261    36.635
n4471_1.in[5] (.names)                                                                         1.338    37.972
n4471_1.out[0] (.names)                                                                        0.261    38.233
n4470.in[3] (.names)                                                                           1.338    39.571
n4470.out[0] (.names)                                                                          0.261    39.832
n3451.in[2] (.names)                                                                           1.338    41.170
n3451.out[0] (.names)                                                                          0.261    41.431
top.or1200_operandmuxes+or1200_operandmuxes^FF_NODE~1371.D[0] (.latch)                         1.338    42.769
data arrival time                                                                                       42.769

clock top^clk (rise edge)                                                                      0.000     0.000
clock source latency                                                                           0.000     0.000
top^clk.inpad[0] (.input)                                                                      0.000     0.000
top.or1200_operandmuxes+or1200_operandmuxes^FF_NODE~1371.clk[0] (.latch)                       1.338     1.338
clock uncertainty                                                                              0.000     1.338
cell setup time                                                                               -0.066     1.272
data required time                                                                                       1.272
--------------------------------------------------------------------------------------------------------------
data required time                                                                                       1.272
data arrival time                                                                                      -42.769
--------------------------------------------------------------------------------------------------------------
slack (VIOLATED)                                                                                       -41.497


#Path 96
Startpoint: top.or1200_ctrl+or1200_ctrl^FF_NODE~690.Q[0] (.latch clocked by top^clk)
Endpoint  : top.or1200_genpc+or1200_genpc^FF_NODE~166.D[0] (.latch clocked by top^clk)
Path Type : setup

Point                                                                            Incr      Path
-----------------------------------------------------------------------------------------------
clock top^clk (rise edge)                                                       0.000     0.000
clock source latency                                                            0.000     0.000
top^clk.inpad[0] (.input)                                                       0.000     0.000
top.or1200_ctrl+or1200_ctrl^FF_NODE~690.clk[0] (.latch)                         1.338     1.338
top.or1200_ctrl+or1200_ctrl^FF_NODE~690.Q[0] (.latch) [clock-to-output]         0.124     1.462
n3483.in[0] (.names)                                                            1.338     2.800
n3483.out[0] (.names)                                                           0.261     3.061
n3490.in[2] (.names)                                                            1.338     4.398
n3490.out[0] (.names)                                                           0.261     4.659
n3507_1.in[4] (.names)                                                          1.338     5.997
n3507_1.out[0] (.names)                                                         0.261     6.258
n3517_1.in[2] (.names)                                                          1.338     7.596
n3517_1.out[0] (.names)                                                         0.261     7.857
n3534.in[4] (.names)                                                            1.338     9.195
n3534.out[0] (.names)                                                           0.261     9.456
n3543.in[2] (.names)                                                            1.338    10.793
n3543.out[0] (.names)                                                           0.261    11.054
n3552_1.in[2] (.names)                                                          1.338    12.392
n3552_1.out[0] (.names)                                                         0.261    12.653
n3561_1.in[2] (.names)                                                          1.338    13.991
n3561_1.out[0] (.names)                                                         0.261    14.252
n3571_1.in[2] (.names)                                                          1.338    15.590
n3571_1.out[0] (.names)                                                         0.261    15.851
n3580.in[2] (.names)                                                            1.338    17.188
n3580.out[0] (.names)                                                           0.261    17.449
n3590.in[2] (.names)                                                            1.338    18.787
n3590.out[0] (.names)                                                           0.261    19.048
n3599.in[2] (.names)                                                            1.338    20.386
n3599.out[0] (.names)                                                           0.261    20.647
n3609.in[2] (.names)                                                            1.338    21.985
n3609.out[0] (.names)                                                           0.261    22.246
n3618.in[2] (.names)                                                            1.338    23.584
n3618.out[0] (.names)                                                           0.261    23.845
n3628.in[2] (.names)                                                            1.338    25.182
n3628.out[0] (.names)                                                           0.261    25.443
n3637_1.in[2] (.names)                                                          1.338    26.781
n3637_1.out[0] (.names)                                                         0.261    27.042
n3647_1.in[2] (.names)                                                          1.338    28.380
n3647_1.out[0] (.names)                                                         0.261    28.641
n3656_1.in[2] (.names)                                                          1.338    29.979
n3656_1.out[0] (.names)                                                         0.261    30.240
n3666_1.in[2] (.names)                                                          1.338    31.577
n3666_1.out[0] (.names)                                                         0.261    31.838
n3675.in[2] (.names)                                                            1.338    33.176
n3675.out[0] (.names)                                                           0.261    33.437
n3685.in[2] (.names)                                                            1.338    34.775
n3685.out[0] (.names)                                                           0.261    35.036
n3684.in[2] (.names)                                                            1.338    36.374
n3684.out[0] (.names)                                                           0.261    36.635
n3687_1.in[1] (.names)                                                          1.338    37.972
n3687_1.out[0] (.names)                                                         0.261    38.233
n3683.in[5] (.names)                                                            1.338    39.571
n3683.out[0] (.names)                                                           0.261    39.832
n1456.in[4] (.names)                                                            1.338    41.170
n1456.out[0] (.names)                                                           0.261    41.431
top.or1200_genpc+or1200_genpc^FF_NODE~166.D[0] (.latch)                         1.338    42.769
data arrival time                                                                        42.769

clock top^clk (rise edge)                                                       0.000     0.000
clock source latency                                                            0.000     0.000
top^clk.inpad[0] (.input)                                                       0.000     0.000
top.or1200_genpc+or1200_genpc^FF_NODE~166.clk[0] (.latch)                       1.338     1.338
clock uncertainty                                                               0.000     1.338
cell setup time                                                                -0.066     1.272
data required time                                                                        1.272
-----------------------------------------------------------------------------------------------
data required time                                                                        1.272
data arrival time                                                                       -42.769
-----------------------------------------------------------------------------------------------
slack (VIOLATED)                                                                        -41.497


#Path 97
Startpoint: top.or1200_operandmuxes+or1200_operandmuxes^FF_NODE~1353.Q[0] (.latch clocked by top^clk)
Endpoint  : top.or1200_wbmux+or1200_wbmux^FF_NODE~3176.D[0] (.latch clocked by top^clk)
Path Type : setup

Point                                                                                           Incr      Path
--------------------------------------------------------------------------------------------------------------
clock top^clk (rise edge)                                                                      0.000     0.000
clock source latency                                                                           0.000     0.000
top^clk.inpad[0] (.input)                                                                      0.000     0.000
top.or1200_operandmuxes+or1200_operandmuxes^FF_NODE~1353.clk[0] (.latch)                       1.338     1.338
top.or1200_operandmuxes+or1200_operandmuxes^FF_NODE~1353.Q[0] (.latch) [clock-to-output]       0.124     1.462
n4081_1.in[0] (.names)                                                                         1.338     2.800
n4081_1.out[0] (.names)                                                                        0.261     3.061
n4112_1.in[4] (.names)                                                                         1.338     4.398
n4112_1.out[0] (.names)                                                                        0.261     4.659
n4148.in[4] (.names)                                                                           1.338     5.997
n4148.out[0] (.names)                                                                          0.261     6.258
n4166_1.in[2] (.names)                                                                         1.338     7.596
n4166_1.out[0] (.names)                                                                        0.261     7.857
n4185.in[2] (.names)                                                                           1.338     9.195
n4185.out[0] (.names)                                                                          0.261     9.456
n4201_1.in[2] (.names)                                                                         1.338    10.793
n4201_1.out[0] (.names)                                                                        0.261    11.054
n4217_1.in[2] (.names)                                                                         1.338    12.392
n4217_1.out[0] (.names)                                                                        0.261    12.653
n4233.in[2] (.names)                                                                           1.338    13.991
n4233.out[0] (.names)                                                                          0.261    14.252
n4248.in[2] (.names)                                                                           1.338    15.590
n4248.out[0] (.names)                                                                          0.261    15.851
n4263.in[2] (.names)                                                                           1.338    17.188
n4263.out[0] (.names)                                                                          0.261    17.449
n4280.in[2] (.names)                                                                           1.338    18.787
n4280.out[0] (.names)                                                                          0.261    19.048
n4295.in[2] (.names)                                                                           1.338    20.386
n4295.out[0] (.names)                                                                          0.261    20.647
n4321_1.in[2] (.names)                                                                         1.338    21.985
n4321_1.out[0] (.names)                                                                        0.261    22.246
n4339.in[2] (.names)                                                                           1.338    23.584
n4339.out[0] (.names)                                                                          0.261    23.845
n4359.in[2] (.names)                                                                           1.338    25.182
n4359.out[0] (.names)                                                                          0.261    25.443
n4377_1.in[2] (.names)                                                                         1.338    26.781
n4377_1.out[0] (.names)                                                                        0.261    27.042
n4397_1.in[2] (.names)                                                                         1.338    28.380
n4397_1.out[0] (.names)                                                                        0.261    28.641
n4415.in[2] (.names)                                                                           1.338    29.979
n4415.out[0] (.names)                                                                          0.261    30.240
n4434.in[2] (.names)                                                                           1.338    31.577
n4434.out[0] (.names)                                                                          0.261    31.838
n4452_1.in[2] (.names)                                                                         1.338    33.176
n4452_1.out[0] (.names)                                                                        0.261    33.437
n4476_1.in[2] (.names)                                                                         1.338    34.775
n4476_1.out[0] (.names)                                                                        0.261    35.036
n4475.in[3] (.names)                                                                           1.338    36.374
n4475.out[0] (.names)                                                                          0.261    36.635
n4471_1.in[5] (.names)                                                                         1.338    37.972
n4471_1.out[0] (.names)                                                                        0.261    38.233
n4470.in[3] (.names)                                                                           1.338    39.571
n4470.out[0] (.names)                                                                          0.261    39.832
n1706.in[3] (.names)                                                                           1.338    41.170
n1706.out[0] (.names)                                                                          0.261    41.431
top.or1200_wbmux+or1200_wbmux^FF_NODE~3176.D[0] (.latch)                                       1.338    42.769
data arrival time                                                                                       42.769

clock top^clk (rise edge)                                                                      0.000     0.000
clock source latency                                                                           0.000     0.000
top^clk.inpad[0] (.input)                                                                      0.000     0.000
top.or1200_wbmux+or1200_wbmux^FF_NODE~3176.clk[0] (.latch)                                     1.338     1.338
clock uncertainty                                                                              0.000     1.338
cell setup time                                                                               -0.066     1.272
data required time                                                                                       1.272
--------------------------------------------------------------------------------------------------------------
data required time                                                                                       1.272
data arrival time                                                                                      -42.769
--------------------------------------------------------------------------------------------------------------
slack (VIOLATED)                                                                                       -41.497


#Path 98
Startpoint: top.or1200_ctrl+or1200_ctrl^FF_NODE~690.Q[0] (.latch clocked by top^clk)
Endpoint  : out:top^icpu_adr_o~25.outpad[0] (.output clocked by top^clk)
Path Type : setup

Point                                                                          Incr      Path
---------------------------------------------------------------------------------------------
clock top^clk (rise edge)                                                     0.000     0.000
clock source latency                                                          0.000     0.000
top^clk.inpad[0] (.input)                                                     0.000     0.000
top.or1200_ctrl+or1200_ctrl^FF_NODE~690.clk[0] (.latch)                       1.338     1.338
top.or1200_ctrl+or1200_ctrl^FF_NODE~690.Q[0] (.latch) [clock-to-output]       0.124     1.462
n3483.in[0] (.names)                                                          1.338     2.800
n3483.out[0] (.names)                                                         0.261     3.061
n3490.in[2] (.names)                                                          1.338     4.398
n3490.out[0] (.names)                                                         0.261     4.659
n3507_1.in[4] (.names)                                                        1.338     5.997
n3507_1.out[0] (.names)                                                       0.261     6.258
n3517_1.in[2] (.names)                                                        1.338     7.596
n3517_1.out[0] (.names)                                                       0.261     7.857
n3534.in[4] (.names)                                                          1.338     9.195
n3534.out[0] (.names)                                                         0.261     9.456
n3543.in[2] (.names)                                                          1.338    10.793
n3543.out[0] (.names)                                                         0.261    11.054
n3552_1.in[2] (.names)                                                        1.338    12.392
n3552_1.out[0] (.names)                                                       0.261    12.653
n3561_1.in[2] (.names)                                                        1.338    13.991
n3561_1.out[0] (.names)                                                       0.261    14.252
n3571_1.in[2] (.names)                                                        1.338    15.590
n3571_1.out[0] (.names)                                                       0.261    15.851
n3580.in[2] (.names)                                                          1.338    17.188
n3580.out[0] (.names)                                                         0.261    17.449
n3590.in[2] (.names)                                                          1.338    18.787
n3590.out[0] (.names)                                                         0.261    19.048
n3599.in[2] (.names)                                                          1.338    20.386
n3599.out[0] (.names)                                                         0.261    20.647
n3609.in[2] (.names)                                                          1.338    21.985
n3609.out[0] (.names)                                                         0.261    22.246
n3618.in[2] (.names)                                                          1.338    23.584
n3618.out[0] (.names)                                                         0.261    23.845
n3628.in[2] (.names)                                                          1.338    25.182
n3628.out[0] (.names)                                                         0.261    25.443
n3637_1.in[2] (.names)                                                        1.338    26.781
n3637_1.out[0] (.names)                                                       0.261    27.042
n3647_1.in[2] (.names)                                                        1.338    28.380
n3647_1.out[0] (.names)                                                       0.261    28.641
n3656_1.in[2] (.names)                                                        1.338    29.979
n3656_1.out[0] (.names)                                                       0.261    30.240
n3666_1.in[2] (.names)                                                        1.338    31.577
n3666_1.out[0] (.names)                                                       0.261    31.838
n3675.in[2] (.names)                                                          1.338    33.176
n3675.out[0] (.names)                                                         0.261    33.437
n3674.in[2] (.names)                                                          1.338    34.775
n3674.out[0] (.names)                                                         0.261    35.036
n3678.in[1] (.names)                                                          1.338    36.374
n3678.out[0] (.names)                                                         0.261    36.635
n3673.in[5] (.names)                                                          1.338    37.972
n3673.out[0] (.names)                                                         0.261    38.233
top^icpu_adr_o~25.in[2] (.names)                                              1.338    39.571
top^icpu_adr_o~25.out[0] (.names)                                             0.261    39.832
out:top^icpu_adr_o~25.outpad[0] (.output)                                     1.338    41.170
data arrival time                                                                      41.170

clock top^clk (rise edge)                                                     0.000     0.000
clock source latency                                                          0.000     0.000
clock uncertainty                                                             0.000     0.000
output external delay                                                         0.000     0.000
data required time                                                                      0.000
---------------------------------------------------------------------------------------------
data required time                                                                      0.000
data arrival time                                                                     -41.170
---------------------------------------------------------------------------------------------
slack (VIOLATED)                                                                      -41.170


#Path 99
Startpoint: top.or1200_operandmuxes+or1200_operandmuxes^FF_NODE~1302.Q[0] (.latch clocked by top^clk)
Endpoint  : out:top^dcpu_adr_o~31.outpad[0] (.output clocked by top^clk)
Path Type : setup

Point                                                                                           Incr      Path
--------------------------------------------------------------------------------------------------------------
clock top^clk (rise edge)                                                                      0.000     0.000
clock source latency                                                                           0.000     0.000
top^clk.inpad[0] (.input)                                                                      0.000     0.000
top.or1200_operandmuxes+or1200_operandmuxes^FF_NODE~1302.clk[0] (.latch)                       1.338     1.338
top.or1200_operandmuxes+or1200_operandmuxes^FF_NODE~1302.Q[0] (.latch) [clock-to-output]       0.124     1.462
n4596_1.in[0] (.names)                                                                         1.338     2.800
n4596_1.out[0] (.names)                                                                        0.261     3.061
n4599.in[4] (.names)                                                                           1.338     4.398
n4599.out[0] (.names)                                                                          0.261     4.659
n4602_1.in[4] (.names)                                                                         1.338     5.997
n4602_1.out[0] (.names)                                                                        0.261     6.258
n4604.in[2] (.names)                                                                           1.338     7.596
n4604.out[0] (.names)                                                                          0.261     7.857
n4606_1.in[2] (.names)                                                                         1.338     9.195
n4606_1.out[0] (.names)                                                                        0.261     9.456
n4608.in[2] (.names)                                                                           1.338    10.793
n4608.out[0] (.names)                                                                          0.261    11.054
n4611_1.in[2] (.names)                                                                         1.338    12.392
n4611_1.out[0] (.names)                                                                        0.261    12.653
n4613.in[4] (.names)                                                                           1.338    13.991
n4613.out[0] (.names)                                                                          0.261    14.252
n4615.in[4] (.names)                                                                           1.338    15.590
n4615.out[0] (.names)                                                                          0.261    15.851
n4617_1.in[4] (.names)                                                                         1.338    17.188
n4617_1.out[0] (.names)                                                                        0.261    17.449
n4620.in[4] (.names)                                                                           1.338    18.787
n4620.out[0] (.names)                                                                          0.261    19.048
n4622_1.in[2] (.names)                                                                         1.338    20.386
n4622_1.out[0] (.names)                                                                        0.261    20.647
n4624.in[2] (.names)                                                                           1.338    21.985
n4624.out[0] (.names)                                                                          0.261    22.246
n4626_1.in[2] (.names)                                                                         1.338    23.584
n4626_1.out[0] (.names)                                                                        0.261    23.845
n4628.in[2] (.names)                                                                           1.338    25.182
n4628.out[0] (.names)                                                                          0.261    25.443
n4630.in[2] (.names)                                                                           1.338    26.781
n4630.out[0] (.names)                                                                          0.261    27.042
n4632_1.in[2] (.names)                                                                         1.338    28.380
n4632_1.out[0] (.names)                                                                        0.261    28.641
n4634.in[2] (.names)                                                                           1.338    29.979
n4634.out[0] (.names)                                                                          0.261    30.240
n4636_1.in[2] (.names)                                                                         1.338    31.577
n4636_1.out[0] (.names)                                                                        0.261    31.838
n4638.in[2] (.names)                                                                           1.338    33.176
n4638.out[0] (.names)                                                                          0.261    33.437
n4640.in[2] (.names)                                                                           1.338    34.775
n4640.out[0] (.names)                                                                          0.261    35.036
n4642_1.in[2] (.names)                                                                         1.338    36.374
n4642_1.out[0] (.names)                                                                        0.261    36.635
n4647_1.in[5] (.names)                                                                         1.338    37.972
n4647_1.out[0] (.names)                                                                        0.261    38.233
top^dcpu_adr_o~31.in[5] (.names)                                                               1.338    39.571
top^dcpu_adr_o~31.out[0] (.names)                                                              0.261    39.832
out:top^dcpu_adr_o~31.outpad[0] (.output)                                                      1.338    41.170
data arrival time                                                                                       41.170

clock top^clk (rise edge)                                                                      0.000     0.000
clock source latency                                                                           0.000     0.000
clock uncertainty                                                                              0.000     0.000
output external delay                                                                          0.000     0.000
data required time                                                                                       0.000
--------------------------------------------------------------------------------------------------------------
data required time                                                                                       0.000
data arrival time                                                                                      -41.170
--------------------------------------------------------------------------------------------------------------
slack (VIOLATED)                                                                                       -41.170


#Path 100
Startpoint: top.or1200_operandmuxes+or1200_operandmuxes^FF_NODE~1302.Q[0] (.latch clocked by top^clk)
Endpoint  : out:top^dcpu_adr_o~30.outpad[0] (.output clocked by top^clk)
Path Type : setup

Point                                                                                           Incr      Path
--------------------------------------------------------------------------------------------------------------
clock top^clk (rise edge)                                                                      0.000     0.000
clock source latency                                                                           0.000     0.000
top^clk.inpad[0] (.input)                                                                      0.000     0.000
top.or1200_operandmuxes+or1200_operandmuxes^FF_NODE~1302.clk[0] (.latch)                       1.338     1.338
top.or1200_operandmuxes+or1200_operandmuxes^FF_NODE~1302.Q[0] (.latch) [clock-to-output]       0.124     1.462
n4596_1.in[0] (.names)                                                                         1.338     2.800
n4596_1.out[0] (.names)                                                                        0.261     3.061
n4599.in[4] (.names)                                                                           1.338     4.398
n4599.out[0] (.names)                                                                          0.261     4.659
n4602_1.in[4] (.names)                                                                         1.338     5.997
n4602_1.out[0] (.names)                                                                        0.261     6.258
n4604.in[2] (.names)                                                                           1.338     7.596
n4604.out[0] (.names)                                                                          0.261     7.857
n4606_1.in[2] (.names)                                                                         1.338     9.195
n4606_1.out[0] (.names)                                                                        0.261     9.456
n4608.in[2] (.names)                                                                           1.338    10.793
n4608.out[0] (.names)                                                                          0.261    11.054
n4611_1.in[2] (.names)                                                                         1.338    12.392
n4611_1.out[0] (.names)                                                                        0.261    12.653
n4613.in[4] (.names)                                                                           1.338    13.991
n4613.out[0] (.names)                                                                          0.261    14.252
n4615.in[4] (.names)                                                                           1.338    15.590
n4615.out[0] (.names)                                                                          0.261    15.851
n4617_1.in[4] (.names)                                                                         1.338    17.188
n4617_1.out[0] (.names)                                                                        0.261    17.449
n4620.in[4] (.names)                                                                           1.338    18.787
n4620.out[0] (.names)                                                                          0.261    19.048
n4622_1.in[2] (.names)                                                                         1.338    20.386
n4622_1.out[0] (.names)                                                                        0.261    20.647
n4624.in[2] (.names)                                                                           1.338    21.985
n4624.out[0] (.names)                                                                          0.261    22.246
n4626_1.in[2] (.names)                                                                         1.338    23.584
n4626_1.out[0] (.names)                                                                        0.261    23.845
n4628.in[2] (.names)                                                                           1.338    25.182
n4628.out[0] (.names)                                                                          0.261    25.443
n4630.in[2] (.names)                                                                           1.338    26.781
n4630.out[0] (.names)                                                                          0.261    27.042
n4632_1.in[2] (.names)                                                                         1.338    28.380
n4632_1.out[0] (.names)                                                                        0.261    28.641
n4634.in[2] (.names)                                                                           1.338    29.979
n4634.out[0] (.names)                                                                          0.261    30.240
n4636_1.in[2] (.names)                                                                         1.338    31.577
n4636_1.out[0] (.names)                                                                        0.261    31.838
n4638.in[2] (.names)                                                                           1.338    33.176
n4638.out[0] (.names)                                                                          0.261    33.437
n4640.in[2] (.names)                                                                           1.338    34.775
n4640.out[0] (.names)                                                                          0.261    35.036
n4642_1.in[2] (.names)                                                                         1.338    36.374
n4642_1.out[0] (.names)                                                                        0.261    36.635
n4647_1.in[5] (.names)                                                                         1.338    37.972
n4647_1.out[0] (.names)                                                                        0.261    38.233
top^dcpu_adr_o~30.in[2] (.names)                                                               1.338    39.571
top^dcpu_adr_o~30.out[0] (.names)                                                              0.261    39.832
out:top^dcpu_adr_o~30.outpad[0] (.output)                                                      1.338    41.170
data arrival time                                                                                       41.170

clock top^clk (rise edge)                                                                      0.000     0.000
clock source latency                                                                           0.000     0.000
clock uncertainty                                                                              0.000     0.000
output external delay                                                                          0.000     0.000
data required time                                                                                       0.000
--------------------------------------------------------------------------------------------------------------
data required time                                                                                       0.000
data arrival time                                                                                      -41.170
--------------------------------------------------------------------------------------------------------------
slack (VIOLATED)                                                                                       -41.170


#End of timing report
