#Timing report of worst 100 path(s)
# Unit scale: 1e-09 seconds
# Output precision: 3

#Path 1
Startpoint: top.matmult+matmultinst^FF_NODE~246.Q[0] (.latch clocked by top^tm3_clk_v0)
Endpoint  : top.matmult+matmultinst^FF_NODE~374.D[0] (.latch clocked by top^tm3_clk_v0)
Path Type : setup

Point                                                                      Incr      Path
-----------------------------------------------------------------------------------------
clock top^tm3_clk_v0 (rise edge)                                          0.000     0.000
clock source latency                                                      0.000     0.000
top^tm3_clk_v0.inpad[0] (.input)                                          0.000     0.000
top.matmult+matmultinst^FF_NODE~246.clk[0] (.latch)                       1.338     1.338
top.matmult+matmultinst^FF_NODE~246.Q[0] (.latch) [clock-to-output]       0.124     1.462
n8762.in[0] (.names)                                                      1.338     2.800
n8762.out[0] (.names)                                                     0.261     3.061
n8771.in[4] (.names)                                                      1.338     4.398
n8771.out[0] (.names)                                                     0.261     4.659
n8779_1.in[5] (.names)                                                    1.338     5.997
n8779_1.out[0] (.names)                                                   0.261     6.258
n8786.in[4] (.names)                                                      1.338     7.596
n8786.out[0] (.names)                                                     0.261     7.857
n8792.in[4] (.names)                                                      1.338     9.195
n8792.out[0] (.names)                                                     0.261     9.456
n8798.in[2] (.names)                                                      1.338    10.793
n8798.out[0] (.names)                                                     0.261    11.054
n8797.in[4] (.names)                                                      1.338    12.392
n8797.out[0] (.names)                                                     0.261    12.653
n7259.in[3] (.names)                                                      1.338    13.991
n7259.out[0] (.names)                                                     0.261    14.252
top.matmult+matmultinst^FF_NODE~374.D[0] (.latch)                         1.338    15.590
data arrival time                                                                  15.590

clock top^tm3_clk_v0 (rise edge)                                          0.000     0.000
clock source latency                                                      0.000     0.000
top^tm3_clk_v0.inpad[0] (.input)                                          0.000     0.000
top.matmult+matmultinst^FF_NODE~374.clk[0] (.latch)                       1.338     1.338
clock uncertainty                                                         0.000     1.338
cell setup time                                                          -0.066     1.272
data required time                                                                  1.272
-----------------------------------------------------------------------------------------
data required time                                                                  1.272
data arrival time                                                                 -15.590
-----------------------------------------------------------------------------------------
slack (VIOLATED)                                                                  -14.318


#Path 2
Startpoint: top.resultwriter+resultwriteinst^FF_NODE~3370.Q[0] (.latch clocked by top^tm3_clk_v0)
Endpoint  : top.resultwriter+resultwriteinst.bilinearintrp+bilinearimp^FF_NODE~2773.D[0] (.latch clocked by top^tm3_clk_v0)
Path Type : setup

Point                                                                                                          Incr      Path
-----------------------------------------------------------------------------------------------------------------------------
clock top^tm3_clk_v0 (rise edge)                                                                              0.000     0.000
clock source latency                                                                                          0.000     0.000
top^tm3_clk_v0.inpad[0] (.input)                                                                              0.000     0.000
top.resultwriter+resultwriteinst^FF_NODE~3370.clk[0] (.latch)                                                 1.338     1.338
top.resultwriter+resultwriteinst^FF_NODE~3370.Q[0] (.latch) [clock-to-output]                                 0.124     1.462
n7829_1.in[0] (.names)                                                                                        1.338     2.800
n7829_1.out[0] (.names)                                                                                       0.261     3.061
n7828.in[2] (.names)                                                                                          1.338     4.398
n7828.out[0] (.names)                                                                                         0.261     4.659
n7827.in[2] (.names)                                                                                          1.338     5.997
n7827.out[0] (.names)                                                                                         0.261     6.258
n7824_1.in[4] (.names)                                                                                        1.338     7.596
n7824_1.out[0] (.names)                                                                                       0.261     7.857
n7880_1.in[0] (.names)                                                                                        1.338     9.195
n7880_1.out[0] (.names)                                                                                       0.261     9.456
n7888.in[2] (.names)                                                                                          1.338    10.793
n7888.out[0] (.names)                                                                                         0.261    11.054
n7903.in[2] (.names)                                                                                          1.338    12.392
n7903.out[0] (.names)                                                                                         0.261    12.653
n3213.in[2] (.names)                                                                                          1.338    13.991
n3213.out[0] (.names)                                                                                         0.261    14.252
top.resultwriter+resultwriteinst.bilinearintrp+bilinearimp^FF_NODE~2773.D[0] (.latch)                         1.338    15.590
data arrival time                                                                                                      15.590

clock top^tm3_clk_v0 (rise edge)                                                                              0.000     0.000
clock source latency                                                                                          0.000     0.000
top^tm3_clk_v0.inpad[0] (.input)                                                                              0.000     0.000
top.resultwriter+resultwriteinst.bilinearintrp+bilinearimp^FF_NODE~2773.clk[0] (.latch)                       1.338     1.338
clock uncertainty                                                                                             0.000     1.338
cell setup time                                                                                              -0.066     1.272
data required time                                                                                                      1.272
-----------------------------------------------------------------------------------------------------------------------------
data required time                                                                                                      1.272
data arrival time                                                                                                     -15.590
-----------------------------------------------------------------------------------------------------------------------------
slack (VIOLATED)                                                                                                      -14.318


#Path 3
Startpoint: top.resultwriter+resultwriteinst^FF_NODE~3370.Q[0] (.latch clocked by top^tm3_clk_v0)
Endpoint  : top.resultwriter+resultwriteinst.bilinearintrp+bilinearimp^FF_NODE~2774.D[0] (.latch clocked by top^tm3_clk_v0)
Path Type : setup

Point                                                                                                          Incr      Path
-----------------------------------------------------------------------------------------------------------------------------
clock top^tm3_clk_v0 (rise edge)                                                                              0.000     0.000
clock source latency                                                                                          0.000     0.000
top^tm3_clk_v0.inpad[0] (.input)                                                                              0.000     0.000
top.resultwriter+resultwriteinst^FF_NODE~3370.clk[0] (.latch)                                                 1.338     1.338
top.resultwriter+resultwriteinst^FF_NODE~3370.Q[0] (.latch) [clock-to-output]                                 0.124     1.462
n7829_1.in[0] (.names)                                                                                        1.338     2.800
n7829_1.out[0] (.names)                                                                                       0.261     3.061
n7828.in[2] (.names)                                                                                          1.338     4.398
n7828.out[0] (.names)                                                                                         0.261     4.659
n7827.in[2] (.names)                                                                                          1.338     5.997
n7827.out[0] (.names)                                                                                         0.261     6.258
n7824_1.in[4] (.names)                                                                                        1.338     7.596
n7824_1.out[0] (.names)                                                                                       0.261     7.857
n7880_1.in[0] (.names)                                                                                        1.338     9.195
n7880_1.out[0] (.names)                                                                                       0.261     9.456
n7888.in[2] (.names)                                                                                          1.338    10.793
n7888.out[0] (.names)                                                                                         0.261    11.054
n7903.in[2] (.names)                                                                                          1.338    12.392
n7903.out[0] (.names)                                                                                         0.261    12.653
n3218.in[2] (.names)                                                                                          1.338    13.991
n3218.out[0] (.names)                                                                                         0.261    14.252
top.resultwriter+resultwriteinst.bilinearintrp+bilinearimp^FF_NODE~2774.D[0] (.latch)                         1.338    15.590
data arrival time                                                                                                      15.590

clock top^tm3_clk_v0 (rise edge)                                                                              0.000     0.000
clock source latency                                                                                          0.000     0.000
top^tm3_clk_v0.inpad[0] (.input)                                                                              0.000     0.000
top.resultwriter+resultwriteinst.bilinearintrp+bilinearimp^FF_NODE~2774.clk[0] (.latch)                       1.338     1.338
clock uncertainty                                                                                             0.000     1.338
cell setup time                                                                                              -0.066     1.272
data required time                                                                                                      1.272
-----------------------------------------------------------------------------------------------------------------------------
data required time                                                                                                      1.272
data arrival time                                                                                                     -15.590
-----------------------------------------------------------------------------------------------------------------------------
slack (VIOLATED)                                                                                                      -14.318


#Path 4
Startpoint: top.resultwriter+resultwriteinst^FF_NODE~3370.Q[0] (.latch clocked by top^tm3_clk_v0)
Endpoint  : top.resultwriter+resultwriteinst.bilinearintrp+bilinearimp^FF_NODE~2775.D[0] (.latch clocked by top^tm3_clk_v0)
Path Type : setup

Point                                                                                                          Incr      Path
-----------------------------------------------------------------------------------------------------------------------------
clock top^tm3_clk_v0 (rise edge)                                                                              0.000     0.000
clock source latency                                                                                          0.000     0.000
top^tm3_clk_v0.inpad[0] (.input)                                                                              0.000     0.000
top.resultwriter+resultwriteinst^FF_NODE~3370.clk[0] (.latch)                                                 1.338     1.338
top.resultwriter+resultwriteinst^FF_NODE~3370.Q[0] (.latch) [clock-to-output]                                 0.124     1.462
n7829_1.in[0] (.names)                                                                                        1.338     2.800
n7829_1.out[0] (.names)                                                                                       0.261     3.061
n7828.in[2] (.names)                                                                                          1.338     4.398
n7828.out[0] (.names)                                                                                         0.261     4.659
n7827.in[2] (.names)                                                                                          1.338     5.997
n7827.out[0] (.names)                                                                                         0.261     6.258
n7824_1.in[4] (.names)                                                                                        1.338     7.596
n7824_1.out[0] (.names)                                                                                       0.261     7.857
n7880_1.in[0] (.names)                                                                                        1.338     9.195
n7880_1.out[0] (.names)                                                                                       0.261     9.456
n7888.in[2] (.names)                                                                                          1.338    10.793
n7888.out[0] (.names)                                                                                         0.261    11.054
n7903.in[2] (.names)                                                                                          1.338    12.392
n7903.out[0] (.names)                                                                                         0.261    12.653
n3223.in[2] (.names)                                                                                          1.338    13.991
n3223.out[0] (.names)                                                                                         0.261    14.252
top.resultwriter+resultwriteinst.bilinearintrp+bilinearimp^FF_NODE~2775.D[0] (.latch)                         1.338    15.590
data arrival time                                                                                                      15.590

clock top^tm3_clk_v0 (rise edge)                                                                              0.000     0.000
clock source latency                                                                                          0.000     0.000
top^tm3_clk_v0.inpad[0] (.input)                                                                              0.000     0.000
top.resultwriter+resultwriteinst.bilinearintrp+bilinearimp^FF_NODE~2775.clk[0] (.latch)                       1.338     1.338
clock uncertainty                                                                                             0.000     1.338
cell setup time                                                                                              -0.066     1.272
data required time                                                                                                      1.272
-----------------------------------------------------------------------------------------------------------------------------
data required time                                                                                                      1.272
data arrival time                                                                                                     -15.590
-----------------------------------------------------------------------------------------------------------------------------
slack (VIOLATED)                                                                                                      -14.318


#Path 5
Startpoint: top.resultwriter+resultwriteinst.linearmap+linearmapinst^FF_NODE~2703.Q[0] (.latch clocked by top^tm3_clk_v0)
Endpoint  : top.resultwriter+resultwriteinst.linearmap+linearmapinst^FF_NODE~2731.D[0] (.latch clocked by top^tm3_clk_v0)
Path Type : setup

Point                                                                                                        Incr      Path
---------------------------------------------------------------------------------------------------------------------------
clock top^tm3_clk_v0 (rise edge)                                                                            0.000     0.000
clock source latency                                                                                        0.000     0.000
top^tm3_clk_v0.inpad[0] (.input)                                                                            0.000     0.000
top.resultwriter+resultwriteinst.linearmap+linearmapinst^FF_NODE~2703.clk[0] (.latch)                       1.338     1.338
top.resultwriter+resultwriteinst.linearmap+linearmapinst^FF_NODE~2703.Q[0] (.latch) [clock-to-output]       0.124     1.462
n7600_1.in[0] (.names)                                                                                      1.338     2.800
n7600_1.out[0] (.names)                                                                                     0.261     3.061
n7631.in[5] (.names)                                                                                        1.338     4.398
n7631.out[0] (.names)                                                                                       0.261     4.659
n7630_1.in[1] (.names)                                                                                      1.338     5.997
n7630_1.out[0] (.names)                                                                                     0.261     6.258
n7646.in[1] (.names)                                                                                        1.338     7.596
n7646.out[0] (.names)                                                                                       0.261     7.857
n7668.in[2] (.names)                                                                                        1.338     9.195
n7668.out[0] (.names)                                                                                       0.261     9.456
n7667.in[4] (.names)                                                                                        1.338    10.793
n7667.out[0] (.names)                                                                                       0.261    11.054
n7664.in[5] (.names)                                                                                        1.338    12.392
n7664.out[0] (.names)                                                                                       0.261    12.653
n2768.in[5] (.names)                                                                                        1.338    13.991
n2768.out[0] (.names)                                                                                       0.261    14.252
top.resultwriter+resultwriteinst.linearmap+linearmapinst^FF_NODE~2731.D[0] (.latch)                         1.338    15.590
data arrival time                                                                                                    15.590

clock top^tm3_clk_v0 (rise edge)                                                                            0.000     0.000
clock source latency                                                                                        0.000     0.000
top^tm3_clk_v0.inpad[0] (.input)                                                                            0.000     0.000
top.resultwriter+resultwriteinst.linearmap+linearmapinst^FF_NODE~2731.clk[0] (.latch)                       1.338     1.338
clock uncertainty                                                                                           0.000     1.338
cell setup time                                                                                            -0.066     1.272
data required time                                                                                                    1.272
---------------------------------------------------------------------------------------------------------------------------
data required time                                                                                                    1.272
data arrival time                                                                                                   -15.590
---------------------------------------------------------------------------------------------------------------------------
slack (VIOLATED)                                                                                                    -14.318


#Path 6
Startpoint: top.resultwriter+resultwriteinst.linearmap+linearmapinst^FF_NODE~2703.Q[0] (.latch clocked by top^tm3_clk_v0)
Endpoint  : top.resultwriter+resultwriteinst.linearmap+linearmapinst^FF_NODE~2732.D[0] (.latch clocked by top^tm3_clk_v0)
Path Type : setup

Point                                                                                                        Incr      Path
---------------------------------------------------------------------------------------------------------------------------
clock top^tm3_clk_v0 (rise edge)                                                                            0.000     0.000
clock source latency                                                                                        0.000     0.000
top^tm3_clk_v0.inpad[0] (.input)                                                                            0.000     0.000
top.resultwriter+resultwriteinst.linearmap+linearmapinst^FF_NODE~2703.clk[0] (.latch)                       1.338     1.338
top.resultwriter+resultwriteinst.linearmap+linearmapinst^FF_NODE~2703.Q[0] (.latch) [clock-to-output]       0.124     1.462
n7600_1.in[0] (.names)                                                                                      1.338     2.800
n7600_1.out[0] (.names)                                                                                     0.261     3.061
n7631.in[5] (.names)                                                                                        1.338     4.398
n7631.out[0] (.names)                                                                                       0.261     4.659
n7671.in[4] (.names)                                                                                        1.338     5.997
n7671.out[0] (.names)                                                                                       0.261     6.258
n7676.in[2] (.names)                                                                                        1.338     7.596
n7676.out[0] (.names)                                                                                       0.261     7.857
n7675.in[3] (.names)                                                                                        1.338     9.195
n7675.out[0] (.names)                                                                                       0.261     9.456
n7673.in[4] (.names)                                                                                        1.338    10.793
n7673.out[0] (.names)                                                                                       0.261    11.054
n7672.in[3] (.names)                                                                                        1.338    12.392
n7672.out[0] (.names)                                                                                       0.261    12.653
n2773.in[3] (.names)                                                                                        1.338    13.991
n2773.out[0] (.names)                                                                                       0.261    14.252
top.resultwriter+resultwriteinst.linearmap+linearmapinst^FF_NODE~2732.D[0] (.latch)                         1.338    15.590
data arrival time                                                                                                    15.590

clock top^tm3_clk_v0 (rise edge)                                                                            0.000     0.000
clock source latency                                                                                        0.000     0.000
top^tm3_clk_v0.inpad[0] (.input)                                                                            0.000     0.000
top.resultwriter+resultwriteinst.linearmap+linearmapinst^FF_NODE~2732.clk[0] (.latch)                       1.338     1.338
clock uncertainty                                                                                           0.000     1.338
cell setup time                                                                                            -0.066     1.272
data required time                                                                                                    1.272
---------------------------------------------------------------------------------------------------------------------------
data required time                                                                                                    1.272
data arrival time                                                                                                   -15.590
---------------------------------------------------------------------------------------------------------------------------
slack (VIOLATED)                                                                                                    -14.318


#Path 7
Startpoint: top.resultwriter+resultwriteinst.linearmap+linearmapinst^FF_NODE~2703.Q[0] (.latch clocked by top^tm3_clk_v0)
Endpoint  : top.resultwriter+resultwriteinst.linearmap+linearmapinst^FF_NODE~2719.D[0] (.latch clocked by top^tm3_clk_v0)
Path Type : setup

Point                                                                                                        Incr      Path
---------------------------------------------------------------------------------------------------------------------------
clock top^tm3_clk_v0 (rise edge)                                                                            0.000     0.000
clock source latency                                                                                        0.000     0.000
top^tm3_clk_v0.inpad[0] (.input)                                                                            0.000     0.000
top.resultwriter+resultwriteinst.linearmap+linearmapinst^FF_NODE~2703.clk[0] (.latch)                       1.338     1.338
top.resultwriter+resultwriteinst.linearmap+linearmapinst^FF_NODE~2703.Q[0] (.latch) [clock-to-output]       0.124     1.462
n7600_1.in[0] (.names)                                                                                      1.338     2.800
n7600_1.out[0] (.names)                                                                                     0.261     3.061
n7631.in[5] (.names)                                                                                        1.338     4.398
n7631.out[0] (.names)                                                                                       0.261     4.659
n7645_1.in[2] (.names)                                                                                      1.338     5.997
n7645_1.out[0] (.names)                                                                                     0.261     6.258
n7682.in[2] (.names)                                                                                        1.338     7.596
n7682.out[0] (.names)                                                                                       0.261     7.857
n7698.in[2] (.names)                                                                                        1.338     9.195
n7698.out[0] (.names)                                                                                       0.261     9.456
n7713.in[2] (.names)                                                                                        1.338    10.793
n7713.out[0] (.names)                                                                                       0.261    11.054
n7721.in[3] (.names)                                                                                        1.338    12.392
n7721.out[0] (.names)                                                                                       0.261    12.653
n2788.in[4] (.names)                                                                                        1.338    13.991
n2788.out[0] (.names)                                                                                       0.261    14.252
top.resultwriter+resultwriteinst.linearmap+linearmapinst^FF_NODE~2719.D[0] (.latch)                         1.338    15.590
data arrival time                                                                                                    15.590

clock top^tm3_clk_v0 (rise edge)                                                                            0.000     0.000
clock source latency                                                                                        0.000     0.000
top^tm3_clk_v0.inpad[0] (.input)                                                                            0.000     0.000
top.resultwriter+resultwriteinst.linearmap+linearmapinst^FF_NODE~2719.clk[0] (.latch)                       1.338     1.338
clock uncertainty                                                                                           0.000     1.338
cell setup time                                                                                            -0.066     1.272
data required time                                                                                                    1.272
---------------------------------------------------------------------------------------------------------------------------
data required time                                                                                                    1.272
data arrival time                                                                                                   -15.590
---------------------------------------------------------------------------------------------------------------------------
slack (VIOLATED)                                                                                                    -14.318


#Path 8
Startpoint: top.resultwriter+resultwriteinst.linearmap+linearmapinst^FF_NODE~2703.Q[0] (.latch clocked by top^tm3_clk_v0)
Endpoint  : top.resultwriter+resultwriteinst.linearmap+linearmapinst^FF_NODE~2721.D[0] (.latch clocked by top^tm3_clk_v0)
Path Type : setup

Point                                                                                                        Incr      Path
---------------------------------------------------------------------------------------------------------------------------
clock top^tm3_clk_v0 (rise edge)                                                                            0.000     0.000
clock source latency                                                                                        0.000     0.000
top^tm3_clk_v0.inpad[0] (.input)                                                                            0.000     0.000
top.resultwriter+resultwriteinst.linearmap+linearmapinst^FF_NODE~2703.clk[0] (.latch)                       1.338     1.338
top.resultwriter+resultwriteinst.linearmap+linearmapinst^FF_NODE~2703.Q[0] (.latch) [clock-to-output]       0.124     1.462
n7600_1.in[0] (.names)                                                                                      1.338     2.800
n7600_1.out[0] (.names)                                                                                     0.261     3.061
n7631.in[5] (.names)                                                                                        1.338     4.398
n7631.out[0] (.names)                                                                                       0.261     4.659
n7645_1.in[2] (.names)                                                                                      1.338     5.997
n7645_1.out[0] (.names)                                                                                     0.261     6.258
n7682.in[2] (.names)                                                                                        1.338     7.596
n7682.out[0] (.names)                                                                                       0.261     7.857
n7698.in[2] (.names)                                                                                        1.338     9.195
n7698.out[0] (.names)                                                                                       0.261     9.456
n7713.in[2] (.names)                                                                                        1.338    10.793
n7713.out[0] (.names)                                                                                       0.261    11.054
n7746.in[3] (.names)                                                                                        1.338    12.392
n7746.out[0] (.names)                                                                                       0.261    12.653
n2798.in[1] (.names)                                                                                        1.338    13.991
n2798.out[0] (.names)                                                                                       0.261    14.252
top.resultwriter+resultwriteinst.linearmap+linearmapinst^FF_NODE~2721.D[0] (.latch)                         1.338    15.590
data arrival time                                                                                                    15.590

clock top^tm3_clk_v0 (rise edge)                                                                            0.000     0.000
clock source latency                                                                                        0.000     0.000
top^tm3_clk_v0.inpad[0] (.input)                                                                            0.000     0.000
top.resultwriter+resultwriteinst.linearmap+linearmapinst^FF_NODE~2721.clk[0] (.latch)                       1.338     1.338
clock uncertainty                                                                                           0.000     1.338
cell setup time                                                                                            -0.066     1.272
data required time                                                                                                    1.272
---------------------------------------------------------------------------------------------------------------------------
data required time                                                                                                    1.272
data arrival time                                                                                                   -15.590
---------------------------------------------------------------------------------------------------------------------------
slack (VIOLATED)                                                                                                    -14.318


#Path 9
Startpoint: top.resultwriter+resultwriteinst.linearmap+linearmapinst^FF_NODE~2703.Q[0] (.latch clocked by top^tm3_clk_v0)
Endpoint  : top.resultwriter+resultwriteinst.linearmap+linearmapinst^FF_NODE~2718.D[0] (.latch clocked by top^tm3_clk_v0)
Path Type : setup

Point                                                                                                        Incr      Path
---------------------------------------------------------------------------------------------------------------------------
clock top^tm3_clk_v0 (rise edge)                                                                            0.000     0.000
clock source latency                                                                                        0.000     0.000
top^tm3_clk_v0.inpad[0] (.input)                                                                            0.000     0.000
top.resultwriter+resultwriteinst.linearmap+linearmapinst^FF_NODE~2703.clk[0] (.latch)                       1.338     1.338
top.resultwriter+resultwriteinst.linearmap+linearmapinst^FF_NODE~2703.Q[0] (.latch) [clock-to-output]       0.124     1.462
n7600_1.in[0] (.names)                                                                                      1.338     2.800
n7600_1.out[0] (.names)                                                                                     0.261     3.061
n7631.in[5] (.names)                                                                                        1.338     4.398
n7631.out[0] (.names)                                                                                       0.261     4.659
n7630_1.in[1] (.names)                                                                                      1.338     5.997
n7630_1.out[0] (.names)                                                                                     0.261     6.258
n7707.in[2] (.names)                                                                                        1.338     7.596
n7707.out[0] (.names)                                                                                       0.261     7.857
n7706.in[3] (.names)                                                                                        1.338     9.195
n7706.out[0] (.names)                                                                                       0.261     9.456
n7705.in[4] (.names)                                                                                        1.338    10.793
n7705.out[0] (.names)                                                                                       0.261    11.054
n7703.in[4] (.names)                                                                                        1.338    12.392
n7703.out[0] (.names)                                                                                       0.261    12.653
n2783.in[3] (.names)                                                                                        1.338    13.991
n2783.out[0] (.names)                                                                                       0.261    14.252
top.resultwriter+resultwriteinst.linearmap+linearmapinst^FF_NODE~2718.D[0] (.latch)                         1.338    15.590
data arrival time                                                                                                    15.590

clock top^tm3_clk_v0 (rise edge)                                                                            0.000     0.000
clock source latency                                                                                        0.000     0.000
top^tm3_clk_v0.inpad[0] (.input)                                                                            0.000     0.000
top.resultwriter+resultwriteinst.linearmap+linearmapinst^FF_NODE~2718.clk[0] (.latch)                       1.338     1.338
clock uncertainty                                                                                           0.000     1.338
cell setup time                                                                                            -0.066     1.272
data required time                                                                                                    1.272
---------------------------------------------------------------------------------------------------------------------------
data required time                                                                                                    1.272
data arrival time                                                                                                   -15.590
---------------------------------------------------------------------------------------------------------------------------
slack (VIOLATED)                                                                                                    -14.318


#Path 10
Startpoint: top.resultwriter+resultwriteinst.linearmap+linearmapinst^FF_NODE~2703.Q[0] (.latch clocked by top^tm3_clk_v0)
Endpoint  : top.resultwriter+resultwriteinst.linearmap+linearmapinst^FF_NODE~2720.D[0] (.latch clocked by top^tm3_clk_v0)
Path Type : setup

Point                                                                                                        Incr      Path
---------------------------------------------------------------------------------------------------------------------------
clock top^tm3_clk_v0 (rise edge)                                                                            0.000     0.000
clock source latency                                                                                        0.000     0.000
top^tm3_clk_v0.inpad[0] (.input)                                                                            0.000     0.000
top.resultwriter+resultwriteinst.linearmap+linearmapinst^FF_NODE~2703.clk[0] (.latch)                       1.338     1.338
top.resultwriter+resultwriteinst.linearmap+linearmapinst^FF_NODE~2703.Q[0] (.latch) [clock-to-output]       0.124     1.462
n7600_1.in[0] (.names)                                                                                      1.338     2.800
n7600_1.out[0] (.names)                                                                                     0.261     3.061
n7631.in[5] (.names)                                                                                        1.338     4.398
n7631.out[0] (.names)                                                                                       0.261     4.659
n7645_1.in[2] (.names)                                                                                      1.338     5.997
n7645_1.out[0] (.names)                                                                                     0.261     6.258
n7682.in[2] (.names)                                                                                        1.338     7.596
n7682.out[0] (.names)                                                                                       0.261     7.857
n7736.in[3] (.names)                                                                                        1.338     9.195
n7736.out[0] (.names)                                                                                       0.261     9.456
n7735.in[2] (.names)                                                                                        1.338    10.793
n7735.out[0] (.names)                                                                                       0.261    11.054
n7730.in[3] (.names)                                                                                        1.338    12.392
n7730.out[0] (.names)                                                                                       0.261    12.653
n2793.in[4] (.names)                                                                                        1.338    13.991
n2793.out[0] (.names)                                                                                       0.261    14.252
top.resultwriter+resultwriteinst.linearmap+linearmapinst^FF_NODE~2720.D[0] (.latch)                         1.338    15.590
data arrival time                                                                                                    15.590

clock top^tm3_clk_v0 (rise edge)                                                                            0.000     0.000
clock source latency                                                                                        0.000     0.000
top^tm3_clk_v0.inpad[0] (.input)                                                                            0.000     0.000
top.resultwriter+resultwriteinst.linearmap+linearmapinst^FF_NODE~2720.clk[0] (.latch)                       1.338     1.338
clock uncertainty                                                                                           0.000     1.338
cell setup time                                                                                            -0.066     1.272
data required time                                                                                                    1.272
---------------------------------------------------------------------------------------------------------------------------
data required time                                                                                                    1.272
data arrival time                                                                                                   -15.590
---------------------------------------------------------------------------------------------------------------------------
slack (VIOLATED)                                                                                                    -14.318


#Path 11
Startpoint: top.resultwriter+resultwriteinst.linearmap+linearmapinst^FF_NODE~2703.Q[0] (.latch clocked by top^tm3_clk_v0)
Endpoint  : top.resultwriter+resultwriteinst.linearmap+linearmapinst^FF_NODE~2722.D[0] (.latch clocked by top^tm3_clk_v0)
Path Type : setup

Point                                                                                                        Incr      Path
---------------------------------------------------------------------------------------------------------------------------
clock top^tm3_clk_v0 (rise edge)                                                                            0.000     0.000
clock source latency                                                                                        0.000     0.000
top^tm3_clk_v0.inpad[0] (.input)                                                                            0.000     0.000
top.resultwriter+resultwriteinst.linearmap+linearmapinst^FF_NODE~2703.clk[0] (.latch)                       1.338     1.338
top.resultwriter+resultwriteinst.linearmap+linearmapinst^FF_NODE~2703.Q[0] (.latch) [clock-to-output]       0.124     1.462
n7600_1.in[0] (.names)                                                                                      1.338     2.800
n7600_1.out[0] (.names)                                                                                     0.261     3.061
n7631.in[5] (.names)                                                                                        1.338     4.398
n7631.out[0] (.names)                                                                                       0.261     4.659
n7645_1.in[2] (.names)                                                                                      1.338     5.997
n7645_1.out[0] (.names)                                                                                     0.261     6.258
n7682.in[2] (.names)                                                                                        1.338     7.596
n7682.out[0] (.names)                                                                                       0.261     7.857
n7736.in[3] (.names)                                                                                        1.338     9.195
n7736.out[0] (.names)                                                                                       0.261     9.456
n7759_1.in[3] (.names)                                                                                      1.338    10.793
n7759_1.out[0] (.names)                                                                                     0.261    11.054
n7757.in[3] (.names)                                                                                        1.338    12.392
n7757.out[0] (.names)                                                                                       0.261    12.653
n2803.in[2] (.names)                                                                                        1.338    13.991
n2803.out[0] (.names)                                                                                       0.261    14.252
top.resultwriter+resultwriteinst.linearmap+linearmapinst^FF_NODE~2722.D[0] (.latch)                         1.338    15.590
data arrival time                                                                                                    15.590

clock top^tm3_clk_v0 (rise edge)                                                                            0.000     0.000
clock source latency                                                                                        0.000     0.000
top^tm3_clk_v0.inpad[0] (.input)                                                                            0.000     0.000
top.resultwriter+resultwriteinst.linearmap+linearmapinst^FF_NODE~2722.clk[0] (.latch)                       1.338     1.338
clock uncertainty                                                                                           0.000     1.338
cell setup time                                                                                            -0.066     1.272
data required time                                                                                                    1.272
---------------------------------------------------------------------------------------------------------------------------
data required time                                                                                                    1.272
data arrival time                                                                                                   -15.590
---------------------------------------------------------------------------------------------------------------------------
slack (VIOLATED)                                                                                                    -14.318


#Path 12
Startpoint: top.resultwriter+resultwriteinst.linearmap+linearmapinst^FF_NODE~2703.Q[0] (.latch clocked by top^tm3_clk_v0)
Endpoint  : top.resultwriter+resultwriteinst.linearmap+linearmapinst^FF_NODE~2724.D[0] (.latch clocked by top^tm3_clk_v0)
Path Type : setup

Point                                                                                                        Incr      Path
---------------------------------------------------------------------------------------------------------------------------
clock top^tm3_clk_v0 (rise edge)                                                                            0.000     0.000
clock source latency                                                                                        0.000     0.000
top^tm3_clk_v0.inpad[0] (.input)                                                                            0.000     0.000
top.resultwriter+resultwriteinst.linearmap+linearmapinst^FF_NODE~2703.clk[0] (.latch)                       1.338     1.338
top.resultwriter+resultwriteinst.linearmap+linearmapinst^FF_NODE~2703.Q[0] (.latch) [clock-to-output]       0.124     1.462
n7600_1.in[0] (.names)                                                                                      1.338     2.800
n7600_1.out[0] (.names)                                                                                     0.261     3.061
n7631.in[5] (.names)                                                                                        1.338     4.398
n7631.out[0] (.names)                                                                                       0.261     4.659
n7658.in[3] (.names)                                                                                        1.338     5.997
n7658.out[0] (.names)                                                                                       0.261     6.258
n7687.in[2] (.names)                                                                                        1.338     7.596
n7687.out[0] (.names)                                                                                       0.261     7.857
n7722.in[3] (.names)                                                                                        1.338     9.195
n7722.out[0] (.names)                                                                                       0.261     9.456
n7752.in[2] (.names)                                                                                        1.338    10.793
n7752.out[0] (.names)                                                                                       0.261    11.054
n7785_1.in[5] (.names)                                                                                      1.338    12.392
n7785_1.out[0] (.names)                                                                                     0.261    12.653
n2813.in[0] (.names)                                                                                        1.338    13.991
n2813.out[0] (.names)                                                                                       0.261    14.252
top.resultwriter+resultwriteinst.linearmap+linearmapinst^FF_NODE~2724.D[0] (.latch)                         1.338    15.590
data arrival time                                                                                                    15.590

clock top^tm3_clk_v0 (rise edge)                                                                            0.000     0.000
clock source latency                                                                                        0.000     0.000
top^tm3_clk_v0.inpad[0] (.input)                                                                            0.000     0.000
top.resultwriter+resultwriteinst.linearmap+linearmapinst^FF_NODE~2724.clk[0] (.latch)                       1.338     1.338
clock uncertainty                                                                                           0.000     1.338
cell setup time                                                                                            -0.066     1.272
data required time                                                                                                    1.272
---------------------------------------------------------------------------------------------------------------------------
data required time                                                                                                    1.272
data arrival time                                                                                                   -15.590
---------------------------------------------------------------------------------------------------------------------------
slack (VIOLATED)                                                                                                    -14.318


#Path 13
Startpoint: top.raygencont+raygencontinst^FF_NODE~1816.Q[0] (.latch clocked by top^tm3_clk_v0)
Endpoint  : top.raygencont+raygencontinst^FF_NODE~1836.D[0] (.latch clocked by top^tm3_clk_v0)
Path Type : setup

Point                                                                             Incr      Path
------------------------------------------------------------------------------------------------
clock top^tm3_clk_v0 (rise edge)                                                 0.000     0.000
clock source latency                                                             0.000     0.000
top^tm3_clk_v0.inpad[0] (.input)                                                 0.000     0.000
top.raygencont+raygencontinst^FF_NODE~1816.clk[0] (.latch)                       1.338     1.338
top.raygencont+raygencontinst^FF_NODE~1816.Q[0] (.latch) [clock-to-output]       0.124     1.462
n8385_1.in[0] (.names)                                                           1.338     2.800
n8385_1.out[0] (.names)                                                          0.261     3.061
n8389_1.in[3] (.names)                                                           1.338     4.398
n8389_1.out[0] (.names)                                                          0.261     4.659
n8396.in[5] (.names)                                                             1.338     5.997
n8396.out[0] (.names)                                                            0.261     6.258
n8402.in[4] (.names)                                                             1.338     7.596
n8402.out[0] (.names)                                                            0.261     7.857
n8409_1.in[5] (.names)                                                           1.338     9.195
n8409_1.out[0] (.names)                                                          0.261     9.456
n8416.in[5] (.names)                                                             1.338    10.793
n8416.out[0] (.names)                                                            0.261    11.054
n8419_1.in[2] (.names)                                                           1.338    12.392
n8419_1.out[0] (.names)                                                          0.261    12.653
n4951.in[1] (.names)                                                             1.338    13.991
n4951.out[0] (.names)                                                            0.261    14.252
top.raygencont+raygencontinst^FF_NODE~1836.D[0] (.latch)                         1.338    15.590
data arrival time                                                                         15.590

clock top^tm3_clk_v0 (rise edge)                                                 0.000     0.000
clock source latency                                                             0.000     0.000
top^tm3_clk_v0.inpad[0] (.input)                                                 0.000     0.000
top.raygencont+raygencontinst^FF_NODE~1836.clk[0] (.latch)                       1.338     1.338
clock uncertainty                                                                0.000     1.338
cell setup time                                                                 -0.066     1.272
data required time                                                                         1.272
------------------------------------------------------------------------------------------------
data required time                                                                         1.272
data arrival time                                                                        -15.590
------------------------------------------------------------------------------------------------
slack (VIOLATED)                                                                         -14.318


#Path 14
Startpoint: top.raygencont+raygencontinst^FF_NODE~1816.Q[0] (.latch clocked by top^tm3_clk_v0)
Endpoint  : top.raygencont+raygencontinst^FF_NODE~1837.D[0] (.latch clocked by top^tm3_clk_v0)
Path Type : setup

Point                                                                             Incr      Path
------------------------------------------------------------------------------------------------
clock top^tm3_clk_v0 (rise edge)                                                 0.000     0.000
clock source latency                                                             0.000     0.000
top^tm3_clk_v0.inpad[0] (.input)                                                 0.000     0.000
top.raygencont+raygencontinst^FF_NODE~1816.clk[0] (.latch)                       1.338     1.338
top.raygencont+raygencontinst^FF_NODE~1816.Q[0] (.latch) [clock-to-output]       0.124     1.462
n8385_1.in[0] (.names)                                                           1.338     2.800
n8385_1.out[0] (.names)                                                          0.261     3.061
n8389_1.in[3] (.names)                                                           1.338     4.398
n8389_1.out[0] (.names)                                                          0.261     4.659
n8396.in[5] (.names)                                                             1.338     5.997
n8396.out[0] (.names)                                                            0.261     6.258
n8402.in[4] (.names)                                                             1.338     7.596
n8402.out[0] (.names)                                                            0.261     7.857
n8409_1.in[5] (.names)                                                           1.338     9.195
n8409_1.out[0] (.names)                                                          0.261     9.456
n8416.in[5] (.names)                                                             1.338    10.793
n8416.out[0] (.names)                                                            0.261    11.054
n8419_1.in[2] (.names)                                                           1.338    12.392
n8419_1.out[0] (.names)                                                          0.261    12.653
n4956.in[2] (.names)                                                             1.338    13.991
n4956.out[0] (.names)                                                            0.261    14.252
top.raygencont+raygencontinst^FF_NODE~1837.D[0] (.latch)                         1.338    15.590
data arrival time                                                                         15.590

clock top^tm3_clk_v0 (rise edge)                                                 0.000     0.000
clock source latency                                                             0.000     0.000
top^tm3_clk_v0.inpad[0] (.input)                                                 0.000     0.000
top.raygencont+raygencontinst^FF_NODE~1837.clk[0] (.latch)                       1.338     1.338
clock uncertainty                                                                0.000     1.338
cell setup time                                                                 -0.066     1.272
data required time                                                                         1.272
------------------------------------------------------------------------------------------------
data required time                                                                         1.272
data arrival time                                                                        -15.590
------------------------------------------------------------------------------------------------
slack (VIOLATED)                                                                         -14.318


#Path 15
Startpoint: top.raygencont+raygencontinst^FF_NODE~1816.Q[0] (.latch clocked by top^tm3_clk_v0)
Endpoint  : top.raygencont+raygencontinst^FF_NODE~1838.D[0] (.latch clocked by top^tm3_clk_v0)
Path Type : setup

Point                                                                             Incr      Path
------------------------------------------------------------------------------------------------
clock top^tm3_clk_v0 (rise edge)                                                 0.000     0.000
clock source latency                                                             0.000     0.000
top^tm3_clk_v0.inpad[0] (.input)                                                 0.000     0.000
top.raygencont+raygencontinst^FF_NODE~1816.clk[0] (.latch)                       1.338     1.338
top.raygencont+raygencontinst^FF_NODE~1816.Q[0] (.latch) [clock-to-output]       0.124     1.462
n8385_1.in[0] (.names)                                                           1.338     2.800
n8385_1.out[0] (.names)                                                          0.261     3.061
n8389_1.in[3] (.names)                                                           1.338     4.398
n8389_1.out[0] (.names)                                                          0.261     4.659
n8396.in[5] (.names)                                                             1.338     5.997
n8396.out[0] (.names)                                                            0.261     6.258
n8402.in[4] (.names)                                                             1.338     7.596
n8402.out[0] (.names)                                                            0.261     7.857
n8409_1.in[5] (.names)                                                           1.338     9.195
n8409_1.out[0] (.names)                                                          0.261     9.456
n8416.in[5] (.names)                                                             1.338    10.793
n8416.out[0] (.names)                                                            0.261    11.054
n8419_1.in[2] (.names)                                                           1.338    12.392
n8419_1.out[0] (.names)                                                          0.261    12.653
n4961.in[3] (.names)                                                             1.338    13.991
n4961.out[0] (.names)                                                            0.261    14.252
top.raygencont+raygencontinst^FF_NODE~1838.D[0] (.latch)                         1.338    15.590
data arrival time                                                                         15.590

clock top^tm3_clk_v0 (rise edge)                                                 0.000     0.000
clock source latency                                                             0.000     0.000
top^tm3_clk_v0.inpad[0] (.input)                                                 0.000     0.000
top.raygencont+raygencontinst^FF_NODE~1838.clk[0] (.latch)                       1.338     1.338
clock uncertainty                                                                0.000     1.338
cell setup time                                                                 -0.066     1.272
data required time                                                                         1.272
------------------------------------------------------------------------------------------------
data required time                                                                         1.272
data arrival time                                                                        -15.590
------------------------------------------------------------------------------------------------
slack (VIOLATED)                                                                         -14.318


#Path 16
Startpoint: top.raygencont+raygencontinst^FF_NODE~1816.Q[0] (.latch clocked by top^tm3_clk_v0)
Endpoint  : top.raygencont+raygencontinst^FF_NODE~1840.D[0] (.latch clocked by top^tm3_clk_v0)
Path Type : setup

Point                                                                             Incr      Path
------------------------------------------------------------------------------------------------
clock top^tm3_clk_v0 (rise edge)                                                 0.000     0.000
clock source latency                                                             0.000     0.000
top^tm3_clk_v0.inpad[0] (.input)                                                 0.000     0.000
top.raygencont+raygencontinst^FF_NODE~1816.clk[0] (.latch)                       1.338     1.338
top.raygencont+raygencontinst^FF_NODE~1816.Q[0] (.latch) [clock-to-output]       0.124     1.462
n8385_1.in[0] (.names)                                                           1.338     2.800
n8385_1.out[0] (.names)                                                          0.261     3.061
n8389_1.in[3] (.names)                                                           1.338     4.398
n8389_1.out[0] (.names)                                                          0.261     4.659
n8396.in[5] (.names)                                                             1.338     5.997
n8396.out[0] (.names)                                                            0.261     6.258
n8402.in[4] (.names)                                                             1.338     7.596
n8402.out[0] (.names)                                                            0.261     7.857
n8409_1.in[5] (.names)                                                           1.338     9.195
n8409_1.out[0] (.names)                                                          0.261     9.456
n8416.in[5] (.names)                                                             1.338    10.793
n8416.out[0] (.names)                                                            0.261    11.054
n8419_1.in[2] (.names)                                                           1.338    12.392
n8419_1.out[0] (.names)                                                          0.261    12.653
n4966.in[5] (.names)                                                             1.338    13.991
n4966.out[0] (.names)                                                            0.261    14.252
top.raygencont+raygencontinst^FF_NODE~1840.D[0] (.latch)                         1.338    15.590
data arrival time                                                                         15.590

clock top^tm3_clk_v0 (rise edge)                                                 0.000     0.000
clock source latency                                                             0.000     0.000
top^tm3_clk_v0.inpad[0] (.input)                                                 0.000     0.000
top.raygencont+raygencontinst^FF_NODE~1840.clk[0] (.latch)                       1.338     1.338
clock uncertainty                                                                0.000     1.338
cell setup time                                                                 -0.066     1.272
data required time                                                                         1.272
------------------------------------------------------------------------------------------------
data required time                                                                         1.272
data arrival time                                                                        -15.590
------------------------------------------------------------------------------------------------
slack (VIOLATED)                                                                         -14.318


#Path 17
Startpoint: top.matmult+matmultinst^FF_NODE~54.Q[0] (.latch clocked by top^tm3_clk_v0)
Endpoint  : top.matmult+matmultinst^FF_NODE~341.D[0] (.latch clocked by top^tm3_clk_v0)
Path Type : setup

Point                                                                      Incr      Path
-----------------------------------------------------------------------------------------
clock top^tm3_clk_v0 (rise edge)                                          0.000     0.000
clock source latency                                                      0.000     0.000
top^tm3_clk_v0.inpad[0] (.input)                                          0.000     0.000
top.matmult+matmultinst^FF_NODE~54.clk[0] (.latch)                        1.338     1.338
top.matmult+matmultinst^FF_NODE~54.Q[0] (.latch) [clock-to-output]        0.124     1.462
n8565_1.in[0] (.names)                                                    1.338     2.800
n8565_1.out[0] (.names)                                                   0.261     3.061
n8574_1.in[4] (.names)                                                    1.338     4.398
n8574_1.out[0] (.names)                                                   0.261     4.659
n8582.in[5] (.names)                                                      1.338     5.997
n8582.out[0] (.names)                                                     0.261     6.258
n8589_1.in[4] (.names)                                                    1.338     7.596
n8589_1.out[0] (.names)                                                   0.261     7.857
n8595_1.in[4] (.names)                                                    1.338     9.195
n8595_1.out[0] (.names)                                                   0.261     9.456
n8601.in[2] (.names)                                                      1.338    10.793
n8601.out[0] (.names)                                                     0.261    11.054
n8600_1.in[4] (.names)                                                    1.338    12.392
n8600_1.out[0] (.names)                                                   0.261    12.653
n5654.in[1] (.names)                                                      1.338    13.991
n5654.out[0] (.names)                                                     0.261    14.252
top.matmult+matmultinst^FF_NODE~341.D[0] (.latch)                         1.338    15.590
data arrival time                                                                  15.590

clock top^tm3_clk_v0 (rise edge)                                          0.000     0.000
clock source latency                                                      0.000     0.000
top^tm3_clk_v0.inpad[0] (.input)                                          0.000     0.000
top.matmult+matmultinst^FF_NODE~341.clk[0] (.latch)                       1.338     1.338
clock uncertainty                                                         0.000     1.338
cell setup time                                                          -0.066     1.272
data required time                                                                  1.272
-----------------------------------------------------------------------------------------
data required time                                                                  1.272
data arrival time                                                                 -15.590
-----------------------------------------------------------------------------------------
slack (VIOLATED)                                                                  -14.318


#Path 18
Startpoint: top.matmult+matmultinst^FF_NODE~54.Q[0] (.latch clocked by top^tm3_clk_v0)
Endpoint  : top.matmult+matmultinst^FF_NODE~342.D[0] (.latch clocked by top^tm3_clk_v0)
Path Type : setup

Point                                                                      Incr      Path
-----------------------------------------------------------------------------------------
clock top^tm3_clk_v0 (rise edge)                                          0.000     0.000
clock source latency                                                      0.000     0.000
top^tm3_clk_v0.inpad[0] (.input)                                          0.000     0.000
top.matmult+matmultinst^FF_NODE~54.clk[0] (.latch)                        1.338     1.338
top.matmult+matmultinst^FF_NODE~54.Q[0] (.latch) [clock-to-output]        0.124     1.462
n8565_1.in[0] (.names)                                                    1.338     2.800
n8565_1.out[0] (.names)                                                   0.261     3.061
n8574_1.in[4] (.names)                                                    1.338     4.398
n8574_1.out[0] (.names)                                                   0.261     4.659
n8582.in[5] (.names)                                                      1.338     5.997
n8582.out[0] (.names)                                                     0.261     6.258
n8589_1.in[4] (.names)                                                    1.338     7.596
n8589_1.out[0] (.names)                                                   0.261     7.857
n8595_1.in[4] (.names)                                                    1.338     9.195
n8595_1.out[0] (.names)                                                   0.261     9.456
n8601.in[2] (.names)                                                      1.338    10.793
n8601.out[0] (.names)                                                     0.261    11.054
n8600_1.in[4] (.names)                                                    1.338    12.392
n8600_1.out[0] (.names)                                                   0.261    12.653
n5659.in[3] (.names)                                                      1.338    13.991
n5659.out[0] (.names)                                                     0.261    14.252
top.matmult+matmultinst^FF_NODE~342.D[0] (.latch)                         1.338    15.590
data arrival time                                                                  15.590

clock top^tm3_clk_v0 (rise edge)                                          0.000     0.000
clock source latency                                                      0.000     0.000
top^tm3_clk_v0.inpad[0] (.input)                                          0.000     0.000
top.matmult+matmultinst^FF_NODE~342.clk[0] (.latch)                       1.338     1.338
clock uncertainty                                                         0.000     1.338
cell setup time                                                          -0.066     1.272
data required time                                                                  1.272
-----------------------------------------------------------------------------------------
data required time                                                                  1.272
data arrival time                                                                 -15.590
-----------------------------------------------------------------------------------------
slack (VIOLATED)                                                                  -14.318


#Path 19
Startpoint: top.matmult+matmultinst^FF_NODE~150.Q[0] (.latch clocked by top^tm3_clk_v0)
Endpoint  : top.matmult+matmultinst^FF_NODE~357.D[0] (.latch clocked by top^tm3_clk_v0)
Path Type : setup

Point                                                                      Incr      Path
-----------------------------------------------------------------------------------------
clock top^tm3_clk_v0 (rise edge)                                          0.000     0.000
clock source latency                                                      0.000     0.000
top^tm3_clk_v0.inpad[0] (.input)                                          0.000     0.000
top.matmult+matmultinst^FF_NODE~150.clk[0] (.latch)                       1.338     1.338
top.matmult+matmultinst^FF_NODE~150.Q[0] (.latch) [clock-to-output]       0.124     1.462
n8664_1.in[0] (.names)                                                    1.338     2.800
n8664_1.out[0] (.names)                                                   0.261     3.061
n8673.in[4] (.names)                                                      1.338     4.398
n8673.out[0] (.names)                                                     0.261     4.659
n8681.in[5] (.names)                                                      1.338     5.997
n8681.out[0] (.names)                                                     0.261     6.258
n8688.in[4] (.names)                                                      1.338     7.596
n8688.out[0] (.names)                                                     0.261     7.857
n8694_1.in[4] (.names)                                                    1.338     9.195
n8694_1.out[0] (.names)                                                   0.261     9.456
n8700_1.in[2] (.names)                                                    1.338    10.793
n8700_1.out[0] (.names)                                                   0.261    11.054
n8699_1.in[4] (.names)                                                    1.338    12.392
n8699_1.out[0] (.names)                                                   0.261    12.653
n6454.in[1] (.names)                                                      1.338    13.991
n6454.out[0] (.names)                                                     0.261    14.252
top.matmult+matmultinst^FF_NODE~357.D[0] (.latch)                         1.338    15.590
data arrival time                                                                  15.590

clock top^tm3_clk_v0 (rise edge)                                          0.000     0.000
clock source latency                                                      0.000     0.000
top^tm3_clk_v0.inpad[0] (.input)                                          0.000     0.000
top.matmult+matmultinst^FF_NODE~357.clk[0] (.latch)                       1.338     1.338
clock uncertainty                                                         0.000     1.338
cell setup time                                                          -0.066     1.272
data required time                                                                  1.272
-----------------------------------------------------------------------------------------
data required time                                                                  1.272
data arrival time                                                                 -15.590
-----------------------------------------------------------------------------------------
slack (VIOLATED)                                                                  -14.318


#Path 20
Startpoint: top.matmult+matmultinst^FF_NODE~150.Q[0] (.latch clocked by top^tm3_clk_v0)
Endpoint  : top.matmult+matmultinst^FF_NODE~358.D[0] (.latch clocked by top^tm3_clk_v0)
Path Type : setup

Point                                                                      Incr      Path
-----------------------------------------------------------------------------------------
clock top^tm3_clk_v0 (rise edge)                                          0.000     0.000
clock source latency                                                      0.000     0.000
top^tm3_clk_v0.inpad[0] (.input)                                          0.000     0.000
top.matmult+matmultinst^FF_NODE~150.clk[0] (.latch)                       1.338     1.338
top.matmult+matmultinst^FF_NODE~150.Q[0] (.latch) [clock-to-output]       0.124     1.462
n8664_1.in[0] (.names)                                                    1.338     2.800
n8664_1.out[0] (.names)                                                   0.261     3.061
n8673.in[4] (.names)                                                      1.338     4.398
n8673.out[0] (.names)                                                     0.261     4.659
n8681.in[5] (.names)                                                      1.338     5.997
n8681.out[0] (.names)                                                     0.261     6.258
n8688.in[4] (.names)                                                      1.338     7.596
n8688.out[0] (.names)                                                     0.261     7.857
n8694_1.in[4] (.names)                                                    1.338     9.195
n8694_1.out[0] (.names)                                                   0.261     9.456
n8700_1.in[2] (.names)                                                    1.338    10.793
n8700_1.out[0] (.names)                                                   0.261    11.054
n8699_1.in[4] (.names)                                                    1.338    12.392
n8699_1.out[0] (.names)                                                   0.261    12.653
n6459.in[3] (.names)                                                      1.338    13.991
n6459.out[0] (.names)                                                     0.261    14.252
top.matmult+matmultinst^FF_NODE~358.D[0] (.latch)                         1.338    15.590
data arrival time                                                                  15.590

clock top^tm3_clk_v0 (rise edge)                                          0.000     0.000
clock source latency                                                      0.000     0.000
top^tm3_clk_v0.inpad[0] (.input)                                          0.000     0.000
top.matmult+matmultinst^FF_NODE~358.clk[0] (.latch)                       1.338     1.338
clock uncertainty                                                         0.000     1.338
cell setup time                                                          -0.066     1.272
data required time                                                                  1.272
-----------------------------------------------------------------------------------------
data required time                                                                  1.272
data arrival time                                                                 -15.590
-----------------------------------------------------------------------------------------
slack (VIOLATED)                                                                  -14.318


#Path 21
Startpoint: top.matmult+matmultinst^FF_NODE~246.Q[0] (.latch clocked by top^tm3_clk_v0)
Endpoint  : top.matmult+matmultinst^FF_NODE~373.D[0] (.latch clocked by top^tm3_clk_v0)
Path Type : setup

Point                                                                      Incr      Path
-----------------------------------------------------------------------------------------
clock top^tm3_clk_v0 (rise edge)                                          0.000     0.000
clock source latency                                                      0.000     0.000
top^tm3_clk_v0.inpad[0] (.input)                                          0.000     0.000
top.matmult+matmultinst^FF_NODE~246.clk[0] (.latch)                       1.338     1.338
top.matmult+matmultinst^FF_NODE~246.Q[0] (.latch) [clock-to-output]       0.124     1.462
n8762.in[0] (.names)                                                      1.338     2.800
n8762.out[0] (.names)                                                     0.261     3.061
n8771.in[4] (.names)                                                      1.338     4.398
n8771.out[0] (.names)                                                     0.261     4.659
n8779_1.in[5] (.names)                                                    1.338     5.997
n8779_1.out[0] (.names)                                                   0.261     6.258
n8786.in[4] (.names)                                                      1.338     7.596
n8786.out[0] (.names)                                                     0.261     7.857
n8792.in[4] (.names)                                                      1.338     9.195
n8792.out[0] (.names)                                                     0.261     9.456
n8798.in[2] (.names)                                                      1.338    10.793
n8798.out[0] (.names)                                                     0.261    11.054
n8797.in[4] (.names)                                                      1.338    12.392
n8797.out[0] (.names)                                                     0.261    12.653
n7254.in[1] (.names)                                                      1.338    13.991
n7254.out[0] (.names)                                                     0.261    14.252
top.matmult+matmultinst^FF_NODE~373.D[0] (.latch)                         1.338    15.590
data arrival time                                                                  15.590

clock top^tm3_clk_v0 (rise edge)                                          0.000     0.000
clock source latency                                                      0.000     0.000
top^tm3_clk_v0.inpad[0] (.input)                                          0.000     0.000
top.matmult+matmultinst^FF_NODE~373.clk[0] (.latch)                       1.338     1.338
clock uncertainty                                                         0.000     1.338
cell setup time                                                          -0.066     1.272
data required time                                                                  1.272
-----------------------------------------------------------------------------------------
data required time                                                                  1.272
data arrival time                                                                 -15.590
-----------------------------------------------------------------------------------------
slack (VIOLATED)                                                                  -14.318


#Path 22
Startpoint: top.resultwriter+resultwriteinst.linearmap+linearmapinst^FF_NODE~2703.Q[0] (.latch clocked by top^tm3_clk_v0)
Endpoint  : top.resultwriter+resultwriteinst.linearmap+linearmapinst^FF_NODE~2723.D[0] (.latch clocked by top^tm3_clk_v0)
Path Type : setup

Point                                                                                                        Incr      Path
---------------------------------------------------------------------------------------------------------------------------
clock top^tm3_clk_v0 (rise edge)                                                                            0.000     0.000
clock source latency                                                                                        0.000     0.000
top^tm3_clk_v0.inpad[0] (.input)                                                                            0.000     0.000
top.resultwriter+resultwriteinst.linearmap+linearmapinst^FF_NODE~2703.clk[0] (.latch)                       1.338     1.338
top.resultwriter+resultwriteinst.linearmap+linearmapinst^FF_NODE~2703.Q[0] (.latch) [clock-to-output]       0.124     1.462
n7600_1.in[0] (.names)                                                                                      1.338     2.800
n7600_1.out[0] (.names)                                                                                     0.261     3.061
n7631.in[5] (.names)                                                                                        1.338     4.398
n7631.out[0] (.names)                                                                                       0.261     4.659
n7645_1.in[2] (.names)                                                                                      1.338     5.997
n7645_1.out[0] (.names)                                                                                     0.261     6.258
n7680.in[2] (.names)                                                                                        1.338     7.596
n7680.out[0] (.names)                                                                                       0.261     7.857
n7724.in[3] (.names)                                                                                        1.338     9.195
n7724.out[0] (.names)                                                                                       0.261     9.456
n7770_1.in[1] (.names)                                                                                      1.338    10.793
n7770_1.out[0] (.names)                                                                                     0.261    11.054
n7769_1.in[2] (.names)                                                                                      1.338    12.392
n7769_1.out[0] (.names)                                                                                     0.261    12.653
n2808.in[1] (.names)                                                                                        1.338    13.991
n2808.out[0] (.names)                                                                                       0.261    14.252
top.resultwriter+resultwriteinst.linearmap+linearmapinst^FF_NODE~2723.D[0] (.latch)                         1.338    15.590
data arrival time                                                                                                    15.590

clock top^tm3_clk_v0 (rise edge)                                                                            0.000     0.000
clock source latency                                                                                        0.000     0.000
top^tm3_clk_v0.inpad[0] (.input)                                                                            0.000     0.000
top.resultwriter+resultwriteinst.linearmap+linearmapinst^FF_NODE~2723.clk[0] (.latch)                       1.338     1.338
clock uncertainty                                                                                           0.000     1.338
cell setup time                                                                                            -0.066     1.272
data required time                                                                                                    1.272
---------------------------------------------------------------------------------------------------------------------------
data required time                                                                                                    1.272
data arrival time                                                                                                   -15.590
---------------------------------------------------------------------------------------------------------------------------
slack (VIOLATED)                                                                                                    -14.318


#Path 23
Startpoint: top.resultwriter+resultwriteinst^FF_NODE~3370.Q[0] (.latch clocked by top^tm3_clk_v0)
Endpoint  : top.resultwriter+resultwriteinst.bilinearintrp+bilinearimp^FF_NODE~2772.D[0] (.latch clocked by top^tm3_clk_v0)
Path Type : setup

Point                                                                                                          Incr      Path
-----------------------------------------------------------------------------------------------------------------------------
clock top^tm3_clk_v0 (rise edge)                                                                              0.000     0.000
clock source latency                                                                                          0.000     0.000
top^tm3_clk_v0.inpad[0] (.input)                                                                              0.000     0.000
top.resultwriter+resultwriteinst^FF_NODE~3370.clk[0] (.latch)                                                 1.338     1.338
top.resultwriter+resultwriteinst^FF_NODE~3370.Q[0] (.latch) [clock-to-output]                                 0.124     1.462
n7829_1.in[0] (.names)                                                                                        1.338     2.800
n7829_1.out[0] (.names)                                                                                       0.261     3.061
n7828.in[2] (.names)                                                                                          1.338     4.398
n7828.out[0] (.names)                                                                                         0.261     4.659
n7827.in[2] (.names)                                                                                          1.338     5.997
n7827.out[0] (.names)                                                                                         0.261     6.258
n7824_1.in[4] (.names)                                                                                        1.338     7.596
n7824_1.out[0] (.names)                                                                                       0.261     7.857
n7880_1.in[0] (.names)                                                                                        1.338     9.195
n7880_1.out[0] (.names)                                                                                       0.261     9.456
n7888.in[2] (.names)                                                                                          1.338    10.793
n7888.out[0] (.names)                                                                                         0.261    11.054
n3208.in[2] (.names)                                                                                          1.338    12.392
n3208.out[0] (.names)                                                                                         0.261    12.653
top.resultwriter+resultwriteinst.bilinearintrp+bilinearimp^FF_NODE~2772.D[0] (.latch)                         1.338    13.991
data arrival time                                                                                                      13.991

clock top^tm3_clk_v0 (rise edge)                                                                              0.000     0.000
clock source latency                                                                                          0.000     0.000
top^tm3_clk_v0.inpad[0] (.input)                                                                              0.000     0.000
top.resultwriter+resultwriteinst.bilinearintrp+bilinearimp^FF_NODE~2772.clk[0] (.latch)                       1.338     1.338
clock uncertainty                                                                                             0.000     1.338
cell setup time                                                                                              -0.066     1.272
data required time                                                                                                      1.272
-----------------------------------------------------------------------------------------------------------------------------
data required time                                                                                                      1.272
data arrival time                                                                                                     -13.991
-----------------------------------------------------------------------------------------------------------------------------
slack (VIOLATED)                                                                                                      -12.719


#Path 24
Startpoint: top.resultwriter+resultwriteinst^FF_NODE~3370.Q[0] (.latch clocked by top^tm3_clk_v0)
Endpoint  : top.resultwriter+resultwriteinst.bilinearintrp+bilinearimp^FF_NODE~2771.D[0] (.latch clocked by top^tm3_clk_v0)
Path Type : setup

Point                                                                                                          Incr      Path
-----------------------------------------------------------------------------------------------------------------------------
clock top^tm3_clk_v0 (rise edge)                                                                              0.000     0.000
clock source latency                                                                                          0.000     0.000
top^tm3_clk_v0.inpad[0] (.input)                                                                              0.000     0.000
top.resultwriter+resultwriteinst^FF_NODE~3370.clk[0] (.latch)                                                 1.338     1.338
top.resultwriter+resultwriteinst^FF_NODE~3370.Q[0] (.latch) [clock-to-output]                                 0.124     1.462
n7829_1.in[0] (.names)                                                                                        1.338     2.800
n7829_1.out[0] (.names)                                                                                       0.261     3.061
n7828.in[2] (.names)                                                                                          1.338     4.398
n7828.out[0] (.names)                                                                                         0.261     4.659
n7827.in[2] (.names)                                                                                          1.338     5.997
n7827.out[0] (.names)                                                                                         0.261     6.258
n7824_1.in[4] (.names)                                                                                        1.338     7.596
n7824_1.out[0] (.names)                                                                                       0.261     7.857
n7880_1.in[0] (.names)                                                                                        1.338     9.195
n7880_1.out[0] (.names)                                                                                       0.261     9.456
n7888.in[2] (.names)                                                                                          1.338    10.793
n7888.out[0] (.names)                                                                                         0.261    11.054
n3203.in[2] (.names)                                                                                          1.338    12.392
n3203.out[0] (.names)                                                                                         0.261    12.653
top.resultwriter+resultwriteinst.bilinearintrp+bilinearimp^FF_NODE~2771.D[0] (.latch)                         1.338    13.991
data arrival time                                                                                                      13.991

clock top^tm3_clk_v0 (rise edge)                                                                              0.000     0.000
clock source latency                                                                                          0.000     0.000
top^tm3_clk_v0.inpad[0] (.input)                                                                              0.000     0.000
top.resultwriter+resultwriteinst.bilinearintrp+bilinearimp^FF_NODE~2771.clk[0] (.latch)                       1.338     1.338
clock uncertainty                                                                                             0.000     1.338
cell setup time                                                                                              -0.066     1.272
data required time                                                                                                      1.272
-----------------------------------------------------------------------------------------------------------------------------
data required time                                                                                                      1.272
data arrival time                                                                                                     -13.991
-----------------------------------------------------------------------------------------------------------------------------
slack (VIOLATED)                                                                                                      -12.719


#Path 25
Startpoint: top.resultwriter+resultwriteinst.bilinearintrp+bilinearimp^FF_NODE~2945.Q[0] (.latch clocked by top^tm3_clk_v0)
Endpoint  : top.resultwriter+resultwriteinst.linearmap+linearmapinst^FF_NODE~2707.D[0] (.latch clocked by top^tm3_clk_v0)
Path Type : setup

Point                                                                                                          Incr      Path
-----------------------------------------------------------------------------------------------------------------------------
clock top^tm3_clk_v0 (rise edge)                                                                              0.000     0.000
clock source latency                                                                                          0.000     0.000
top^tm3_clk_v0.inpad[0] (.input)                                                                              0.000     0.000
top.resultwriter+resultwriteinst.bilinearintrp+bilinearimp^FF_NODE~2945.clk[0] (.latch)                       1.338     1.338
top.resultwriter+resultwriteinst.bilinearintrp+bilinearimp^FF_NODE~2945.Q[0] (.latch) [clock-to-output]       0.124     1.462
n7427.in[0] (.names)                                                                                          1.338     2.800
n7427.out[0] (.names)                                                                                         0.261     3.061
n7440.in[2] (.names)                                                                                          1.338     4.398
n7440.out[0] (.names)                                                                                         0.261     4.659
n7507.in[2] (.names)                                                                                          1.338     5.997
n7507.out[0] (.names)                                                                                         0.261     6.258
n7517.in[2] (.names)                                                                                          1.338     7.596
n7517.out[0] (.names)                                                                                         0.261     7.857
n7527.in[3] (.names)                                                                                          1.338     9.195
n7527.out[0] (.names)                                                                                         0.261     9.456
n7526.in[3] (.names)                                                                                          1.338    10.793
n7526.out[0] (.names)                                                                                         0.261    11.054
n2833.in[2] (.names)                                                                                          1.338    12.392
n2833.out[0] (.names)                                                                                         0.261    12.653
top.resultwriter+resultwriteinst.linearmap+linearmapinst^FF_NODE~2707.D[0] (.latch)                           1.338    13.991
data arrival time                                                                                                      13.991

clock top^tm3_clk_v0 (rise edge)                                                                              0.000     0.000
clock source latency                                                                                          0.000     0.000
top^tm3_clk_v0.inpad[0] (.input)                                                                              0.000     0.000
top.resultwriter+resultwriteinst.linearmap+linearmapinst^FF_NODE~2707.clk[0] (.latch)                         1.338     1.338
clock uncertainty                                                                                             0.000     1.338
cell setup time                                                                                              -0.066     1.272
data required time                                                                                                      1.272
-----------------------------------------------------------------------------------------------------------------------------
data required time                                                                                                      1.272
data arrival time                                                                                                     -13.991
-----------------------------------------------------------------------------------------------------------------------------
slack (VIOLATED)                                                                                                      -12.719


#Path 26
Startpoint: top.resultwriter+resultwriteinst.bilinearintrp+bilinearimp^FF_NODE~2945.Q[0] (.latch clocked by top^tm3_clk_v0)
Endpoint  : top.resultwriter+resultwriteinst^FF_NODE~3366.D[0] (.latch clocked by top^tm3_clk_v0)
Path Type : setup

Point                                                                                                          Incr      Path
-----------------------------------------------------------------------------------------------------------------------------
clock top^tm3_clk_v0 (rise edge)                                                                              0.000     0.000
clock source latency                                                                                          0.000     0.000
top^tm3_clk_v0.inpad[0] (.input)                                                                              0.000     0.000
top.resultwriter+resultwriteinst.bilinearintrp+bilinearimp^FF_NODE~2945.clk[0] (.latch)                       1.338     1.338
top.resultwriter+resultwriteinst.bilinearintrp+bilinearimp^FF_NODE~2945.Q[0] (.latch) [clock-to-output]       0.124     1.462
n7427.in[0] (.names)                                                                                          1.338     2.800
n7427.out[0] (.names)                                                                                         0.261     3.061
n7440.in[2] (.names)                                                                                          1.338     4.398
n7440.out[0] (.names)                                                                                         0.261     4.659
n7507.in[2] (.names)                                                                                          1.338     5.997
n7507.out[0] (.names)                                                                                         0.261     6.258
n7517.in[2] (.names)                                                                                          1.338     7.596
n7517.out[0] (.names)                                                                                         0.261     7.857
n7527.in[3] (.names)                                                                                          1.338     9.195
n7527.out[0] (.names)                                                                                         0.261     9.456
n7526.in[3] (.names)                                                                                          1.338    10.793
n7526.out[0] (.names)                                                                                         0.261    11.054
n2638.in[3] (.names)                                                                                          1.338    12.392
n2638.out[0] (.names)                                                                                         0.261    12.653
top.resultwriter+resultwriteinst^FF_NODE~3366.D[0] (.latch)                                                   1.338    13.991
data arrival time                                                                                                      13.991

clock top^tm3_clk_v0 (rise edge)                                                                              0.000     0.000
clock source latency                                                                                          0.000     0.000
top^tm3_clk_v0.inpad[0] (.input)                                                                              0.000     0.000
top.resultwriter+resultwriteinst^FF_NODE~3366.clk[0] (.latch)                                                 1.338     1.338
clock uncertainty                                                                                             0.000     1.338
cell setup time                                                                                              -0.066     1.272
data required time                                                                                                      1.272
-----------------------------------------------------------------------------------------------------------------------------
data required time                                                                                                      1.272
data arrival time                                                                                                     -13.991
-----------------------------------------------------------------------------------------------------------------------------
slack (VIOLATED)                                                                                                      -12.719


#Path 27
Startpoint: top.resultwriter+resultwriteinst.bilinearintrp+bilinearimp^FF_NODE~2945.Q[0] (.latch clocked by top^tm3_clk_v0)
Endpoint  : top.resultwriter+resultwriteinst^FF_NODE~3345.D[0] (.latch clocked by top^tm3_clk_v0)
Path Type : setup

Point                                                                                                          Incr      Path
-----------------------------------------------------------------------------------------------------------------------------
clock top^tm3_clk_v0 (rise edge)                                                                              0.000     0.000
clock source latency                                                                                          0.000     0.000
top^tm3_clk_v0.inpad[0] (.input)                                                                              0.000     0.000
top.resultwriter+resultwriteinst.bilinearintrp+bilinearimp^FF_NODE~2945.clk[0] (.latch)                       1.338     1.338
top.resultwriter+resultwriteinst.bilinearintrp+bilinearimp^FF_NODE~2945.Q[0] (.latch) [clock-to-output]       0.124     1.462
n7427.in[0] (.names)                                                                                          1.338     2.800
n7427.out[0] (.names)                                                                                         0.261     3.061
n7440.in[2] (.names)                                                                                          1.338     4.398
n7440.out[0] (.names)                                                                                         0.261     4.659
n7507.in[2] (.names)                                                                                          1.338     5.997
n7507.out[0] (.names)                                                                                         0.261     6.258
n7517.in[2] (.names)                                                                                          1.338     7.596
n7517.out[0] (.names)                                                                                         0.261     7.857
n7527.in[3] (.names)                                                                                          1.338     9.195
n7527.out[0] (.names)                                                                                         0.261     9.456
n7526.in[3] (.names)                                                                                          1.338    10.793
n7526.out[0] (.names)                                                                                         0.261    11.054
n2633.in[3] (.names)                                                                                          1.338    12.392
n2633.out[0] (.names)                                                                                         0.261    12.653
top.resultwriter+resultwriteinst^FF_NODE~3345.D[0] (.latch)                                                   1.338    13.991
data arrival time                                                                                                      13.991

clock top^tm3_clk_v0 (rise edge)                                                                              0.000     0.000
clock source latency                                                                                          0.000     0.000
top^tm3_clk_v0.inpad[0] (.input)                                                                              0.000     0.000
top.resultwriter+resultwriteinst^FF_NODE~3345.clk[0] (.latch)                                                 1.338     1.338
clock uncertainty                                                                                             0.000     1.338
cell setup time                                                                                              -0.066     1.272
data required time                                                                                                      1.272
-----------------------------------------------------------------------------------------------------------------------------
data required time                                                                                                      1.272
data arrival time                                                                                                     -13.991
-----------------------------------------------------------------------------------------------------------------------------
slack (VIOLATED)                                                                                                      -12.719


#Path 28
Startpoint: top.resultwriter+resultwriteinst.bilinearintrp+bilinearimp^FF_NODE~2945.Q[0] (.latch clocked by top^tm3_clk_v0)
Endpoint  : top.resultwriter+resultwriteinst^FF_NODE~3324.D[0] (.latch clocked by top^tm3_clk_v0)
Path Type : setup

Point                                                                                                          Incr      Path
-----------------------------------------------------------------------------------------------------------------------------
clock top^tm3_clk_v0 (rise edge)                                                                              0.000     0.000
clock source latency                                                                                          0.000     0.000
top^tm3_clk_v0.inpad[0] (.input)                                                                              0.000     0.000
top.resultwriter+resultwriteinst.bilinearintrp+bilinearimp^FF_NODE~2945.clk[0] (.latch)                       1.338     1.338
top.resultwriter+resultwriteinst.bilinearintrp+bilinearimp^FF_NODE~2945.Q[0] (.latch) [clock-to-output]       0.124     1.462
n7427.in[0] (.names)                                                                                          1.338     2.800
n7427.out[0] (.names)                                                                                         0.261     3.061
n7440.in[2] (.names)                                                                                          1.338     4.398
n7440.out[0] (.names)                                                                                         0.261     4.659
n7507.in[2] (.names)                                                                                          1.338     5.997
n7507.out[0] (.names)                                                                                         0.261     6.258
n7517.in[2] (.names)                                                                                          1.338     7.596
n7517.out[0] (.names)                                                                                         0.261     7.857
n7527.in[3] (.names)                                                                                          1.338     9.195
n7527.out[0] (.names)                                                                                         0.261     9.456
n7526.in[3] (.names)                                                                                          1.338    10.793
n7526.out[0] (.names)                                                                                         0.261    11.054
n2628.in[3] (.names)                                                                                          1.338    12.392
n2628.out[0] (.names)                                                                                         0.261    12.653
top.resultwriter+resultwriteinst^FF_NODE~3324.D[0] (.latch)                                                   1.338    13.991
data arrival time                                                                                                      13.991

clock top^tm3_clk_v0 (rise edge)                                                                              0.000     0.000
clock source latency                                                                                          0.000     0.000
top^tm3_clk_v0.inpad[0] (.input)                                                                              0.000     0.000
top.resultwriter+resultwriteinst^FF_NODE~3324.clk[0] (.latch)                                                 1.338     1.338
clock uncertainty                                                                                             0.000     1.338
cell setup time                                                                                              -0.066     1.272
data required time                                                                                                      1.272
-----------------------------------------------------------------------------------------------------------------------------
data required time                                                                                                      1.272
data arrival time                                                                                                     -13.991
-----------------------------------------------------------------------------------------------------------------------------
slack (VIOLATED)                                                                                                      -12.719


#Path 29
Startpoint: top.resultwriter+resultwriteinst.bilinearintrp+bilinearimp^FF_NODE~2900.Q[0] (.latch clocked by top^tm3_clk_v0)
Endpoint  : top.resultwriter+resultwriteinst.linearmap+linearmapinst^FF_NODE~2714.D[0] (.latch clocked by top^tm3_clk_v0)
Path Type : setup

Point                                                                                                          Incr      Path
-----------------------------------------------------------------------------------------------------------------------------
clock top^tm3_clk_v0 (rise edge)                                                                              0.000     0.000
clock source latency                                                                                          0.000     0.000
top^tm3_clk_v0.inpad[0] (.input)                                                                              0.000     0.000
top.resultwriter+resultwriteinst.bilinearintrp+bilinearimp^FF_NODE~2900.clk[0] (.latch)                       1.338     1.338
top.resultwriter+resultwriteinst.bilinearintrp+bilinearimp^FF_NODE~2900.Q[0] (.latch) [clock-to-output]       0.124     1.462
n7536.in[0] (.names)                                                                                          1.338     2.800
n7536.out[0] (.names)                                                                                         0.261     3.061
n7546.in[2] (.names)                                                                                          1.338     4.398
n7546.out[0] (.names)                                                                                         0.261     4.659
n7556.in[2] (.names)                                                                                          1.338     5.997
n7556.out[0] (.names)                                                                                         0.261     6.258
n7566.in[2] (.names)                                                                                          1.338     7.596
n7566.out[0] (.names)                                                                                         0.261     7.857
n7576.in[3] (.names)                                                                                          1.338     9.195
n7576.out[0] (.names)                                                                                         0.261     9.456
n7575_1.in[3] (.names)                                                                                        1.338    10.793
n7575_1.out[0] (.names)                                                                                       0.261    11.054
n2868.in[2] (.names)                                                                                          1.338    12.392
n2868.out[0] (.names)                                                                                         0.261    12.653
top.resultwriter+resultwriteinst.linearmap+linearmapinst^FF_NODE~2714.D[0] (.latch)                           1.338    13.991
data arrival time                                                                                                      13.991

clock top^tm3_clk_v0 (rise edge)                                                                              0.000     0.000
clock source latency                                                                                          0.000     0.000
top^tm3_clk_v0.inpad[0] (.input)                                                                              0.000     0.000
top.resultwriter+resultwriteinst.linearmap+linearmapinst^FF_NODE~2714.clk[0] (.latch)                         1.338     1.338
clock uncertainty                                                                                             0.000     1.338
cell setup time                                                                                              -0.066     1.272
data required time                                                                                                      1.272
-----------------------------------------------------------------------------------------------------------------------------
data required time                                                                                                      1.272
data arrival time                                                                                                     -13.991
-----------------------------------------------------------------------------------------------------------------------------
slack (VIOLATED)                                                                                                      -12.719


#Path 30
Startpoint: top.resultwriter+resultwriteinst.bilinearintrp+bilinearimp^FF_NODE~2900.Q[0] (.latch clocked by top^tm3_clk_v0)
Endpoint  : top.resultwriter+resultwriteinst^FF_NODE~3354.D[0] (.latch clocked by top^tm3_clk_v0)
Path Type : setup

Point                                                                                                          Incr      Path
-----------------------------------------------------------------------------------------------------------------------------
clock top^tm3_clk_v0 (rise edge)                                                                              0.000     0.000
clock source latency                                                                                          0.000     0.000
top^tm3_clk_v0.inpad[0] (.input)                                                                              0.000     0.000
top.resultwriter+resultwriteinst.bilinearintrp+bilinearimp^FF_NODE~2900.clk[0] (.latch)                       1.338     1.338
top.resultwriter+resultwriteinst.bilinearintrp+bilinearimp^FF_NODE~2900.Q[0] (.latch) [clock-to-output]       0.124     1.462
n7536.in[0] (.names)                                                                                          1.338     2.800
n7536.out[0] (.names)                                                                                         0.261     3.061
n7546.in[2] (.names)                                                                                          1.338     4.398
n7546.out[0] (.names)                                                                                         0.261     4.659
n7556.in[2] (.names)                                                                                          1.338     5.997
n7556.out[0] (.names)                                                                                         0.261     6.258
n7566.in[2] (.names)                                                                                          1.338     7.596
n7566.out[0] (.names)                                                                                         0.261     7.857
n7576.in[3] (.names)                                                                                          1.338     9.195
n7576.out[0] (.names)                                                                                         0.261     9.456
n7575_1.in[3] (.names)                                                                                        1.338    10.793
n7575_1.out[0] (.names)                                                                                       0.261    11.054
n2713.in[3] (.names)                                                                                          1.338    12.392
n2713.out[0] (.names)                                                                                         0.261    12.653
top.resultwriter+resultwriteinst^FF_NODE~3354.D[0] (.latch)                                                   1.338    13.991
data arrival time                                                                                                      13.991

clock top^tm3_clk_v0 (rise edge)                                                                              0.000     0.000
clock source latency                                                                                          0.000     0.000
top^tm3_clk_v0.inpad[0] (.input)                                                                              0.000     0.000
top.resultwriter+resultwriteinst^FF_NODE~3354.clk[0] (.latch)                                                 1.338     1.338
clock uncertainty                                                                                             0.000     1.338
cell setup time                                                                                              -0.066     1.272
data required time                                                                                                      1.272
-----------------------------------------------------------------------------------------------------------------------------
data required time                                                                                                      1.272
data arrival time                                                                                                     -13.991
-----------------------------------------------------------------------------------------------------------------------------
slack (VIOLATED)                                                                                                      -12.719


#Path 31
Startpoint: top.resultwriter+resultwriteinst.bilinearintrp+bilinearimp^FF_NODE~2900.Q[0] (.latch clocked by top^tm3_clk_v0)
Endpoint  : top.resultwriter+resultwriteinst^FF_NODE~3333.D[0] (.latch clocked by top^tm3_clk_v0)
Path Type : setup

Point                                                                                                          Incr      Path
-----------------------------------------------------------------------------------------------------------------------------
clock top^tm3_clk_v0 (rise edge)                                                                              0.000     0.000
clock source latency                                                                                          0.000     0.000
top^tm3_clk_v0.inpad[0] (.input)                                                                              0.000     0.000
top.resultwriter+resultwriteinst.bilinearintrp+bilinearimp^FF_NODE~2900.clk[0] (.latch)                       1.338     1.338
top.resultwriter+resultwriteinst.bilinearintrp+bilinearimp^FF_NODE~2900.Q[0] (.latch) [clock-to-output]       0.124     1.462
n7536.in[0] (.names)                                                                                          1.338     2.800
n7536.out[0] (.names)                                                                                         0.261     3.061
n7546.in[2] (.names)                                                                                          1.338     4.398
n7546.out[0] (.names)                                                                                         0.261     4.659
n7556.in[2] (.names)                                                                                          1.338     5.997
n7556.out[0] (.names)                                                                                         0.261     6.258
n7566.in[2] (.names)                                                                                          1.338     7.596
n7566.out[0] (.names)                                                                                         0.261     7.857
n7576.in[3] (.names)                                                                                          1.338     9.195
n7576.out[0] (.names)                                                                                         0.261     9.456
n7575_1.in[3] (.names)                                                                                        1.338    10.793
n7575_1.out[0] (.names)                                                                                       0.261    11.054
n2708.in[3] (.names)                                                                                          1.338    12.392
n2708.out[0] (.names)                                                                                         0.261    12.653
top.resultwriter+resultwriteinst^FF_NODE~3333.D[0] (.latch)                                                   1.338    13.991
data arrival time                                                                                                      13.991

clock top^tm3_clk_v0 (rise edge)                                                                              0.000     0.000
clock source latency                                                                                          0.000     0.000
top^tm3_clk_v0.inpad[0] (.input)                                                                              0.000     0.000
top.resultwriter+resultwriteinst^FF_NODE~3333.clk[0] (.latch)                                                 1.338     1.338
clock uncertainty                                                                                             0.000     1.338
cell setup time                                                                                              -0.066     1.272
data required time                                                                                                      1.272
-----------------------------------------------------------------------------------------------------------------------------
data required time                                                                                                      1.272
data arrival time                                                                                                     -13.991
-----------------------------------------------------------------------------------------------------------------------------
slack (VIOLATED)                                                                                                      -12.719


#Path 32
Startpoint: top.resultwriter+resultwriteinst.bilinearintrp+bilinearimp^FF_NODE~2855.Q[0] (.latch clocked by top^tm3_clk_v0)
Endpoint  : top.resultwriter+resultwriteinst^FF_NODE~3362.D[0] (.latch clocked by top^tm3_clk_v0)
Path Type : setup

Point                                                                                                          Incr      Path
-----------------------------------------------------------------------------------------------------------------------------
clock top^tm3_clk_v0 (rise edge)                                                                              0.000     0.000
clock source latency                                                                                          0.000     0.000
top^tm3_clk_v0.inpad[0] (.input)                                                                              0.000     0.000
top.resultwriter+resultwriteinst.bilinearintrp+bilinearimp^FF_NODE~2855.clk[0] (.latch)                       1.338     1.338
top.resultwriter+resultwriteinst.bilinearintrp+bilinearimp^FF_NODE~2855.Q[0] (.latch) [clock-to-output]       0.124     1.462
n7458.in[0] (.names)                                                                                          1.338     2.800
n7458.out[0] (.names)                                                                                         0.261     3.061
n7468.in[2] (.names)                                                                                          1.338     4.398
n7468.out[0] (.names)                                                                                         0.261     4.659
n7478.in[2] (.names)                                                                                          1.338     5.997
n7478.out[0] (.names)                                                                                         0.261     6.258
n7488.in[2] (.names)                                                                                          1.338     7.596
n7488.out[0] (.names)                                                                                         0.261     7.857
n7498.in[3] (.names)                                                                                          1.338     9.195
n7498.out[0] (.names)                                                                                         0.261     9.456
n7497.in[3] (.names)                                                                                          1.338    10.793
n7497.out[0] (.names)                                                                                         0.261    11.054
n2593.in[3] (.names)                                                                                          1.338    12.392
n2593.out[0] (.names)                                                                                         0.261    12.653
top.resultwriter+resultwriteinst^FF_NODE~3362.D[0] (.latch)                                                   1.338    13.991
data arrival time                                                                                                      13.991

clock top^tm3_clk_v0 (rise edge)                                                                              0.000     0.000
clock source latency                                                                                          0.000     0.000
top^tm3_clk_v0.inpad[0] (.input)                                                                              0.000     0.000
top.resultwriter+resultwriteinst^FF_NODE~3362.clk[0] (.latch)                                                 1.338     1.338
clock uncertainty                                                                                             0.000     1.338
cell setup time                                                                                              -0.066     1.272
data required time                                                                                                      1.272
-----------------------------------------------------------------------------------------------------------------------------
data required time                                                                                                      1.272
data arrival time                                                                                                     -13.991
-----------------------------------------------------------------------------------------------------------------------------
slack (VIOLATED)                                                                                                      -12.719


#Path 33
Startpoint: top.resultwriter+resultwriteinst.bilinearintrp+bilinearimp^FF_NODE~2855.Q[0] (.latch clocked by top^tm3_clk_v0)
Endpoint  : top.resultwriter+resultwriteinst^FF_NODE~3341.D[0] (.latch clocked by top^tm3_clk_v0)
Path Type : setup

Point                                                                                                          Incr      Path
-----------------------------------------------------------------------------------------------------------------------------
clock top^tm3_clk_v0 (rise edge)                                                                              0.000     0.000
clock source latency                                                                                          0.000     0.000
top^tm3_clk_v0.inpad[0] (.input)                                                                              0.000     0.000
top.resultwriter+resultwriteinst.bilinearintrp+bilinearimp^FF_NODE~2855.clk[0] (.latch)                       1.338     1.338
top.resultwriter+resultwriteinst.bilinearintrp+bilinearimp^FF_NODE~2855.Q[0] (.latch) [clock-to-output]       0.124     1.462
n7458.in[0] (.names)                                                                                          1.338     2.800
n7458.out[0] (.names)                                                                                         0.261     3.061
n7468.in[2] (.names)                                                                                          1.338     4.398
n7468.out[0] (.names)                                                                                         0.261     4.659
n7478.in[2] (.names)                                                                                          1.338     5.997
n7478.out[0] (.names)                                                                                         0.261     6.258
n7488.in[2] (.names)                                                                                          1.338     7.596
n7488.out[0] (.names)                                                                                         0.261     7.857
n7498.in[3] (.names)                                                                                          1.338     9.195
n7498.out[0] (.names)                                                                                         0.261     9.456
n7497.in[3] (.names)                                                                                          1.338    10.793
n7497.out[0] (.names)                                                                                         0.261    11.054
n2588.in[3] (.names)                                                                                          1.338    12.392
n2588.out[0] (.names)                                                                                         0.261    12.653
top.resultwriter+resultwriteinst^FF_NODE~3341.D[0] (.latch)                                                   1.338    13.991
data arrival time                                                                                                      13.991

clock top^tm3_clk_v0 (rise edge)                                                                              0.000     0.000
clock source latency                                                                                          0.000     0.000
top^tm3_clk_v0.inpad[0] (.input)                                                                              0.000     0.000
top.resultwriter+resultwriteinst^FF_NODE~3341.clk[0] (.latch)                                                 1.338     1.338
clock uncertainty                                                                                             0.000     1.338
cell setup time                                                                                              -0.066     1.272
data required time                                                                                                      1.272
-----------------------------------------------------------------------------------------------------------------------------
data required time                                                                                                      1.272
data arrival time                                                                                                     -13.991
-----------------------------------------------------------------------------------------------------------------------------
slack (VIOLATED)                                                                                                      -12.719


#Path 34
Startpoint: top.resultwriter+resultwriteinst.bilinearintrp+bilinearimp^FF_NODE~2855.Q[0] (.latch clocked by top^tm3_clk_v0)
Endpoint  : top.resultwriter+resultwriteinst^FF_NODE~3320.D[0] (.latch clocked by top^tm3_clk_v0)
Path Type : setup

Point                                                                                                          Incr      Path
-----------------------------------------------------------------------------------------------------------------------------
clock top^tm3_clk_v0 (rise edge)                                                                              0.000     0.000
clock source latency                                                                                          0.000     0.000
top^tm3_clk_v0.inpad[0] (.input)                                                                              0.000     0.000
top.resultwriter+resultwriteinst.bilinearintrp+bilinearimp^FF_NODE~2855.clk[0] (.latch)                       1.338     1.338
top.resultwriter+resultwriteinst.bilinearintrp+bilinearimp^FF_NODE~2855.Q[0] (.latch) [clock-to-output]       0.124     1.462
n7458.in[0] (.names)                                                                                          1.338     2.800
n7458.out[0] (.names)                                                                                         0.261     3.061
n7468.in[2] (.names)                                                                                          1.338     4.398
n7468.out[0] (.names)                                                                                         0.261     4.659
n7478.in[2] (.names)                                                                                          1.338     5.997
n7478.out[0] (.names)                                                                                         0.261     6.258
n7488.in[2] (.names)                                                                                          1.338     7.596
n7488.out[0] (.names)                                                                                         0.261     7.857
n7498.in[3] (.names)                                                                                          1.338     9.195
n7498.out[0] (.names)                                                                                         0.261     9.456
n7497.in[3] (.names)                                                                                          1.338    10.793
n7497.out[0] (.names)                                                                                         0.261    11.054
n2583.in[3] (.names)                                                                                          1.338    12.392
n2583.out[0] (.names)                                                                                         0.261    12.653
top.resultwriter+resultwriteinst^FF_NODE~3320.D[0] (.latch)                                                   1.338    13.991
data arrival time                                                                                                      13.991

clock top^tm3_clk_v0 (rise edge)                                                                              0.000     0.000
clock source latency                                                                                          0.000     0.000
top^tm3_clk_v0.inpad[0] (.input)                                                                              0.000     0.000
top.resultwriter+resultwriteinst^FF_NODE~3320.clk[0] (.latch)                                                 1.338     1.338
clock uncertainty                                                                                             0.000     1.338
cell setup time                                                                                              -0.066     1.272
data required time                                                                                                      1.272
-----------------------------------------------------------------------------------------------------------------------------
data required time                                                                                                      1.272
data arrival time                                                                                                     -13.991
-----------------------------------------------------------------------------------------------------------------------------
slack (VIOLATED)                                                                                                      -12.719


#Path 35
Startpoint: top.resultwriter+resultwriteinst.bilinearintrp+bilinearimp^FF_NODE~2900.Q[0] (.latch clocked by top^tm3_clk_v0)
Endpoint  : top.resultwriter+resultwriteinst^FF_NODE~3312.D[0] (.latch clocked by top^tm3_clk_v0)
Path Type : setup

Point                                                                                                          Incr      Path
-----------------------------------------------------------------------------------------------------------------------------
clock top^tm3_clk_v0 (rise edge)                                                                              0.000     0.000
clock source latency                                                                                          0.000     0.000
top^tm3_clk_v0.inpad[0] (.input)                                                                              0.000     0.000
top.resultwriter+resultwriteinst.bilinearintrp+bilinearimp^FF_NODE~2900.clk[0] (.latch)                       1.338     1.338
top.resultwriter+resultwriteinst.bilinearintrp+bilinearimp^FF_NODE~2900.Q[0] (.latch) [clock-to-output]       0.124     1.462
n7536.in[0] (.names)                                                                                          1.338     2.800
n7536.out[0] (.names)                                                                                         0.261     3.061
n7546.in[2] (.names)                                                                                          1.338     4.398
n7546.out[0] (.names)                                                                                         0.261     4.659
n7556.in[2] (.names)                                                                                          1.338     5.997
n7556.out[0] (.names)                                                                                         0.261     6.258
n7566.in[2] (.names)                                                                                          1.338     7.596
n7566.out[0] (.names)                                                                                         0.261     7.857
n7576.in[3] (.names)                                                                                          1.338     9.195
n7576.out[0] (.names)                                                                                         0.261     9.456
n7575_1.in[3] (.names)                                                                                        1.338    10.793
n7575_1.out[0] (.names)                                                                                       0.261    11.054
n2703.in[3] (.names)                                                                                          1.338    12.392
n2703.out[0] (.names)                                                                                         0.261    12.653
top.resultwriter+resultwriteinst^FF_NODE~3312.D[0] (.latch)                                                   1.338    13.991
data arrival time                                                                                                      13.991

clock top^tm3_clk_v0 (rise edge)                                                                              0.000     0.000
clock source latency                                                                                          0.000     0.000
top^tm3_clk_v0.inpad[0] (.input)                                                                              0.000     0.000
top.resultwriter+resultwriteinst^FF_NODE~3312.clk[0] (.latch)                                                 1.338     1.338
clock uncertainty                                                                                             0.000     1.338
cell setup time                                                                                              -0.066     1.272
data required time                                                                                                      1.272
-----------------------------------------------------------------------------------------------------------------------------
data required time                                                                                                      1.272
data arrival time                                                                                                     -13.991
-----------------------------------------------------------------------------------------------------------------------------
slack (VIOLATED)                                                                                                      -12.719


#Path 36
Startpoint: top.resultwriter+resultwriteinst.linearmap+linearmapinst^FF_NODE~2703.Q[0] (.latch clocked by top^tm3_clk_v0)
Endpoint  : top.resultwriter+resultwriteinst.linearmap+linearmapinst^FF_NODE~2730.D[0] (.latch clocked by top^tm3_clk_v0)
Path Type : setup

Point                                                                                                        Incr      Path
---------------------------------------------------------------------------------------------------------------------------
clock top^tm3_clk_v0 (rise edge)                                                                            0.000     0.000
clock source latency                                                                                        0.000     0.000
top^tm3_clk_v0.inpad[0] (.input)                                                                            0.000     0.000
top.resultwriter+resultwriteinst.linearmap+linearmapinst^FF_NODE~2703.clk[0] (.latch)                       1.338     1.338
top.resultwriter+resultwriteinst.linearmap+linearmapinst^FF_NODE~2703.Q[0] (.latch) [clock-to-output]       0.124     1.462
n7600_1.in[0] (.names)                                                                                      1.338     2.800
n7600_1.out[0] (.names)                                                                                     0.261     3.061
n7631.in[5] (.names)                                                                                        1.338     4.398
n7631.out[0] (.names)                                                                                       0.261     4.659
n7630_1.in[1] (.names)                                                                                      1.338     5.997
n7630_1.out[0] (.names)                                                                                     0.261     6.258
n7655_1.in[3] (.names)                                                                                      1.338     7.596
n7655_1.out[0] (.names)                                                                                     0.261     7.857
n7654_1.in[3] (.names)                                                                                      1.338     9.195
n7654_1.out[0] (.names)                                                                                     0.261     9.456
n7650_1.in[5] (.names)                                                                                      1.338    10.793
n7650_1.out[0] (.names)                                                                                     0.261    11.054
n2763.in[5] (.names)                                                                                        1.338    12.392
n2763.out[0] (.names)                                                                                       0.261    12.653
top.resultwriter+resultwriteinst.linearmap+linearmapinst^FF_NODE~2730.D[0] (.latch)                         1.338    13.991
data arrival time                                                                                                    13.991

clock top^tm3_clk_v0 (rise edge)                                                                            0.000     0.000
clock source latency                                                                                        0.000     0.000
top^tm3_clk_v0.inpad[0] (.input)                                                                            0.000     0.000
top.resultwriter+resultwriteinst.linearmap+linearmapinst^FF_NODE~2730.clk[0] (.latch)                       1.338     1.338
clock uncertainty                                                                                           0.000     1.338
cell setup time                                                                                            -0.066     1.272
data required time                                                                                                    1.272
---------------------------------------------------------------------------------------------------------------------------
data required time                                                                                                    1.272
data arrival time                                                                                                   -13.991
---------------------------------------------------------------------------------------------------------------------------
slack (VIOLATED)                                                                                                    -12.719


#Path 37
Startpoint: top.resultwriter+resultwriteinst.linearmap+linearmapinst^FF_NODE~2703.Q[0] (.latch clocked by top^tm3_clk_v0)
Endpoint  : top.resultwriter+resultwriteinst.linearmap+linearmapinst^FF_NODE~2729.D[0] (.latch clocked by top^tm3_clk_v0)
Path Type : setup

Point                                                                                                        Incr      Path
---------------------------------------------------------------------------------------------------------------------------
clock top^tm3_clk_v0 (rise edge)                                                                            0.000     0.000
clock source latency                                                                                        0.000     0.000
top^tm3_clk_v0.inpad[0] (.input)                                                                            0.000     0.000
top.resultwriter+resultwriteinst.linearmap+linearmapinst^FF_NODE~2703.clk[0] (.latch)                       1.338     1.338
top.resultwriter+resultwriteinst.linearmap+linearmapinst^FF_NODE~2703.Q[0] (.latch) [clock-to-output]       0.124     1.462
n7600_1.in[0] (.names)                                                                                      1.338     2.800
n7600_1.out[0] (.names)                                                                                     0.261     3.061
n7631.in[5] (.names)                                                                                        1.338     4.398
n7631.out[0] (.names)                                                                                       0.261     4.659
n7630_1.in[1] (.names)                                                                                      1.338     5.997
n7630_1.out[0] (.names)                                                                                     0.261     6.258
n7637.in[2] (.names)                                                                                        1.338     7.596
n7637.out[0] (.names)                                                                                       0.261     7.857
n7636.in[2] (.names)                                                                                        1.338     9.195
n7636.out[0] (.names)                                                                                       0.261     9.456
n7635_1.in[3] (.names)                                                                                      1.338    10.793
n7635_1.out[0] (.names)                                                                                     0.261    11.054
n2758.in[5] (.names)                                                                                        1.338    12.392
n2758.out[0] (.names)                                                                                       0.261    12.653
top.resultwriter+resultwriteinst.linearmap+linearmapinst^FF_NODE~2729.D[0] (.latch)                         1.338    13.991
data arrival time                                                                                                    13.991

clock top^tm3_clk_v0 (rise edge)                                                                            0.000     0.000
clock source latency                                                                                        0.000     0.000
top^tm3_clk_v0.inpad[0] (.input)                                                                            0.000     0.000
top.resultwriter+resultwriteinst.linearmap+linearmapinst^FF_NODE~2729.clk[0] (.latch)                       1.338     1.338
clock uncertainty                                                                                           0.000     1.338
cell setup time                                                                                            -0.066     1.272
data required time                                                                                                    1.272
---------------------------------------------------------------------------------------------------------------------------
data required time                                                                                                    1.272
data arrival time                                                                                                   -13.991
---------------------------------------------------------------------------------------------------------------------------
slack (VIOLATED)                                                                                                    -12.719


#Path 38
Startpoint: top.matmult+matmultinst^FF_NODE~246.Q[0] (.latch clocked by top^tm3_clk_v0)
Endpoint  : top.matmult+matmultinst^FF_NODE~372.D[0] (.latch clocked by top^tm3_clk_v0)
Path Type : setup

Point                                                                      Incr      Path
-----------------------------------------------------------------------------------------
clock top^tm3_clk_v0 (rise edge)                                          0.000     0.000
clock source latency                                                      0.000     0.000
top^tm3_clk_v0.inpad[0] (.input)                                          0.000     0.000
top.matmult+matmultinst^FF_NODE~246.clk[0] (.latch)                       1.338     1.338
top.matmult+matmultinst^FF_NODE~246.Q[0] (.latch) [clock-to-output]       0.124     1.462
n8762.in[0] (.names)                                                      1.338     2.800
n8762.out[0] (.names)                                                     0.261     3.061
n8771.in[4] (.names)                                                      1.338     4.398
n8771.out[0] (.names)                                                     0.261     4.659
n8779_1.in[5] (.names)                                                    1.338     5.997
n8779_1.out[0] (.names)                                                   0.261     6.258
n8786.in[4] (.names)                                                      1.338     7.596
n8786.out[0] (.names)                                                     0.261     7.857
n8785_1.in[2] (.names)                                                    1.338     9.195
n8785_1.out[0] (.names)                                                   0.261     9.456
n8793.in[2] (.names)                                                      1.338    10.793
n8793.out[0] (.names)                                                     0.261    11.054
n7249.in[4] (.names)                                                      1.338    12.392
n7249.out[0] (.names)                                                     0.261    12.653
top.matmult+matmultinst^FF_NODE~372.D[0] (.latch)                         1.338    13.991
data arrival time                                                                  13.991

clock top^tm3_clk_v0 (rise edge)                                          0.000     0.000
clock source latency                                                      0.000     0.000
top^tm3_clk_v0.inpad[0] (.input)                                          0.000     0.000
top.matmult+matmultinst^FF_NODE~372.clk[0] (.latch)                       1.338     1.338
clock uncertainty                                                         0.000     1.338
cell setup time                                                          -0.066     1.272
data required time                                                                  1.272
-----------------------------------------------------------------------------------------
data required time                                                                  1.272
data arrival time                                                                 -13.991
-----------------------------------------------------------------------------------------
slack (VIOLATED)                                                                  -12.719


#Path 39
Startpoint: top.matmult+matmultinst^FF_NODE~246.Q[0] (.latch clocked by top^tm3_clk_v0)
Endpoint  : top.matmult+matmultinst^FF_NODE~371.D[0] (.latch clocked by top^tm3_clk_v0)
Path Type : setup

Point                                                                      Incr      Path
-----------------------------------------------------------------------------------------
clock top^tm3_clk_v0 (rise edge)                                          0.000     0.000
clock source latency                                                      0.000     0.000
top^tm3_clk_v0.inpad[0] (.input)                                          0.000     0.000
top.matmult+matmultinst^FF_NODE~246.clk[0] (.latch)                       1.338     1.338
top.matmult+matmultinst^FF_NODE~246.Q[0] (.latch) [clock-to-output]       0.124     1.462
n8762.in[0] (.names)                                                      1.338     2.800
n8762.out[0] (.names)                                                     0.261     3.061
n8771.in[4] (.names)                                                      1.338     4.398
n8771.out[0] (.names)                                                     0.261     4.659
n8779_1.in[5] (.names)                                                    1.338     5.997
n8779_1.out[0] (.names)                                                   0.261     6.258
n8786.in[4] (.names)                                                      1.338     7.596
n8786.out[0] (.names)                                                     0.261     7.857
n8785_1.in[2] (.names)                                                    1.338     9.195
n8785_1.out[0] (.names)                                                   0.261     9.456
n8793.in[2] (.names)                                                      1.338    10.793
n8793.out[0] (.names)                                                     0.261    11.054
n7244.in[3] (.names)                                                      1.338    12.392
n7244.out[0] (.names)                                                     0.261    12.653
top.matmult+matmultinst^FF_NODE~371.D[0] (.latch)                         1.338    13.991
data arrival time                                                                  13.991

clock top^tm3_clk_v0 (rise edge)                                          0.000     0.000
clock source latency                                                      0.000     0.000
top^tm3_clk_v0.inpad[0] (.input)                                          0.000     0.000
top.matmult+matmultinst^FF_NODE~371.clk[0] (.latch)                       1.338     1.338
clock uncertainty                                                         0.000     1.338
cell setup time                                                          -0.066     1.272
data required time                                                                  1.272
-----------------------------------------------------------------------------------------
data required time                                                                  1.272
data arrival time                                                                 -13.991
-----------------------------------------------------------------------------------------
slack (VIOLATED)                                                                  -12.719


#Path 40
Startpoint: top.matmult+matmultinst^FF_NODE~150.Q[0] (.latch clocked by top^tm3_clk_v0)
Endpoint  : top.matmult+matmultinst^FF_NODE~356.D[0] (.latch clocked by top^tm3_clk_v0)
Path Type : setup

Point                                                                      Incr      Path
-----------------------------------------------------------------------------------------
clock top^tm3_clk_v0 (rise edge)                                          0.000     0.000
clock source latency                                                      0.000     0.000
top^tm3_clk_v0.inpad[0] (.input)                                          0.000     0.000
top.matmult+matmultinst^FF_NODE~150.clk[0] (.latch)                       1.338     1.338
top.matmult+matmultinst^FF_NODE~150.Q[0] (.latch) [clock-to-output]       0.124     1.462
n8664_1.in[0] (.names)                                                    1.338     2.800
n8664_1.out[0] (.names)                                                   0.261     3.061
n8673.in[4] (.names)                                                      1.338     4.398
n8673.out[0] (.names)                                                     0.261     4.659
n8681.in[5] (.names)                                                      1.338     5.997
n8681.out[0] (.names)                                                     0.261     6.258
n8688.in[4] (.names)                                                      1.338     7.596
n8688.out[0] (.names)                                                     0.261     7.857
n8687.in[2] (.names)                                                      1.338     9.195
n8687.out[0] (.names)                                                     0.261     9.456
n8695_1.in[2] (.names)                                                    1.338    10.793
n8695_1.out[0] (.names)                                                   0.261    11.054
n6449.in[4] (.names)                                                      1.338    12.392
n6449.out[0] (.names)                                                     0.261    12.653
top.matmult+matmultinst^FF_NODE~356.D[0] (.latch)                         1.338    13.991
data arrival time                                                                  13.991

clock top^tm3_clk_v0 (rise edge)                                          0.000     0.000
clock source latency                                                      0.000     0.000
top^tm3_clk_v0.inpad[0] (.input)                                          0.000     0.000
top.matmult+matmultinst^FF_NODE~356.clk[0] (.latch)                       1.338     1.338
clock uncertainty                                                         0.000     1.338
cell setup time                                                          -0.066     1.272
data required time                                                                  1.272
-----------------------------------------------------------------------------------------
data required time                                                                  1.272
data arrival time                                                                 -13.991
-----------------------------------------------------------------------------------------
slack (VIOLATED)                                                                  -12.719


#Path 41
Startpoint: top.matmult+matmultinst^FF_NODE~150.Q[0] (.latch clocked by top^tm3_clk_v0)
Endpoint  : top.matmult+matmultinst^FF_NODE~355.D[0] (.latch clocked by top^tm3_clk_v0)
Path Type : setup

Point                                                                      Incr      Path
-----------------------------------------------------------------------------------------
clock top^tm3_clk_v0 (rise edge)                                          0.000     0.000
clock source latency                                                      0.000     0.000
top^tm3_clk_v0.inpad[0] (.input)                                          0.000     0.000
top.matmult+matmultinst^FF_NODE~150.clk[0] (.latch)                       1.338     1.338
top.matmult+matmultinst^FF_NODE~150.Q[0] (.latch) [clock-to-output]       0.124     1.462
n8664_1.in[0] (.names)                                                    1.338     2.800
n8664_1.out[0] (.names)                                                   0.261     3.061
n8673.in[4] (.names)                                                      1.338     4.398
n8673.out[0] (.names)                                                     0.261     4.659
n8681.in[5] (.names)                                                      1.338     5.997
n8681.out[0] (.names)                                                     0.261     6.258
n8688.in[4] (.names)                                                      1.338     7.596
n8688.out[0] (.names)                                                     0.261     7.857
n8687.in[2] (.names)                                                      1.338     9.195
n8687.out[0] (.names)                                                     0.261     9.456
n8695_1.in[2] (.names)                                                    1.338    10.793
n8695_1.out[0] (.names)                                                   0.261    11.054
n6444.in[3] (.names)                                                      1.338    12.392
n6444.out[0] (.names)                                                     0.261    12.653
top.matmult+matmultinst^FF_NODE~355.D[0] (.latch)                         1.338    13.991
data arrival time                                                                  13.991

clock top^tm3_clk_v0 (rise edge)                                          0.000     0.000
clock source latency                                                      0.000     0.000
top^tm3_clk_v0.inpad[0] (.input)                                          0.000     0.000
top.matmult+matmultinst^FF_NODE~355.clk[0] (.latch)                       1.338     1.338
clock uncertainty                                                         0.000     1.338
cell setup time                                                          -0.066     1.272
data required time                                                                  1.272
-----------------------------------------------------------------------------------------
data required time                                                                  1.272
data arrival time                                                                 -13.991
-----------------------------------------------------------------------------------------
slack (VIOLATED)                                                                  -12.719


#Path 42
Startpoint: top.matmult+matmultinst^FF_NODE~54.Q[0] (.latch clocked by top^tm3_clk_v0)
Endpoint  : top.matmult+matmultinst^FF_NODE~340.D[0] (.latch clocked by top^tm3_clk_v0)
Path Type : setup

Point                                                                      Incr      Path
-----------------------------------------------------------------------------------------
clock top^tm3_clk_v0 (rise edge)                                          0.000     0.000
clock source latency                                                      0.000     0.000
top^tm3_clk_v0.inpad[0] (.input)                                          0.000     0.000
top.matmult+matmultinst^FF_NODE~54.clk[0] (.latch)                        1.338     1.338
top.matmult+matmultinst^FF_NODE~54.Q[0] (.latch) [clock-to-output]        0.124     1.462
n8565_1.in[0] (.names)                                                    1.338     2.800
n8565_1.out[0] (.names)                                                   0.261     3.061
n8574_1.in[4] (.names)                                                    1.338     4.398
n8574_1.out[0] (.names)                                                   0.261     4.659
n8582.in[5] (.names)                                                      1.338     5.997
n8582.out[0] (.names)                                                     0.261     6.258
n8589_1.in[4] (.names)                                                    1.338     7.596
n8589_1.out[0] (.names)                                                   0.261     7.857
n8588.in[2] (.names)                                                      1.338     9.195
n8588.out[0] (.names)                                                     0.261     9.456
n8596.in[2] (.names)                                                      1.338    10.793
n8596.out[0] (.names)                                                     0.261    11.054
n5649.in[4] (.names)                                                      1.338    12.392
n5649.out[0] (.names)                                                     0.261    12.653
top.matmult+matmultinst^FF_NODE~340.D[0] (.latch)                         1.338    13.991
data arrival time                                                                  13.991

clock top^tm3_clk_v0 (rise edge)                                          0.000     0.000
clock source latency                                                      0.000     0.000
top^tm3_clk_v0.inpad[0] (.input)                                          0.000     0.000
top.matmult+matmultinst^FF_NODE~340.clk[0] (.latch)                       1.338     1.338
clock uncertainty                                                         0.000     1.338
cell setup time                                                          -0.066     1.272
data required time                                                                  1.272
-----------------------------------------------------------------------------------------
data required time                                                                  1.272
data arrival time                                                                 -13.991
-----------------------------------------------------------------------------------------
slack (VIOLATED)                                                                  -12.719


#Path 43
Startpoint: top.raygencont+raygencontinst^FF_NODE~1816.Q[0] (.latch clocked by top^tm3_clk_v0)
Endpoint  : top.raygencont+raygencontinst^FF_NODE~1835.D[0] (.latch clocked by top^tm3_clk_v0)
Path Type : setup

Point                                                                             Incr      Path
------------------------------------------------------------------------------------------------
clock top^tm3_clk_v0 (rise edge)                                                 0.000     0.000
clock source latency                                                             0.000     0.000
top^tm3_clk_v0.inpad[0] (.input)                                                 0.000     0.000
top.raygencont+raygencontinst^FF_NODE~1816.clk[0] (.latch)                       1.338     1.338
top.raygencont+raygencontinst^FF_NODE~1816.Q[0] (.latch) [clock-to-output]       0.124     1.462
n8385_1.in[0] (.names)                                                           1.338     2.800
n8385_1.out[0] (.names)                                                          0.261     3.061
n8389_1.in[3] (.names)                                                           1.338     4.398
n8389_1.out[0] (.names)                                                          0.261     4.659
n8396.in[5] (.names)                                                             1.338     5.997
n8396.out[0] (.names)                                                            0.261     6.258
n8402.in[4] (.names)                                                             1.338     7.596
n8402.out[0] (.names)                                                            0.261     7.857
n8409_1.in[5] (.names)                                                           1.338     9.195
n8409_1.out[0] (.names)                                                          0.261     9.456
n8416.in[5] (.names)                                                             1.338    10.793
n8416.out[0] (.names)                                                            0.261    11.054
n4946.in[2] (.names)                                                             1.338    12.392
n4946.out[0] (.names)                                                            0.261    12.653
top.raygencont+raygencontinst^FF_NODE~1835.D[0] (.latch)                         1.338    13.991
data arrival time                                                                         13.991

clock top^tm3_clk_v0 (rise edge)                                                 0.000     0.000
clock source latency                                                             0.000     0.000
top^tm3_clk_v0.inpad[0] (.input)                                                 0.000     0.000
top.raygencont+raygencontinst^FF_NODE~1835.clk[0] (.latch)                       1.338     1.338
clock uncertainty                                                                0.000     1.338
cell setup time                                                                 -0.066     1.272
data required time                                                                         1.272
------------------------------------------------------------------------------------------------
data required time                                                                         1.272
data arrival time                                                                        -13.991
------------------------------------------------------------------------------------------------
slack (VIOLATED)                                                                         -12.719


#Path 44
Startpoint: top.raygencont+raygencontinst^FF_NODE~1816.Q[0] (.latch clocked by top^tm3_clk_v0)
Endpoint  : top.raygencont+raygencontinst^FF_NODE~1834.D[0] (.latch clocked by top^tm3_clk_v0)
Path Type : setup

Point                                                                             Incr      Path
------------------------------------------------------------------------------------------------
clock top^tm3_clk_v0 (rise edge)                                                 0.000     0.000
clock source latency                                                             0.000     0.000
top^tm3_clk_v0.inpad[0] (.input)                                                 0.000     0.000
top.raygencont+raygencontinst^FF_NODE~1816.clk[0] (.latch)                       1.338     1.338
top.raygencont+raygencontinst^FF_NODE~1816.Q[0] (.latch) [clock-to-output]       0.124     1.462
n8385_1.in[0] (.names)                                                           1.338     2.800
n8385_1.out[0] (.names)                                                          0.261     3.061
n8389_1.in[3] (.names)                                                           1.338     4.398
n8389_1.out[0] (.names)                                                          0.261     4.659
n8396.in[5] (.names)                                                             1.338     5.997
n8396.out[0] (.names)                                                            0.261     6.258
n8402.in[4] (.names)                                                             1.338     7.596
n8402.out[0] (.names)                                                            0.261     7.857
n8409_1.in[5] (.names)                                                           1.338     9.195
n8409_1.out[0] (.names)                                                          0.261     9.456
n8416.in[5] (.names)                                                             1.338    10.793
n8416.out[0] (.names)                                                            0.261    11.054
n4941.in[1] (.names)                                                             1.338    12.392
n4941.out[0] (.names)                                                            0.261    12.653
top.raygencont+raygencontinst^FF_NODE~1834.D[0] (.latch)                         1.338    13.991
data arrival time                                                                         13.991

clock top^tm3_clk_v0 (rise edge)                                                 0.000     0.000
clock source latency                                                             0.000     0.000
top^tm3_clk_v0.inpad[0] (.input)                                                 0.000     0.000
top.raygencont+raygencontinst^FF_NODE~1834.clk[0] (.latch)                       1.338     1.338
clock uncertainty                                                                0.000     1.338
cell setup time                                                                 -0.066     1.272
data required time                                                                         1.272
------------------------------------------------------------------------------------------------
data required time                                                                         1.272
data arrival time                                                                        -13.991
------------------------------------------------------------------------------------------------
slack (VIOLATED)                                                                         -12.719


#Path 45
Startpoint: top.matmult+matmultinst^FF_NODE~54.Q[0] (.latch clocked by top^tm3_clk_v0)
Endpoint  : top.matmult+matmultinst^FF_NODE~339.D[0] (.latch clocked by top^tm3_clk_v0)
Path Type : setup

Point                                                                      Incr      Path
-----------------------------------------------------------------------------------------
clock top^tm3_clk_v0 (rise edge)                                          0.000     0.000
clock source latency                                                      0.000     0.000
top^tm3_clk_v0.inpad[0] (.input)                                          0.000     0.000
top.matmult+matmultinst^FF_NODE~54.clk[0] (.latch)                        1.338     1.338
top.matmult+matmultinst^FF_NODE~54.Q[0] (.latch) [clock-to-output]        0.124     1.462
n8565_1.in[0] (.names)                                                    1.338     2.800
n8565_1.out[0] (.names)                                                   0.261     3.061
n8574_1.in[4] (.names)                                                    1.338     4.398
n8574_1.out[0] (.names)                                                   0.261     4.659
n8582.in[5] (.names)                                                      1.338     5.997
n8582.out[0] (.names)                                                     0.261     6.258
n8589_1.in[4] (.names)                                                    1.338     7.596
n8589_1.out[0] (.names)                                                   0.261     7.857
n8588.in[2] (.names)                                                      1.338     9.195
n8588.out[0] (.names)                                                     0.261     9.456
n8596.in[2] (.names)                                                      1.338    10.793
n8596.out[0] (.names)                                                     0.261    11.054
n5644.in[3] (.names)                                                      1.338    12.392
n5644.out[0] (.names)                                                     0.261    12.653
top.matmult+matmultinst^FF_NODE~339.D[0] (.latch)                         1.338    13.991
data arrival time                                                                  13.991

clock top^tm3_clk_v0 (rise edge)                                          0.000     0.000
clock source latency                                                      0.000     0.000
top^tm3_clk_v0.inpad[0] (.input)                                          0.000     0.000
top.matmult+matmultinst^FF_NODE~339.clk[0] (.latch)                       1.338     1.338
clock uncertainty                                                         0.000     1.338
cell setup time                                                          -0.066     1.272
data required time                                                                  1.272
-----------------------------------------------------------------------------------------
data required time                                                                  1.272
data arrival time                                                                 -13.991
-----------------------------------------------------------------------------------------
slack (VIOLATED)                                                                  -12.719


#Path 46
Startpoint: top.raygencont+raygencontinst^FF_NODE~1816.Q[0] (.latch clocked by top^tm3_clk_v0)
Endpoint  : top.raygencont+raygencontinst^FF_NODE~1833.D[0] (.latch clocked by top^tm3_clk_v0)
Path Type : setup

Point                                                                             Incr      Path
------------------------------------------------------------------------------------------------
clock top^tm3_clk_v0 (rise edge)                                                 0.000     0.000
clock source latency                                                             0.000     0.000
top^tm3_clk_v0.inpad[0] (.input)                                                 0.000     0.000
top.raygencont+raygencontinst^FF_NODE~1816.clk[0] (.latch)                       1.338     1.338
top.raygencont+raygencontinst^FF_NODE~1816.Q[0] (.latch) [clock-to-output]       0.124     1.462
n8385_1.in[0] (.names)                                                           1.338     2.800
n8385_1.out[0] (.names)                                                          0.261     3.061
n8389_1.in[3] (.names)                                                           1.338     4.398
n8389_1.out[0] (.names)                                                          0.261     4.659
n8396.in[5] (.names)                                                             1.338     5.997
n8396.out[0] (.names)                                                            0.261     6.258
n8402.in[4] (.names)                                                             1.338     7.596
n8402.out[0] (.names)                                                            0.261     7.857
n8409_1.in[5] (.names)                                                           1.338     9.195
n8409_1.out[0] (.names)                                                          0.261     9.456
n8413.in[1] (.names)                                                             1.338    10.793
n8413.out[0] (.names)                                                            0.261    11.054
n4936.in[5] (.names)                                                             1.338    12.392
n4936.out[0] (.names)                                                            0.261    12.653
top.raygencont+raygencontinst^FF_NODE~1833.D[0] (.latch)                         1.338    13.991
data arrival time                                                                         13.991

clock top^tm3_clk_v0 (rise edge)                                                 0.000     0.000
clock source latency                                                             0.000     0.000
top^tm3_clk_v0.inpad[0] (.input)                                                 0.000     0.000
top.raygencont+raygencontinst^FF_NODE~1833.clk[0] (.latch)                       1.338     1.338
clock uncertainty                                                                0.000     1.338
cell setup time                                                                 -0.066     1.272
data required time                                                                         1.272
------------------------------------------------------------------------------------------------
data required time                                                                         1.272
data arrival time                                                                        -13.991
------------------------------------------------------------------------------------------------
slack (VIOLATED)                                                                         -12.719


#Path 47
Startpoint: top.raygencont+raygencontinst^FF_NODE~1816.Q[0] (.latch clocked by top^tm3_clk_v0)
Endpoint  : top.raygencont+raygencontinst^FF_NODE~1832.D[0] (.latch clocked by top^tm3_clk_v0)
Path Type : setup

Point                                                                             Incr      Path
------------------------------------------------------------------------------------------------
clock top^tm3_clk_v0 (rise edge)                                                 0.000     0.000
clock source latency                                                             0.000     0.000
top^tm3_clk_v0.inpad[0] (.input)                                                 0.000     0.000
top.raygencont+raygencontinst^FF_NODE~1816.clk[0] (.latch)                       1.338     1.338
top.raygencont+raygencontinst^FF_NODE~1816.Q[0] (.latch) [clock-to-output]       0.124     1.462
n8385_1.in[0] (.names)                                                           1.338     2.800
n8385_1.out[0] (.names)                                                          0.261     3.061
n8389_1.in[3] (.names)                                                           1.338     4.398
n8389_1.out[0] (.names)                                                          0.261     4.659
n8396.in[5] (.names)                                                             1.338     5.997
n8396.out[0] (.names)                                                            0.261     6.258
n8402.in[4] (.names)                                                             1.338     7.596
n8402.out[0] (.names)                                                            0.261     7.857
n8409_1.in[5] (.names)                                                           1.338     9.195
n8409_1.out[0] (.names)                                                          0.261     9.456
n8413.in[1] (.names)                                                             1.338    10.793
n8413.out[0] (.names)                                                            0.261    11.054
n4931.in[3] (.names)                                                             1.338    12.392
n4931.out[0] (.names)                                                            0.261    12.653
top.raygencont+raygencontinst^FF_NODE~1832.D[0] (.latch)                         1.338    13.991
data arrival time                                                                         13.991

clock top^tm3_clk_v0 (rise edge)                                                 0.000     0.000
clock source latency                                                             0.000     0.000
top^tm3_clk_v0.inpad[0] (.input)                                                 0.000     0.000
top.raygencont+raygencontinst^FF_NODE~1832.clk[0] (.latch)                       1.338     1.338
clock uncertainty                                                                0.000     1.338
cell setup time                                                                 -0.066     1.272
data required time                                                                         1.272
------------------------------------------------------------------------------------------------
data required time                                                                         1.272
data arrival time                                                                        -13.991
------------------------------------------------------------------------------------------------
slack (VIOLATED)                                                                         -12.719


#Path 48
Startpoint: top.resultwriter+resultwriteinst.linearmap+linearmapinst^FF_NODE~2703.Q[0] (.latch clocked by top^tm3_clk_v0)
Endpoint  : top.resultwriter+resultwriteinst.linearmap+linearmapinst^FF_NODE~2717.D[0] (.latch clocked by top^tm3_clk_v0)
Path Type : setup

Point                                                                                                        Incr      Path
---------------------------------------------------------------------------------------------------------------------------
clock top^tm3_clk_v0 (rise edge)                                                                            0.000     0.000
clock source latency                                                                                        0.000     0.000
top^tm3_clk_v0.inpad[0] (.input)                                                                            0.000     0.000
top.resultwriter+resultwriteinst.linearmap+linearmapinst^FF_NODE~2703.clk[0] (.latch)                       1.338     1.338
top.resultwriter+resultwriteinst.linearmap+linearmapinst^FF_NODE~2703.Q[0] (.latch) [clock-to-output]       0.124     1.462
n7600_1.in[0] (.names)                                                                                      1.338     2.800
n7600_1.out[0] (.names)                                                                                     0.261     3.061
n7631.in[5] (.names)                                                                                        1.338     4.398
n7631.out[0] (.names)                                                                                       0.261     4.659
n7630_1.in[1] (.names)                                                                                      1.338     5.997
n7630_1.out[0] (.names)                                                                                     0.261     6.258
n7690.in[2] (.names)                                                                                        1.338     7.596
n7690.out[0] (.names)                                                                                       0.261     7.857
n7689.in[2] (.names)                                                                                        1.338     9.195
n7689.out[0] (.names)                                                                                       0.261     9.456
n7688.in[3] (.names)                                                                                        1.338    10.793
n7688.out[0] (.names)                                                                                       0.261    11.054
n2778.in[1] (.names)                                                                                        1.338    12.392
n2778.out[0] (.names)                                                                                       0.261    12.653
top.resultwriter+resultwriteinst.linearmap+linearmapinst^FF_NODE~2717.D[0] (.latch)                         1.338    13.991
data arrival time                                                                                                    13.991

clock top^tm3_clk_v0 (rise edge)                                                                            0.000     0.000
clock source latency                                                                                        0.000     0.000
top^tm3_clk_v0.inpad[0] (.input)                                                                            0.000     0.000
top.resultwriter+resultwriteinst.linearmap+linearmapinst^FF_NODE~2717.clk[0] (.latch)                       1.338     1.338
clock uncertainty                                                                                           0.000     1.338
cell setup time                                                                                            -0.066     1.272
data required time                                                                                                    1.272
---------------------------------------------------------------------------------------------------------------------------
data required time                                                                                                    1.272
data arrival time                                                                                                   -13.991
---------------------------------------------------------------------------------------------------------------------------
slack (VIOLATED)                                                                                                    -12.719


#Path 49
Startpoint: top.resultwriter+resultwriteinst.linearmap+linearmapinst^FF_NODE~2703.Q[0] (.latch clocked by top^tm3_clk_v0)
Endpoint  : top.resultwriter+resultwriteinst.linearmap+linearmapinst^FF_NODE~2727.D[0] (.latch clocked by top^tm3_clk_v0)
Path Type : setup

Point                                                                                                        Incr      Path
---------------------------------------------------------------------------------------------------------------------------
clock top^tm3_clk_v0 (rise edge)                                                                            0.000     0.000
clock source latency                                                                                        0.000     0.000
top^tm3_clk_v0.inpad[0] (.input)                                                                            0.000     0.000
top.resultwriter+resultwriteinst.linearmap+linearmapinst^FF_NODE~2703.clk[0] (.latch)                       1.338     1.338
top.resultwriter+resultwriteinst.linearmap+linearmapinst^FF_NODE~2703.Q[0] (.latch) [clock-to-output]       0.124     1.462
n7600_1.in[0] (.names)                                                                                      1.338     2.800
n7600_1.out[0] (.names)                                                                                     0.261     3.061
n7608.in[2] (.names)                                                                                        1.338     4.398
n7608.out[0] (.names)                                                                                       0.261     4.659
n7613.in[4] (.names)                                                                                        1.338     5.997
n7613.out[0] (.names)                                                                                       0.261     6.258
n7612.in[5] (.names)                                                                                        1.338     7.596
n7612.out[0] (.names)                                                                                       0.261     7.857
n7610_1.in[4] (.names)                                                                                      1.338     9.195
n7610_1.out[0] (.names)                                                                                     0.261     9.456
n2748.in[3] (.names)                                                                                        1.338    10.793
n2748.out[0] (.names)                                                                                       0.261    11.054
top.resultwriter+resultwriteinst.linearmap+linearmapinst^FF_NODE~2727.D[0] (.latch)                         1.338    12.392
data arrival time                                                                                                    12.392

clock top^tm3_clk_v0 (rise edge)                                                                            0.000     0.000
clock source latency                                                                                        0.000     0.000
top^tm3_clk_v0.inpad[0] (.input)                                                                            0.000     0.000
top.resultwriter+resultwriteinst.linearmap+linearmapinst^FF_NODE~2727.clk[0] (.latch)                       1.338     1.338
clock uncertainty                                                                                           0.000     1.338
cell setup time                                                                                            -0.066     1.272
data required time                                                                                                    1.272
---------------------------------------------------------------------------------------------------------------------------
data required time                                                                                                    1.272
data arrival time                                                                                                   -12.392
---------------------------------------------------------------------------------------------------------------------------
slack (VIOLATED)                                                                                                    -11.120


#Path 50
Startpoint: top.resultwriter+resultwriteinst^FF_NODE~3370.Q[0] (.latch clocked by top^tm3_clk_v0)
Endpoint  : top.resultwriter+resultwriteinst.bilinearintrp+bilinearimp^FF_NODE~2770.D[0] (.latch clocked by top^tm3_clk_v0)
Path Type : setup

Point                                                                                                          Incr      Path
-----------------------------------------------------------------------------------------------------------------------------
clock top^tm3_clk_v0 (rise edge)                                                                              0.000     0.000
clock source latency                                                                                          0.000     0.000
top^tm3_clk_v0.inpad[0] (.input)                                                                              0.000     0.000
top.resultwriter+resultwriteinst^FF_NODE~3370.clk[0] (.latch)                                                 1.338     1.338
top.resultwriter+resultwriteinst^FF_NODE~3370.Q[0] (.latch) [clock-to-output]                                 0.124     1.462
n7829_1.in[0] (.names)                                                                                        1.338     2.800
n7829_1.out[0] (.names)                                                                                       0.261     3.061
n7828.in[2] (.names)                                                                                          1.338     4.398
n7828.out[0] (.names)                                                                                         0.261     4.659
n7827.in[2] (.names)                                                                                          1.338     5.997
n7827.out[0] (.names)                                                                                         0.261     6.258
n7824_1.in[4] (.names)                                                                                        1.338     7.596
n7824_1.out[0] (.names)                                                                                       0.261     7.857
n7880_1.in[0] (.names)                                                                                        1.338     9.195
n7880_1.out[0] (.names)                                                                                       0.261     9.456
n3198.in[2] (.names)                                                                                          1.338    10.793
n3198.out[0] (.names)                                                                                         0.261    11.054
top.resultwriter+resultwriteinst.bilinearintrp+bilinearimp^FF_NODE~2770.D[0] (.latch)                         1.338    12.392
data arrival time                                                                                                      12.392

clock top^tm3_clk_v0 (rise edge)                                                                              0.000     0.000
clock source latency                                                                                          0.000     0.000
top^tm3_clk_v0.inpad[0] (.input)                                                                              0.000     0.000
top.resultwriter+resultwriteinst.bilinearintrp+bilinearimp^FF_NODE~2770.clk[0] (.latch)                       1.338     1.338
clock uncertainty                                                                                             0.000     1.338
cell setup time                                                                                              -0.066     1.272
data required time                                                                                                      1.272
-----------------------------------------------------------------------------------------------------------------------------
data required time                                                                                                      1.272
data arrival time                                                                                                     -12.392
-----------------------------------------------------------------------------------------------------------------------------
slack (VIOLATED)                                                                                                      -11.120


#Path 51
Startpoint: top.resultwriter+resultwriteinst.bilinearintrp+bilinearimp^FF_NODE~2945.Q[0] (.latch clocked by top^tm3_clk_v0)
Endpoint  : top.resultwriter+resultwriteinst.linearmap+linearmapinst^FF_NODE~2706.D[0] (.latch clocked by top^tm3_clk_v0)
Path Type : setup

Point                                                                                                          Incr      Path
-----------------------------------------------------------------------------------------------------------------------------
clock top^tm3_clk_v0 (rise edge)                                                                              0.000     0.000
clock source latency                                                                                          0.000     0.000
top^tm3_clk_v0.inpad[0] (.input)                                                                              0.000     0.000
top.resultwriter+resultwriteinst.bilinearintrp+bilinearimp^FF_NODE~2945.clk[0] (.latch)                       1.338     1.338
top.resultwriter+resultwriteinst.bilinearintrp+bilinearimp^FF_NODE~2945.Q[0] (.latch) [clock-to-output]       0.124     1.462
n7427.in[0] (.names)                                                                                          1.338     2.800
n7427.out[0] (.names)                                                                                         0.261     3.061
n7440.in[2] (.names)                                                                                          1.338     4.398
n7440.out[0] (.names)                                                                                         0.261     4.659
n7507.in[2] (.names)                                                                                          1.338     5.997
n7507.out[0] (.names)                                                                                         0.261     6.258
n7517.in[2] (.names)                                                                                          1.338     7.596
n7517.out[0] (.names)                                                                                         0.261     7.857
n7516.in[3] (.names)                                                                                          1.338     9.195
n7516.out[0] (.names)                                                                                         0.261     9.456
n2828.in[2] (.names)                                                                                          1.338    10.793
n2828.out[0] (.names)                                                                                         0.261    11.054
top.resultwriter+resultwriteinst.linearmap+linearmapinst^FF_NODE~2706.D[0] (.latch)                           1.338    12.392
data arrival time                                                                                                      12.392

clock top^tm3_clk_v0 (rise edge)                                                                              0.000     0.000
clock source latency                                                                                          0.000     0.000
top^tm3_clk_v0.inpad[0] (.input)                                                                              0.000     0.000
top.resultwriter+resultwriteinst.linearmap+linearmapinst^FF_NODE~2706.clk[0] (.latch)                         1.338     1.338
clock uncertainty                                                                                             0.000     1.338
cell setup time                                                                                              -0.066     1.272
data required time                                                                                                      1.272
-----------------------------------------------------------------------------------------------------------------------------
data required time                                                                                                      1.272
data arrival time                                                                                                     -12.392
-----------------------------------------------------------------------------------------------------------------------------
slack (VIOLATED)                                                                                                      -11.120


#Path 52
Startpoint: top.resultwriter+resultwriteinst.bilinearintrp+bilinearimp^FF_NODE~2945.Q[0] (.latch clocked by top^tm3_clk_v0)
Endpoint  : top.resultwriter+resultwriteinst^FF_NODE~3365.D[0] (.latch clocked by top^tm3_clk_v0)
Path Type : setup

Point                                                                                                          Incr      Path
-----------------------------------------------------------------------------------------------------------------------------
clock top^tm3_clk_v0 (rise edge)                                                                              0.000     0.000
clock source latency                                                                                          0.000     0.000
top^tm3_clk_v0.inpad[0] (.input)                                                                              0.000     0.000
top.resultwriter+resultwriteinst.bilinearintrp+bilinearimp^FF_NODE~2945.clk[0] (.latch)                       1.338     1.338
top.resultwriter+resultwriteinst.bilinearintrp+bilinearimp^FF_NODE~2945.Q[0] (.latch) [clock-to-output]       0.124     1.462
n7427.in[0] (.names)                                                                                          1.338     2.800
n7427.out[0] (.names)                                                                                         0.261     3.061
n7440.in[2] (.names)                                                                                          1.338     4.398
n7440.out[0] (.names)                                                                                         0.261     4.659
n7507.in[2] (.names)                                                                                          1.338     5.997
n7507.out[0] (.names)                                                                                         0.261     6.258
n7517.in[2] (.names)                                                                                          1.338     7.596
n7517.out[0] (.names)                                                                                         0.261     7.857
n7516.in[3] (.names)                                                                                          1.338     9.195
n7516.out[0] (.names)                                                                                         0.261     9.456
n2623.in[3] (.names)                                                                                          1.338    10.793
n2623.out[0] (.names)                                                                                         0.261    11.054
top.resultwriter+resultwriteinst^FF_NODE~3365.D[0] (.latch)                                                   1.338    12.392
data arrival time                                                                                                      12.392

clock top^tm3_clk_v0 (rise edge)                                                                              0.000     0.000
clock source latency                                                                                          0.000     0.000
top^tm3_clk_v0.inpad[0] (.input)                                                                              0.000     0.000
top.resultwriter+resultwriteinst^FF_NODE~3365.clk[0] (.latch)                                                 1.338     1.338
clock uncertainty                                                                                             0.000     1.338
cell setup time                                                                                              -0.066     1.272
data required time                                                                                                      1.272
-----------------------------------------------------------------------------------------------------------------------------
data required time                                                                                                      1.272
data arrival time                                                                                                     -12.392
-----------------------------------------------------------------------------------------------------------------------------
slack (VIOLATED)                                                                                                      -11.120


#Path 53
Startpoint: top.resultwriter+resultwriteinst.bilinearintrp+bilinearimp^FF_NODE~2945.Q[0] (.latch clocked by top^tm3_clk_v0)
Endpoint  : top.resultwriter+resultwriteinst^FF_NODE~3344.D[0] (.latch clocked by top^tm3_clk_v0)
Path Type : setup

Point                                                                                                          Incr      Path
-----------------------------------------------------------------------------------------------------------------------------
clock top^tm3_clk_v0 (rise edge)                                                                              0.000     0.000
clock source latency                                                                                          0.000     0.000
top^tm3_clk_v0.inpad[0] (.input)                                                                              0.000     0.000
top.resultwriter+resultwriteinst.bilinearintrp+bilinearimp^FF_NODE~2945.clk[0] (.latch)                       1.338     1.338
top.resultwriter+resultwriteinst.bilinearintrp+bilinearimp^FF_NODE~2945.Q[0] (.latch) [clock-to-output]       0.124     1.462
n7427.in[0] (.names)                                                                                          1.338     2.800
n7427.out[0] (.names)                                                                                         0.261     3.061
n7440.in[2] (.names)                                                                                          1.338     4.398
n7440.out[0] (.names)                                                                                         0.261     4.659
n7507.in[2] (.names)                                                                                          1.338     5.997
n7507.out[0] (.names)                                                                                         0.261     6.258
n7517.in[2] (.names)                                                                                          1.338     7.596
n7517.out[0] (.names)                                                                                         0.261     7.857
n7516.in[3] (.names)                                                                                          1.338     9.195
n7516.out[0] (.names)                                                                                         0.261     9.456
n2618.in[3] (.names)                                                                                          1.338    10.793
n2618.out[0] (.names)                                                                                         0.261    11.054
top.resultwriter+resultwriteinst^FF_NODE~3344.D[0] (.latch)                                                   1.338    12.392
data arrival time                                                                                                      12.392

clock top^tm3_clk_v0 (rise edge)                                                                              0.000     0.000
clock source latency                                                                                          0.000     0.000
top^tm3_clk_v0.inpad[0] (.input)                                                                              0.000     0.000
top.resultwriter+resultwriteinst^FF_NODE~3344.clk[0] (.latch)                                                 1.338     1.338
clock uncertainty                                                                                             0.000     1.338
cell setup time                                                                                              -0.066     1.272
data required time                                                                                                      1.272
-----------------------------------------------------------------------------------------------------------------------------
data required time                                                                                                      1.272
data arrival time                                                                                                     -12.392
-----------------------------------------------------------------------------------------------------------------------------
slack (VIOLATED)                                                                                                      -11.120


#Path 54
Startpoint: top.resultwriter+resultwriteinst.bilinearintrp+bilinearimp^FF_NODE~2945.Q[0] (.latch clocked by top^tm3_clk_v0)
Endpoint  : top.resultwriter+resultwriteinst^FF_NODE~3323.D[0] (.latch clocked by top^tm3_clk_v0)
Path Type : setup

Point                                                                                                          Incr      Path
-----------------------------------------------------------------------------------------------------------------------------
clock top^tm3_clk_v0 (rise edge)                                                                              0.000     0.000
clock source latency                                                                                          0.000     0.000
top^tm3_clk_v0.inpad[0] (.input)                                                                              0.000     0.000
top.resultwriter+resultwriteinst.bilinearintrp+bilinearimp^FF_NODE~2945.clk[0] (.latch)                       1.338     1.338
top.resultwriter+resultwriteinst.bilinearintrp+bilinearimp^FF_NODE~2945.Q[0] (.latch) [clock-to-output]       0.124     1.462
n7427.in[0] (.names)                                                                                          1.338     2.800
n7427.out[0] (.names)                                                                                         0.261     3.061
n7440.in[2] (.names)                                                                                          1.338     4.398
n7440.out[0] (.names)                                                                                         0.261     4.659
n7507.in[2] (.names)                                                                                          1.338     5.997
n7507.out[0] (.names)                                                                                         0.261     6.258
n7517.in[2] (.names)                                                                                          1.338     7.596
n7517.out[0] (.names)                                                                                         0.261     7.857
n7516.in[3] (.names)                                                                                          1.338     9.195
n7516.out[0] (.names)                                                                                         0.261     9.456
n2613.in[3] (.names)                                                                                          1.338    10.793
n2613.out[0] (.names)                                                                                         0.261    11.054
top.resultwriter+resultwriteinst^FF_NODE~3323.D[0] (.latch)                                                   1.338    12.392
data arrival time                                                                                                      12.392

clock top^tm3_clk_v0 (rise edge)                                                                              0.000     0.000
clock source latency                                                                                          0.000     0.000
top^tm3_clk_v0.inpad[0] (.input)                                                                              0.000     0.000
top.resultwriter+resultwriteinst^FF_NODE~3323.clk[0] (.latch)                                                 1.338     1.338
clock uncertainty                                                                                             0.000     1.338
cell setup time                                                                                              -0.066     1.272
data required time                                                                                                      1.272
-----------------------------------------------------------------------------------------------------------------------------
data required time                                                                                                      1.272
data arrival time                                                                                                     -12.392
-----------------------------------------------------------------------------------------------------------------------------
slack (VIOLATED)                                                                                                      -11.120


#Path 55
Startpoint: top.resultwriter+resultwriteinst.bilinearintrp+bilinearimp^FF_NODE~2900.Q[0] (.latch clocked by top^tm3_clk_v0)
Endpoint  : top.resultwriter+resultwriteinst.linearmap+linearmapinst^FF_NODE~2713.D[0] (.latch clocked by top^tm3_clk_v0)
Path Type : setup

Point                                                                                                          Incr      Path
-----------------------------------------------------------------------------------------------------------------------------
clock top^tm3_clk_v0 (rise edge)                                                                              0.000     0.000
clock source latency                                                                                          0.000     0.000
top^tm3_clk_v0.inpad[0] (.input)                                                                              0.000     0.000
top.resultwriter+resultwriteinst.bilinearintrp+bilinearimp^FF_NODE~2900.clk[0] (.latch)                       1.338     1.338
top.resultwriter+resultwriteinst.bilinearintrp+bilinearimp^FF_NODE~2900.Q[0] (.latch) [clock-to-output]       0.124     1.462
n7536.in[0] (.names)                                                                                          1.338     2.800
n7536.out[0] (.names)                                                                                         0.261     3.061
n7546.in[2] (.names)                                                                                          1.338     4.398
n7546.out[0] (.names)                                                                                         0.261     4.659
n7556.in[2] (.names)                                                                                          1.338     5.997
n7556.out[0] (.names)                                                                                         0.261     6.258
n7566.in[2] (.names)                                                                                          1.338     7.596
n7566.out[0] (.names)                                                                                         0.261     7.857
n7565_1.in[3] (.names)                                                                                        1.338     9.195
n7565_1.out[0] (.names)                                                                                       0.261     9.456
n2863.in[2] (.names)                                                                                          1.338    10.793
n2863.out[0] (.names)                                                                                         0.261    11.054
top.resultwriter+resultwriteinst.linearmap+linearmapinst^FF_NODE~2713.D[0] (.latch)                           1.338    12.392
data arrival time                                                                                                      12.392

clock top^tm3_clk_v0 (rise edge)                                                                              0.000     0.000
clock source latency                                                                                          0.000     0.000
top^tm3_clk_v0.inpad[0] (.input)                                                                              0.000     0.000
top.resultwriter+resultwriteinst.linearmap+linearmapinst^FF_NODE~2713.clk[0] (.latch)                         1.338     1.338
clock uncertainty                                                                                             0.000     1.338
cell setup time                                                                                              -0.066     1.272
data required time                                                                                                      1.272
-----------------------------------------------------------------------------------------------------------------------------
data required time                                                                                                      1.272
data arrival time                                                                                                     -12.392
-----------------------------------------------------------------------------------------------------------------------------
slack (VIOLATED)                                                                                                      -11.120


#Path 56
Startpoint: top.resultwriter+resultwriteinst.bilinearintrp+bilinearimp^FF_NODE~2900.Q[0] (.latch clocked by top^tm3_clk_v0)
Endpoint  : top.resultwriter+resultwriteinst^FF_NODE~3353.D[0] (.latch clocked by top^tm3_clk_v0)
Path Type : setup

Point                                                                                                          Incr      Path
-----------------------------------------------------------------------------------------------------------------------------
clock top^tm3_clk_v0 (rise edge)                                                                              0.000     0.000
clock source latency                                                                                          0.000     0.000
top^tm3_clk_v0.inpad[0] (.input)                                                                              0.000     0.000
top.resultwriter+resultwriteinst.bilinearintrp+bilinearimp^FF_NODE~2900.clk[0] (.latch)                       1.338     1.338
top.resultwriter+resultwriteinst.bilinearintrp+bilinearimp^FF_NODE~2900.Q[0] (.latch) [clock-to-output]       0.124     1.462
n7536.in[0] (.names)                                                                                          1.338     2.800
n7536.out[0] (.names)                                                                                         0.261     3.061
n7546.in[2] (.names)                                                                                          1.338     4.398
n7546.out[0] (.names)                                                                                         0.261     4.659
n7556.in[2] (.names)                                                                                          1.338     5.997
n7556.out[0] (.names)                                                                                         0.261     6.258
n7566.in[2] (.names)                                                                                          1.338     7.596
n7566.out[0] (.names)                                                                                         0.261     7.857
n7565_1.in[3] (.names)                                                                                        1.338     9.195
n7565_1.out[0] (.names)                                                                                       0.261     9.456
n2698.in[3] (.names)                                                                                          1.338    10.793
n2698.out[0] (.names)                                                                                         0.261    11.054
top.resultwriter+resultwriteinst^FF_NODE~3353.D[0] (.latch)                                                   1.338    12.392
data arrival time                                                                                                      12.392

clock top^tm3_clk_v0 (rise edge)                                                                              0.000     0.000
clock source latency                                                                                          0.000     0.000
top^tm3_clk_v0.inpad[0] (.input)                                                                              0.000     0.000
top.resultwriter+resultwriteinst^FF_NODE~3353.clk[0] (.latch)                                                 1.338     1.338
clock uncertainty                                                                                             0.000     1.338
cell setup time                                                                                              -0.066     1.272
data required time                                                                                                      1.272
-----------------------------------------------------------------------------------------------------------------------------
data required time                                                                                                      1.272
data arrival time                                                                                                     -12.392
-----------------------------------------------------------------------------------------------------------------------------
slack (VIOLATED)                                                                                                      -11.120


#Path 57
Startpoint: top.resultwriter+resultwriteinst.bilinearintrp+bilinearimp^FF_NODE~2900.Q[0] (.latch clocked by top^tm3_clk_v0)
Endpoint  : top.resultwriter+resultwriteinst^FF_NODE~3332.D[0] (.latch clocked by top^tm3_clk_v0)
Path Type : setup

Point                                                                                                          Incr      Path
-----------------------------------------------------------------------------------------------------------------------------
clock top^tm3_clk_v0 (rise edge)                                                                              0.000     0.000
clock source latency                                                                                          0.000     0.000
top^tm3_clk_v0.inpad[0] (.input)                                                                              0.000     0.000
top.resultwriter+resultwriteinst.bilinearintrp+bilinearimp^FF_NODE~2900.clk[0] (.latch)                       1.338     1.338
top.resultwriter+resultwriteinst.bilinearintrp+bilinearimp^FF_NODE~2900.Q[0] (.latch) [clock-to-output]       0.124     1.462
n7536.in[0] (.names)                                                                                          1.338     2.800
n7536.out[0] (.names)                                                                                         0.261     3.061
n7546.in[2] (.names)                                                                                          1.338     4.398
n7546.out[0] (.names)                                                                                         0.261     4.659
n7556.in[2] (.names)                                                                                          1.338     5.997
n7556.out[0] (.names)                                                                                         0.261     6.258
n7566.in[2] (.names)                                                                                          1.338     7.596
n7566.out[0] (.names)                                                                                         0.261     7.857
n7565_1.in[3] (.names)                                                                                        1.338     9.195
n7565_1.out[0] (.names)                                                                                       0.261     9.456
n2693.in[3] (.names)                                                                                          1.338    10.793
n2693.out[0] (.names)                                                                                         0.261    11.054
top.resultwriter+resultwriteinst^FF_NODE~3332.D[0] (.latch)                                                   1.338    12.392
data arrival time                                                                                                      12.392

clock top^tm3_clk_v0 (rise edge)                                                                              0.000     0.000
clock source latency                                                                                          0.000     0.000
top^tm3_clk_v0.inpad[0] (.input)                                                                              0.000     0.000
top.resultwriter+resultwriteinst^FF_NODE~3332.clk[0] (.latch)                                                 1.338     1.338
clock uncertainty                                                                                             0.000     1.338
cell setup time                                                                                              -0.066     1.272
data required time                                                                                                      1.272
-----------------------------------------------------------------------------------------------------------------------------
data required time                                                                                                      1.272
data arrival time                                                                                                     -12.392
-----------------------------------------------------------------------------------------------------------------------------
slack (VIOLATED)                                                                                                      -11.120


#Path 58
Startpoint: top.resultwriter+resultwriteinst.bilinearintrp+bilinearimp^FF_NODE~2900.Q[0] (.latch clocked by top^tm3_clk_v0)
Endpoint  : top.resultwriter+resultwriteinst^FF_NODE~3311.D[0] (.latch clocked by top^tm3_clk_v0)
Path Type : setup

Point                                                                                                          Incr      Path
-----------------------------------------------------------------------------------------------------------------------------
clock top^tm3_clk_v0 (rise edge)                                                                              0.000     0.000
clock source latency                                                                                          0.000     0.000
top^tm3_clk_v0.inpad[0] (.input)                                                                              0.000     0.000
top.resultwriter+resultwriteinst.bilinearintrp+bilinearimp^FF_NODE~2900.clk[0] (.latch)                       1.338     1.338
top.resultwriter+resultwriteinst.bilinearintrp+bilinearimp^FF_NODE~2900.Q[0] (.latch) [clock-to-output]       0.124     1.462
n7536.in[0] (.names)                                                                                          1.338     2.800
n7536.out[0] (.names)                                                                                         0.261     3.061
n7546.in[2] (.names)                                                                                          1.338     4.398
n7546.out[0] (.names)                                                                                         0.261     4.659
n7556.in[2] (.names)                                                                                          1.338     5.997
n7556.out[0] (.names)                                                                                         0.261     6.258
n7566.in[2] (.names)                                                                                          1.338     7.596
n7566.out[0] (.names)                                                                                         0.261     7.857
n7565_1.in[3] (.names)                                                                                        1.338     9.195
n7565_1.out[0] (.names)                                                                                       0.261     9.456
n2688.in[3] (.names)                                                                                          1.338    10.793
n2688.out[0] (.names)                                                                                         0.261    11.054
top.resultwriter+resultwriteinst^FF_NODE~3311.D[0] (.latch)                                                   1.338    12.392
data arrival time                                                                                                      12.392

clock top^tm3_clk_v0 (rise edge)                                                                              0.000     0.000
clock source latency                                                                                          0.000     0.000
top^tm3_clk_v0.inpad[0] (.input)                                                                              0.000     0.000
top.resultwriter+resultwriteinst^FF_NODE~3311.clk[0] (.latch)                                                 1.338     1.338
clock uncertainty                                                                                             0.000     1.338
cell setup time                                                                                              -0.066     1.272
data required time                                                                                                      1.272
-----------------------------------------------------------------------------------------------------------------------------
data required time                                                                                                      1.272
data arrival time                                                                                                     -12.392
-----------------------------------------------------------------------------------------------------------------------------
slack (VIOLATED)                                                                                                      -11.120


#Path 59
Startpoint: top.resultwriter+resultwriteinst.bilinearintrp+bilinearimp^FF_NODE~2855.Q[0] (.latch clocked by top^tm3_clk_v0)
Endpoint  : top.resultwriter+resultwriteinst^FF_NODE~3360.D[0] (.latch clocked by top^tm3_clk_v0)
Path Type : setup

Point                                                                                                          Incr      Path
-----------------------------------------------------------------------------------------------------------------------------
clock top^tm3_clk_v0 (rise edge)                                                                              0.000     0.000
clock source latency                                                                                          0.000     0.000
top^tm3_clk_v0.inpad[0] (.input)                                                                              0.000     0.000
top.resultwriter+resultwriteinst.bilinearintrp+bilinearimp^FF_NODE~2855.clk[0] (.latch)                       1.338     1.338
top.resultwriter+resultwriteinst.bilinearintrp+bilinearimp^FF_NODE~2855.Q[0] (.latch) [clock-to-output]       0.124     1.462
n7458.in[0] (.names)                                                                                          1.338     2.800
n7458.out[0] (.names)                                                                                         0.261     3.061
n7468.in[2] (.names)                                                                                          1.338     4.398
n7468.out[0] (.names)                                                                                         0.261     4.659
n7478.in[2] (.names)                                                                                          1.338     5.997
n7478.out[0] (.names)                                                                                         0.261     6.258
n7488.in[2] (.names)                                                                                          1.338     7.596
n7488.out[0] (.names)                                                                                         0.261     7.857
n7487.in[3] (.names)                                                                                          1.338     9.195
n7487.out[0] (.names)                                                                                         0.261     9.456
n2578.in[3] (.names)                                                                                          1.338    10.793
n2578.out[0] (.names)                                                                                         0.261    11.054
top.resultwriter+resultwriteinst^FF_NODE~3360.D[0] (.latch)                                                   1.338    12.392
data arrival time                                                                                                      12.392

clock top^tm3_clk_v0 (rise edge)                                                                              0.000     0.000
clock source latency                                                                                          0.000     0.000
top^tm3_clk_v0.inpad[0] (.input)                                                                              0.000     0.000
top.resultwriter+resultwriteinst^FF_NODE~3360.clk[0] (.latch)                                                 1.338     1.338
clock uncertainty                                                                                             0.000     1.338
cell setup time                                                                                              -0.066     1.272
data required time                                                                                                      1.272
-----------------------------------------------------------------------------------------------------------------------------
data required time                                                                                                      1.272
data arrival time                                                                                                     -12.392
-----------------------------------------------------------------------------------------------------------------------------
slack (VIOLATED)                                                                                                      -11.120


#Path 60
Startpoint: top.resultwriter+resultwriteinst.bilinearintrp+bilinearimp^FF_NODE~2855.Q[0] (.latch clocked by top^tm3_clk_v0)
Endpoint  : top.resultwriter+resultwriteinst^FF_NODE~3339.D[0] (.latch clocked by top^tm3_clk_v0)
Path Type : setup

Point                                                                                                          Incr      Path
-----------------------------------------------------------------------------------------------------------------------------
clock top^tm3_clk_v0 (rise edge)                                                                              0.000     0.000
clock source latency                                                                                          0.000     0.000
top^tm3_clk_v0.inpad[0] (.input)                                                                              0.000     0.000
top.resultwriter+resultwriteinst.bilinearintrp+bilinearimp^FF_NODE~2855.clk[0] (.latch)                       1.338     1.338
top.resultwriter+resultwriteinst.bilinearintrp+bilinearimp^FF_NODE~2855.Q[0] (.latch) [clock-to-output]       0.124     1.462
n7458.in[0] (.names)                                                                                          1.338     2.800
n7458.out[0] (.names)                                                                                         0.261     3.061
n7468.in[2] (.names)                                                                                          1.338     4.398
n7468.out[0] (.names)                                                                                         0.261     4.659
n7478.in[2] (.names)                                                                                          1.338     5.997
n7478.out[0] (.names)                                                                                         0.261     6.258
n7488.in[2] (.names)                                                                                          1.338     7.596
n7488.out[0] (.names)                                                                                         0.261     7.857
n7487.in[3] (.names)                                                                                          1.338     9.195
n7487.out[0] (.names)                                                                                         0.261     9.456
n2573.in[3] (.names)                                                                                          1.338    10.793
n2573.out[0] (.names)                                                                                         0.261    11.054
top.resultwriter+resultwriteinst^FF_NODE~3339.D[0] (.latch)                                                   1.338    12.392
data arrival time                                                                                                      12.392

clock top^tm3_clk_v0 (rise edge)                                                                              0.000     0.000
clock source latency                                                                                          0.000     0.000
top^tm3_clk_v0.inpad[0] (.input)                                                                              0.000     0.000
top.resultwriter+resultwriteinst^FF_NODE~3339.clk[0] (.latch)                                                 1.338     1.338
clock uncertainty                                                                                             0.000     1.338
cell setup time                                                                                              -0.066     1.272
data required time                                                                                                      1.272
-----------------------------------------------------------------------------------------------------------------------------
data required time                                                                                                      1.272
data arrival time                                                                                                     -12.392
-----------------------------------------------------------------------------------------------------------------------------
slack (VIOLATED)                                                                                                      -11.120


#Path 61
Startpoint: top.resultwriter+resultwriteinst.bilinearintrp+bilinearimp^FF_NODE~2855.Q[0] (.latch clocked by top^tm3_clk_v0)
Endpoint  : top.resultwriter+resultwriteinst^FF_NODE~3318.D[0] (.latch clocked by top^tm3_clk_v0)
Path Type : setup

Point                                                                                                          Incr      Path
-----------------------------------------------------------------------------------------------------------------------------
clock top^tm3_clk_v0 (rise edge)                                                                              0.000     0.000
clock source latency                                                                                          0.000     0.000
top^tm3_clk_v0.inpad[0] (.input)                                                                              0.000     0.000
top.resultwriter+resultwriteinst.bilinearintrp+bilinearimp^FF_NODE~2855.clk[0] (.latch)                       1.338     1.338
top.resultwriter+resultwriteinst.bilinearintrp+bilinearimp^FF_NODE~2855.Q[0] (.latch) [clock-to-output]       0.124     1.462
n7458.in[0] (.names)                                                                                          1.338     2.800
n7458.out[0] (.names)                                                                                         0.261     3.061
n7468.in[2] (.names)                                                                                          1.338     4.398
n7468.out[0] (.names)                                                                                         0.261     4.659
n7478.in[2] (.names)                                                                                          1.338     5.997
n7478.out[0] (.names)                                                                                         0.261     6.258
n7488.in[2] (.names)                                                                                          1.338     7.596
n7488.out[0] (.names)                                                                                         0.261     7.857
n7487.in[3] (.names)                                                                                          1.338     9.195
n7487.out[0] (.names)                                                                                         0.261     9.456
n2568.in[3] (.names)                                                                                          1.338    10.793
n2568.out[0] (.names)                                                                                         0.261    11.054
top.resultwriter+resultwriteinst^FF_NODE~3318.D[0] (.latch)                                                   1.338    12.392
data arrival time                                                                                                      12.392

clock top^tm3_clk_v0 (rise edge)                                                                              0.000     0.000
clock source latency                                                                                          0.000     0.000
top^tm3_clk_v0.inpad[0] (.input)                                                                              0.000     0.000
top.resultwriter+resultwriteinst^FF_NODE~3318.clk[0] (.latch)                                                 1.338     1.338
clock uncertainty                                                                                             0.000     1.338
cell setup time                                                                                              -0.066     1.272
data required time                                                                                                      1.272
-----------------------------------------------------------------------------------------------------------------------------
data required time                                                                                                      1.272
data arrival time                                                                                                     -12.392
-----------------------------------------------------------------------------------------------------------------------------
slack (VIOLATED)                                                                                                      -11.120


#Path 62
Startpoint: top.raygencont+raygencontinst^FF_NODE~1816.Q[0] (.latch clocked by top^tm3_clk_v0)
Endpoint  : top.raygencont+raygencontinst^FF_NODE~1826.D[0] (.latch clocked by top^tm3_clk_v0)
Path Type : setup

Point                                                                             Incr      Path
------------------------------------------------------------------------------------------------
clock top^tm3_clk_v0 (rise edge)                                                 0.000     0.000
clock source latency                                                             0.000     0.000
top^tm3_clk_v0.inpad[0] (.input)                                                 0.000     0.000
top.raygencont+raygencontinst^FF_NODE~1816.clk[0] (.latch)                       1.338     1.338
top.raygencont+raygencontinst^FF_NODE~1816.Q[0] (.latch) [clock-to-output]       0.124     1.462
n8385_1.in[0] (.names)                                                           1.338     2.800
n8385_1.out[0] (.names)                                                          0.261     3.061
n8389_1.in[3] (.names)                                                           1.338     4.398
n8389_1.out[0] (.names)                                                          0.261     4.659
n8396.in[5] (.names)                                                             1.338     5.997
n8396.out[0] (.names)                                                            0.261     6.258
n8402.in[4] (.names)                                                             1.338     7.596
n8402.out[0] (.names)                                                            0.261     7.857
n8406.in[1] (.names)                                                             1.338     9.195
n8406.out[0] (.names)                                                            0.261     9.456
n4906.in[3] (.names)                                                             1.338    10.793
n4906.out[0] (.names)                                                            0.261    11.054
top.raygencont+raygencontinst^FF_NODE~1826.D[0] (.latch)                         1.338    12.392
data arrival time                                                                         12.392

clock top^tm3_clk_v0 (rise edge)                                                 0.000     0.000
clock source latency                                                             0.000     0.000
top^tm3_clk_v0.inpad[0] (.input)                                                 0.000     0.000
top.raygencont+raygencontinst^FF_NODE~1826.clk[0] (.latch)                       1.338     1.338
clock uncertainty                                                                0.000     1.338
cell setup time                                                                 -0.066     1.272
data required time                                                                         1.272
------------------------------------------------------------------------------------------------
data required time                                                                         1.272
data arrival time                                                                        -12.392
------------------------------------------------------------------------------------------------
slack (VIOLATED)                                                                         -11.120


#Path 63
Startpoint: top.resultwriter+resultwriteinst.linearmap+linearmapinst^FF_NODE~2703.Q[0] (.latch clocked by top^tm3_clk_v0)
Endpoint  : top.resultwriter+resultwriteinst.linearmap+linearmapinst^FF_NODE~2728.D[0] (.latch clocked by top^tm3_clk_v0)
Path Type : setup

Point                                                                                                        Incr      Path
---------------------------------------------------------------------------------------------------------------------------
clock top^tm3_clk_v0 (rise edge)                                                                            0.000     0.000
clock source latency                                                                                        0.000     0.000
top^tm3_clk_v0.inpad[0] (.input)                                                                            0.000     0.000
top.resultwriter+resultwriteinst.linearmap+linearmapinst^FF_NODE~2703.clk[0] (.latch)                       1.338     1.338
top.resultwriter+resultwriteinst.linearmap+linearmapinst^FF_NODE~2703.Q[0] (.latch) [clock-to-output]       0.124     1.462
n7600_1.in[0] (.names)                                                                                      1.338     2.800
n7600_1.out[0] (.names)                                                                                     0.261     3.061
n7608.in[2] (.names)                                                                                        1.338     4.398
n7608.out[0] (.names)                                                                                       0.261     4.659
n7628.in[3] (.names)                                                                                        1.338     5.997
n7628.out[0] (.names)                                                                                       0.261     6.258
n7626.in[3] (.names)                                                                                        1.338     7.596
n7626.out[0] (.names)                                                                                       0.261     7.857
n7623.in[5] (.names)                                                                                        1.338     9.195
n7623.out[0] (.names)                                                                                       0.261     9.456
n2753.in[5] (.names)                                                                                        1.338    10.793
n2753.out[0] (.names)                                                                                       0.261    11.054
top.resultwriter+resultwriteinst.linearmap+linearmapinst^FF_NODE~2728.D[0] (.latch)                         1.338    12.392
data arrival time                                                                                                    12.392

clock top^tm3_clk_v0 (rise edge)                                                                            0.000     0.000
clock source latency                                                                                        0.000     0.000
top^tm3_clk_v0.inpad[0] (.input)                                                                            0.000     0.000
top.resultwriter+resultwriteinst.linearmap+linearmapinst^FF_NODE~2728.clk[0] (.latch)                       1.338     1.338
clock uncertainty                                                                                           0.000     1.338
cell setup time                                                                                            -0.066     1.272
data required time                                                                                                    1.272
---------------------------------------------------------------------------------------------------------------------------
data required time                                                                                                    1.272
data arrival time                                                                                                   -12.392
---------------------------------------------------------------------------------------------------------------------------
slack (VIOLATED)                                                                                                    -11.120


#Path 64
Startpoint: top.matmult+matmultinst^FF_NODE~246.Q[0] (.latch clocked by top^tm3_clk_v0)
Endpoint  : top.matmult+matmultinst^FF_NODE~370.D[0] (.latch clocked by top^tm3_clk_v0)
Path Type : setup

Point                                                                      Incr      Path
-----------------------------------------------------------------------------------------
clock top^tm3_clk_v0 (rise edge)                                          0.000     0.000
clock source latency                                                      0.000     0.000
top^tm3_clk_v0.inpad[0] (.input)                                          0.000     0.000
top.matmult+matmultinst^FF_NODE~246.clk[0] (.latch)                       1.338     1.338
top.matmult+matmultinst^FF_NODE~246.Q[0] (.latch) [clock-to-output]       0.124     1.462
n8762.in[0] (.names)                                                      1.338     2.800
n8762.out[0] (.names)                                                     0.261     3.061
n8771.in[4] (.names)                                                      1.338     4.398
n8771.out[0] (.names)                                                     0.261     4.659
n8779_1.in[5] (.names)                                                    1.338     5.997
n8779_1.out[0] (.names)                                                   0.261     6.258
n8786.in[4] (.names)                                                      1.338     7.596
n8786.out[0] (.names)                                                     0.261     7.857
n8785_1.in[2] (.names)                                                    1.338     9.195
n8785_1.out[0] (.names)                                                   0.261     9.456
n7239.in[2] (.names)                                                      1.338    10.793
n7239.out[0] (.names)                                                     0.261    11.054
top.matmult+matmultinst^FF_NODE~370.D[0] (.latch)                         1.338    12.392
data arrival time                                                                  12.392

clock top^tm3_clk_v0 (rise edge)                                          0.000     0.000
clock source latency                                                      0.000     0.000
top^tm3_clk_v0.inpad[0] (.input)                                          0.000     0.000
top.matmult+matmultinst^FF_NODE~370.clk[0] (.latch)                       1.338     1.338
clock uncertainty                                                         0.000     1.338
cell setup time                                                          -0.066     1.272
data required time                                                                  1.272
-----------------------------------------------------------------------------------------
data required time                                                                  1.272
data arrival time                                                                 -12.392
-----------------------------------------------------------------------------------------
slack (VIOLATED)                                                                  -11.120


#Path 65
Startpoint: top.matmult+matmultinst^FF_NODE~246.Q[0] (.latch clocked by top^tm3_clk_v0)
Endpoint  : top.matmult+matmultinst^FF_NODE~369.D[0] (.latch clocked by top^tm3_clk_v0)
Path Type : setup

Point                                                                      Incr      Path
-----------------------------------------------------------------------------------------
clock top^tm3_clk_v0 (rise edge)                                          0.000     0.000
clock source latency                                                      0.000     0.000
top^tm3_clk_v0.inpad[0] (.input)                                          0.000     0.000
top.matmult+matmultinst^FF_NODE~246.clk[0] (.latch)                       1.338     1.338
top.matmult+matmultinst^FF_NODE~246.Q[0] (.latch) [clock-to-output]       0.124     1.462
n8762.in[0] (.names)                                                      1.338     2.800
n8762.out[0] (.names)                                                     0.261     3.061
n8771.in[4] (.names)                                                      1.338     4.398
n8771.out[0] (.names)                                                     0.261     4.659
n8779_1.in[5] (.names)                                                    1.338     5.997
n8779_1.out[0] (.names)                                                   0.261     6.258
n8786.in[4] (.names)                                                      1.338     7.596
n8786.out[0] (.names)                                                     0.261     7.857
n8785_1.in[2] (.names)                                                    1.338     9.195
n8785_1.out[0] (.names)                                                   0.261     9.456
n7234.in[1] (.names)                                                      1.338    10.793
n7234.out[0] (.names)                                                     0.261    11.054
top.matmult+matmultinst^FF_NODE~369.D[0] (.latch)                         1.338    12.392
data arrival time                                                                  12.392

clock top^tm3_clk_v0 (rise edge)                                          0.000     0.000
clock source latency                                                      0.000     0.000
top^tm3_clk_v0.inpad[0] (.input)                                          0.000     0.000
top.matmult+matmultinst^FF_NODE~369.clk[0] (.latch)                       1.338     1.338
clock uncertainty                                                         0.000     1.338
cell setup time                                                          -0.066     1.272
data required time                                                                  1.272
-----------------------------------------------------------------------------------------
data required time                                                                  1.272
data arrival time                                                                 -12.392
-----------------------------------------------------------------------------------------
slack (VIOLATED)                                                                  -11.120


#Path 66
Startpoint: top.matmult+matmultinst^FF_NODE~150.Q[0] (.latch clocked by top^tm3_clk_v0)
Endpoint  : top.matmult+matmultinst^FF_NODE~354.D[0] (.latch clocked by top^tm3_clk_v0)
Path Type : setup

Point                                                                      Incr      Path
-----------------------------------------------------------------------------------------
clock top^tm3_clk_v0 (rise edge)                                          0.000     0.000
clock source latency                                                      0.000     0.000
top^tm3_clk_v0.inpad[0] (.input)                                          0.000     0.000
top.matmult+matmultinst^FF_NODE~150.clk[0] (.latch)                       1.338     1.338
top.matmult+matmultinst^FF_NODE~150.Q[0] (.latch) [clock-to-output]       0.124     1.462
n8664_1.in[0] (.names)                                                    1.338     2.800
n8664_1.out[0] (.names)                                                   0.261     3.061
n8673.in[4] (.names)                                                      1.338     4.398
n8673.out[0] (.names)                                                     0.261     4.659
n8681.in[5] (.names)                                                      1.338     5.997
n8681.out[0] (.names)                                                     0.261     6.258
n8688.in[4] (.names)                                                      1.338     7.596
n8688.out[0] (.names)                                                     0.261     7.857
n8687.in[2] (.names)                                                      1.338     9.195
n8687.out[0] (.names)                                                     0.261     9.456
n6439.in[2] (.names)                                                      1.338    10.793
n6439.out[0] (.names)                                                     0.261    11.054
top.matmult+matmultinst^FF_NODE~354.D[0] (.latch)                         1.338    12.392
data arrival time                                                                  12.392

clock top^tm3_clk_v0 (rise edge)                                          0.000     0.000
clock source latency                                                      0.000     0.000
top^tm3_clk_v0.inpad[0] (.input)                                          0.000     0.000
top.matmult+matmultinst^FF_NODE~354.clk[0] (.latch)                       1.338     1.338
clock uncertainty                                                         0.000     1.338
cell setup time                                                          -0.066     1.272
data required time                                                                  1.272
-----------------------------------------------------------------------------------------
data required time                                                                  1.272
data arrival time                                                                 -12.392
-----------------------------------------------------------------------------------------
slack (VIOLATED)                                                                  -11.120


#Path 67
Startpoint: top.matmult+matmultinst^FF_NODE~150.Q[0] (.latch clocked by top^tm3_clk_v0)
Endpoint  : top.matmult+matmultinst^FF_NODE~353.D[0] (.latch clocked by top^tm3_clk_v0)
Path Type : setup

Point                                                                      Incr      Path
-----------------------------------------------------------------------------------------
clock top^tm3_clk_v0 (rise edge)                                          0.000     0.000
clock source latency                                                      0.000     0.000
top^tm3_clk_v0.inpad[0] (.input)                                          0.000     0.000
top.matmult+matmultinst^FF_NODE~150.clk[0] (.latch)                       1.338     1.338
top.matmult+matmultinst^FF_NODE~150.Q[0] (.latch) [clock-to-output]       0.124     1.462
n8664_1.in[0] (.names)                                                    1.338     2.800
n8664_1.out[0] (.names)                                                   0.261     3.061
n8673.in[4] (.names)                                                      1.338     4.398
n8673.out[0] (.names)                                                     0.261     4.659
n8681.in[5] (.names)                                                      1.338     5.997
n8681.out[0] (.names)                                                     0.261     6.258
n8688.in[4] (.names)                                                      1.338     7.596
n8688.out[0] (.names)                                                     0.261     7.857
n8687.in[2] (.names)                                                      1.338     9.195
n8687.out[0] (.names)                                                     0.261     9.456
n6434.in[1] (.names)                                                      1.338    10.793
n6434.out[0] (.names)                                                     0.261    11.054
top.matmult+matmultinst^FF_NODE~353.D[0] (.latch)                         1.338    12.392
data arrival time                                                                  12.392

clock top^tm3_clk_v0 (rise edge)                                          0.000     0.000
clock source latency                                                      0.000     0.000
top^tm3_clk_v0.inpad[0] (.input)                                          0.000     0.000
top.matmult+matmultinst^FF_NODE~353.clk[0] (.latch)                       1.338     1.338
clock uncertainty                                                         0.000     1.338
cell setup time                                                          -0.066     1.272
data required time                                                                  1.272
-----------------------------------------------------------------------------------------
data required time                                                                  1.272
data arrival time                                                                 -12.392
-----------------------------------------------------------------------------------------
slack (VIOLATED)                                                                  -11.120


#Path 68
Startpoint: top.matmult+matmultinst^FF_NODE~54.Q[0] (.latch clocked by top^tm3_clk_v0)
Endpoint  : top.matmult+matmultinst^FF_NODE~338.D[0] (.latch clocked by top^tm3_clk_v0)
Path Type : setup

Point                                                                      Incr      Path
-----------------------------------------------------------------------------------------
clock top^tm3_clk_v0 (rise edge)                                          0.000     0.000
clock source latency                                                      0.000     0.000
top^tm3_clk_v0.inpad[0] (.input)                                          0.000     0.000
top.matmult+matmultinst^FF_NODE~54.clk[0] (.latch)                        1.338     1.338
top.matmult+matmultinst^FF_NODE~54.Q[0] (.latch) [clock-to-output]        0.124     1.462
n8565_1.in[0] (.names)                                                    1.338     2.800
n8565_1.out[0] (.names)                                                   0.261     3.061
n8574_1.in[4] (.names)                                                    1.338     4.398
n8574_1.out[0] (.names)                                                   0.261     4.659
n8582.in[5] (.names)                                                      1.338     5.997
n8582.out[0] (.names)                                                     0.261     6.258
n8589_1.in[4] (.names)                                                    1.338     7.596
n8589_1.out[0] (.names)                                                   0.261     7.857
n8588.in[2] (.names)                                                      1.338     9.195
n8588.out[0] (.names)                                                     0.261     9.456
n5639.in[2] (.names)                                                      1.338    10.793
n5639.out[0] (.names)                                                     0.261    11.054
top.matmult+matmultinst^FF_NODE~338.D[0] (.latch)                         1.338    12.392
data arrival time                                                                  12.392

clock top^tm3_clk_v0 (rise edge)                                          0.000     0.000
clock source latency                                                      0.000     0.000
top^tm3_clk_v0.inpad[0] (.input)                                          0.000     0.000
top.matmult+matmultinst^FF_NODE~338.clk[0] (.latch)                       1.338     1.338
clock uncertainty                                                         0.000     1.338
cell setup time                                                          -0.066     1.272
data required time                                                                  1.272
-----------------------------------------------------------------------------------------
data required time                                                                  1.272
data arrival time                                                                 -12.392
-----------------------------------------------------------------------------------------
slack (VIOLATED)                                                                  -11.120


#Path 69
Startpoint: top.matmult+matmultinst^FF_NODE~54.Q[0] (.latch clocked by top^tm3_clk_v0)
Endpoint  : top.matmult+matmultinst^FF_NODE~337.D[0] (.latch clocked by top^tm3_clk_v0)
Path Type : setup

Point                                                                      Incr      Path
-----------------------------------------------------------------------------------------
clock top^tm3_clk_v0 (rise edge)                                          0.000     0.000
clock source latency                                                      0.000     0.000
top^tm3_clk_v0.inpad[0] (.input)                                          0.000     0.000
top.matmult+matmultinst^FF_NODE~54.clk[0] (.latch)                        1.338     1.338
top.matmult+matmultinst^FF_NODE~54.Q[0] (.latch) [clock-to-output]        0.124     1.462
n8565_1.in[0] (.names)                                                    1.338     2.800
n8565_1.out[0] (.names)                                                   0.261     3.061
n8574_1.in[4] (.names)                                                    1.338     4.398
n8574_1.out[0] (.names)                                                   0.261     4.659
n8582.in[5] (.names)                                                      1.338     5.997
n8582.out[0] (.names)                                                     0.261     6.258
n8589_1.in[4] (.names)                                                    1.338     7.596
n8589_1.out[0] (.names)                                                   0.261     7.857
n8588.in[2] (.names)                                                      1.338     9.195
n8588.out[0] (.names)                                                     0.261     9.456
n5634.in[1] (.names)                                                      1.338    10.793
n5634.out[0] (.names)                                                     0.261    11.054
top.matmult+matmultinst^FF_NODE~337.D[0] (.latch)                         1.338    12.392
data arrival time                                                                  12.392

clock top^tm3_clk_v0 (rise edge)                                          0.000     0.000
clock source latency                                                      0.000     0.000
top^tm3_clk_v0.inpad[0] (.input)                                          0.000     0.000
top.matmult+matmultinst^FF_NODE~337.clk[0] (.latch)                       1.338     1.338
clock uncertainty                                                         0.000     1.338
cell setup time                                                          -0.066     1.272
data required time                                                                  1.272
-----------------------------------------------------------------------------------------
data required time                                                                  1.272
data arrival time                                                                 -12.392
-----------------------------------------------------------------------------------------
slack (VIOLATED)                                                                  -11.120


#Path 70
Startpoint: top.raygencont+raygencontinst^FF_NODE~1816.Q[0] (.latch clocked by top^tm3_clk_v0)
Endpoint  : top.raygencont+raygencontinst^FF_NODE~1831.D[0] (.latch clocked by top^tm3_clk_v0)
Path Type : setup

Point                                                                             Incr      Path
------------------------------------------------------------------------------------------------
clock top^tm3_clk_v0 (rise edge)                                                 0.000     0.000
clock source latency                                                             0.000     0.000
top^tm3_clk_v0.inpad[0] (.input)                                                 0.000     0.000
top.raygencont+raygencontinst^FF_NODE~1816.clk[0] (.latch)                       1.338     1.338
top.raygencont+raygencontinst^FF_NODE~1816.Q[0] (.latch) [clock-to-output]       0.124     1.462
n8385_1.in[0] (.names)                                                           1.338     2.800
n8385_1.out[0] (.names)                                                          0.261     3.061
n8389_1.in[3] (.names)                                                           1.338     4.398
n8389_1.out[0] (.names)                                                          0.261     4.659
n8396.in[5] (.names)                                                             1.338     5.997
n8396.out[0] (.names)                                                            0.261     6.258
n8402.in[4] (.names)                                                             1.338     7.596
n8402.out[0] (.names)                                                            0.261     7.857
n8409_1.in[5] (.names)                                                           1.338     9.195
n8409_1.out[0] (.names)                                                          0.261     9.456
n4926.in[5] (.names)                                                             1.338    10.793
n4926.out[0] (.names)                                                            0.261    11.054
top.raygencont+raygencontinst^FF_NODE~1831.D[0] (.latch)                         1.338    12.392
data arrival time                                                                         12.392

clock top^tm3_clk_v0 (rise edge)                                                 0.000     0.000
clock source latency                                                             0.000     0.000
top^tm3_clk_v0.inpad[0] (.input)                                                 0.000     0.000
top.raygencont+raygencontinst^FF_NODE~1831.clk[0] (.latch)                       1.338     1.338
clock uncertainty                                                                0.000     1.338
cell setup time                                                                 -0.066     1.272
data required time                                                                         1.272
------------------------------------------------------------------------------------------------
data required time                                                                         1.272
data arrival time                                                                        -12.392
------------------------------------------------------------------------------------------------
slack (VIOLATED)                                                                         -11.120


#Path 71
Startpoint: top.raygencont+raygencontinst^FF_NODE~1816.Q[0] (.latch clocked by top^tm3_clk_v0)
Endpoint  : top.raygencont+raygencontinst^FF_NODE~1830.D[0] (.latch clocked by top^tm3_clk_v0)
Path Type : setup

Point                                                                             Incr      Path
------------------------------------------------------------------------------------------------
clock top^tm3_clk_v0 (rise edge)                                                 0.000     0.000
clock source latency                                                             0.000     0.000
top^tm3_clk_v0.inpad[0] (.input)                                                 0.000     0.000
top.raygencont+raygencontinst^FF_NODE~1816.clk[0] (.latch)                       1.338     1.338
top.raygencont+raygencontinst^FF_NODE~1816.Q[0] (.latch) [clock-to-output]       0.124     1.462
n8385_1.in[0] (.names)                                                           1.338     2.800
n8385_1.out[0] (.names)                                                          0.261     3.061
n8389_1.in[3] (.names)                                                           1.338     4.398
n8389_1.out[0] (.names)                                                          0.261     4.659
n8396.in[5] (.names)                                                             1.338     5.997
n8396.out[0] (.names)                                                            0.261     6.258
n8402.in[4] (.names)                                                             1.338     7.596
n8402.out[0] (.names)                                                            0.261     7.857
n8409_1.in[5] (.names)                                                           1.338     9.195
n8409_1.out[0] (.names)                                                          0.261     9.456
n4921.in[4] (.names)                                                             1.338    10.793
n4921.out[0] (.names)                                                            0.261    11.054
top.raygencont+raygencontinst^FF_NODE~1830.D[0] (.latch)                         1.338    12.392
data arrival time                                                                         12.392

clock top^tm3_clk_v0 (rise edge)                                                 0.000     0.000
clock source latency                                                             0.000     0.000
top^tm3_clk_v0.inpad[0] (.input)                                                 0.000     0.000
top.raygencont+raygencontinst^FF_NODE~1830.clk[0] (.latch)                       1.338     1.338
clock uncertainty                                                                0.000     1.338
cell setup time                                                                 -0.066     1.272
data required time                                                                         1.272
------------------------------------------------------------------------------------------------
data required time                                                                         1.272
data arrival time                                                                        -12.392
------------------------------------------------------------------------------------------------
slack (VIOLATED)                                                                         -11.120


#Path 72
Startpoint: top.raygencont+raygencontinst^FF_NODE~1816.Q[0] (.latch clocked by top^tm3_clk_v0)
Endpoint  : top.raygencont+raygencontinst^FF_NODE~1829.D[0] (.latch clocked by top^tm3_clk_v0)
Path Type : setup

Point                                                                             Incr      Path
------------------------------------------------------------------------------------------------
clock top^tm3_clk_v0 (rise edge)                                                 0.000     0.000
clock source latency                                                             0.000     0.000
top^tm3_clk_v0.inpad[0] (.input)                                                 0.000     0.000
top.raygencont+raygencontinst^FF_NODE~1816.clk[0] (.latch)                       1.338     1.338
top.raygencont+raygencontinst^FF_NODE~1816.Q[0] (.latch) [clock-to-output]       0.124     1.462
n8385_1.in[0] (.names)                                                           1.338     2.800
n8385_1.out[0] (.names)                                                          0.261     3.061
n8389_1.in[3] (.names)                                                           1.338     4.398
n8389_1.out[0] (.names)                                                          0.261     4.659
n8396.in[5] (.names)                                                             1.338     5.997
n8396.out[0] (.names)                                                            0.261     6.258
n8402.in[4] (.names)                                                             1.338     7.596
n8402.out[0] (.names)                                                            0.261     7.857
n8409_1.in[5] (.names)                                                           1.338     9.195
n8409_1.out[0] (.names)                                                          0.261     9.456
n4916.in[1] (.names)                                                             1.338    10.793
n4916.out[0] (.names)                                                            0.261    11.054
top.raygencont+raygencontinst^FF_NODE~1829.D[0] (.latch)                         1.338    12.392
data arrival time                                                                         12.392

clock top^tm3_clk_v0 (rise edge)                                                 0.000     0.000
clock source latency                                                             0.000     0.000
top^tm3_clk_v0.inpad[0] (.input)                                                 0.000     0.000
top.raygencont+raygencontinst^FF_NODE~1829.clk[0] (.latch)                       1.338     1.338
clock uncertainty                                                                0.000     1.338
cell setup time                                                                 -0.066     1.272
data required time                                                                         1.272
------------------------------------------------------------------------------------------------
data required time                                                                         1.272
data arrival time                                                                        -12.392
------------------------------------------------------------------------------------------------
slack (VIOLATED)                                                                         -11.120


#Path 73
Startpoint: top.raygencont+raygencontinst^FF_NODE~1816.Q[0] (.latch clocked by top^tm3_clk_v0)
Endpoint  : top.raygencont+raygencontinst^FF_NODE~1827.D[0] (.latch clocked by top^tm3_clk_v0)
Path Type : setup

Point                                                                             Incr      Path
------------------------------------------------------------------------------------------------
clock top^tm3_clk_v0 (rise edge)                                                 0.000     0.000
clock source latency                                                             0.000     0.000
top^tm3_clk_v0.inpad[0] (.input)                                                 0.000     0.000
top.raygencont+raygencontinst^FF_NODE~1816.clk[0] (.latch)                       1.338     1.338
top.raygencont+raygencontinst^FF_NODE~1816.Q[0] (.latch) [clock-to-output]       0.124     1.462
n8385_1.in[0] (.names)                                                           1.338     2.800
n8385_1.out[0] (.names)                                                          0.261     3.061
n8389_1.in[3] (.names)                                                           1.338     4.398
n8389_1.out[0] (.names)                                                          0.261     4.659
n8396.in[5] (.names)                                                             1.338     5.997
n8396.out[0] (.names)                                                            0.261     6.258
n8402.in[4] (.names)                                                             1.338     7.596
n8402.out[0] (.names)                                                            0.261     7.857
n8406.in[1] (.names)                                                             1.338     9.195
n8406.out[0] (.names)                                                            0.261     9.456
n4911.in[5] (.names)                                                             1.338    10.793
n4911.out[0] (.names)                                                            0.261    11.054
top.raygencont+raygencontinst^FF_NODE~1827.D[0] (.latch)                         1.338    12.392
data arrival time                                                                         12.392

clock top^tm3_clk_v0 (rise edge)                                                 0.000     0.000
clock source latency                                                             0.000     0.000
top^tm3_clk_v0.inpad[0] (.input)                                                 0.000     0.000
top.raygencont+raygencontinst^FF_NODE~1827.clk[0] (.latch)                       1.338     1.338
clock uncertainty                                                                0.000     1.338
cell setup time                                                                 -0.066     1.272
data required time                                                                         1.272
------------------------------------------------------------------------------------------------
data required time                                                                         1.272
data arrival time                                                                        -12.392
------------------------------------------------------------------------------------------------
slack (VIOLATED)                                                                         -11.120


#Path 74
Startpoint: top.raygencont+raygencontinst^FF_NODE~1816.Q[0] (.latch clocked by top^tm3_clk_v0)
Endpoint  : top.raygencont+raygencontinst^FF_NODE~1823.D[0] (.latch clocked by top^tm3_clk_v0)
Path Type : setup

Point                                                                             Incr      Path
------------------------------------------------------------------------------------------------
clock top^tm3_clk_v0 (rise edge)                                                 0.000     0.000
clock source latency                                                             0.000     0.000
top^tm3_clk_v0.inpad[0] (.input)                                                 0.000     0.000
top.raygencont+raygencontinst^FF_NODE~1816.clk[0] (.latch)                       1.338     1.338
top.raygencont+raygencontinst^FF_NODE~1816.Q[0] (.latch) [clock-to-output]       0.124     1.462
n8385_1.in[0] (.names)                                                           1.338     2.800
n8385_1.out[0] (.names)                                                          0.261     3.061
n8389_1.in[3] (.names)                                                           1.338     4.398
n8389_1.out[0] (.names)                                                          0.261     4.659
n8396.in[5] (.names)                                                             1.338     5.997
n8396.out[0] (.names)                                                            0.261     6.258
n8402.in[4] (.names)                                                             1.338     7.596
n8402.out[0] (.names)                                                            0.261     7.857
n4891.in[1] (.names)                                                             1.338     9.195
n4891.out[0] (.names)                                                            0.261     9.456
top.raygencont+raygencontinst^FF_NODE~1823.D[0] (.latch)                         1.338    10.793
data arrival time                                                                         10.793

clock top^tm3_clk_v0 (rise edge)                                                 0.000     0.000
clock source latency                                                             0.000     0.000
top^tm3_clk_v0.inpad[0] (.input)                                                 0.000     0.000
top.raygencont+raygencontinst^FF_NODE~1823.clk[0] (.latch)                       1.338     1.338
clock uncertainty                                                                0.000     1.338
cell setup time                                                                 -0.066     1.272
data required time                                                                         1.272
------------------------------------------------------------------------------------------------
data required time                                                                         1.272
data arrival time                                                                        -10.793
------------------------------------------------------------------------------------------------
slack (VIOLATED)                                                                          -9.522


#Path 75
Startpoint: top.raygencont+raygencontinst^FF_NODE~1811.Q[0] (.latch clocked by top^tm3_clk_v0)
Endpoint  : top.raygencont+raygencontinst^FF_NODE~1920.D[0] (.latch clocked by top^tm3_clk_v0)
Path Type : setup

Point                                                                             Incr      Path
------------------------------------------------------------------------------------------------
clock top^tm3_clk_v0 (rise edge)                                                 0.000     0.000
clock source latency                                                             0.000     0.000
top^tm3_clk_v0.inpad[0] (.input)                                                 0.000     0.000
top.raygencont+raygencontinst^FF_NODE~1811.clk[0] (.latch)                       1.338     1.338
top.raygencont+raygencontinst^FF_NODE~1811.Q[0] (.latch) [clock-to-output]       0.124     1.462
n8325_1.in[0] (.names)                                                           1.338     2.800
n8325_1.out[0] (.names)                                                          0.261     3.061
n8324_1.in[3] (.names)                                                           1.338     4.398
n8324_1.out[0] (.names)                                                          0.261     4.659
n8328.in[0] (.names)                                                             1.338     5.997
n8328.out[0] (.names)                                                            0.261     6.258
n8322.in[5] (.names)                                                             1.338     7.596
n8322.out[0] (.names)                                                            0.261     7.857
n4681.in[1] (.names)                                                             1.338     9.195
n4681.out[0] (.names)                                                            0.261     9.456
top.raygencont+raygencontinst^FF_NODE~1920.D[0] (.latch)                         1.338    10.793
data arrival time                                                                         10.793

clock top^tm3_clk_v0 (rise edge)                                                 0.000     0.000
clock source latency                                                             0.000     0.000
top^tm3_clk_v0.inpad[0] (.input)                                                 0.000     0.000
top.raygencont+raygencontinst^FF_NODE~1920.clk[0] (.latch)                       1.338     1.338
clock uncertainty                                                                0.000     1.338
cell setup time                                                                 -0.066     1.272
data required time                                                                         1.272
------------------------------------------------------------------------------------------------
data required time                                                                         1.272
data arrival time                                                                        -10.793
------------------------------------------------------------------------------------------------
slack (VIOLATED)                                                                          -9.522


#Path 76
Startpoint: top.raygencont+raygencontinst^FF_NODE~1808.Q[0] (.latch clocked by top^tm3_clk_v0)
Endpoint  : top.raygencont+raygencontinst^FF_NODE~1807.D[0] (.latch clocked by top^tm3_clk_v0)
Path Type : setup

Point                                                                             Incr      Path
------------------------------------------------------------------------------------------------
clock top^tm3_clk_v0 (rise edge)                                                 0.000     0.000
clock source latency                                                             0.000     0.000
top^tm3_clk_v0.inpad[0] (.input)                                                 0.000     0.000
top.raygencont+raygencontinst^FF_NODE~1808.clk[0] (.latch)                       1.338     1.338
top.raygencont+raygencontinst^FF_NODE~1808.Q[0] (.latch) [clock-to-output]       0.124     1.462
n8361.in[0] (.names)                                                             1.338     2.800
n8361.out[0] (.names)                                                            0.261     3.061
n8364_1.in[1] (.names)                                                           1.338     4.398
n8364_1.out[0] (.names)                                                          0.261     4.659
n8373.in[5] (.names)                                                             1.338     5.997
n8373.out[0] (.names)                                                            0.261     6.258
n8380_1.in[5] (.names)                                                           1.338     7.596
n8380_1.out[0] (.names)                                                          0.261     7.857
n4811.in[3] (.names)                                                             1.338     9.195
n4811.out[0] (.names)                                                            0.261     9.456
top.raygencont+raygencontinst^FF_NODE~1807.D[0] (.latch)                         1.338    10.793
data arrival time                                                                         10.793

clock top^tm3_clk_v0 (rise edge)                                                 0.000     0.000
clock source latency                                                             0.000     0.000
top^tm3_clk_v0.inpad[0] (.input)                                                 0.000     0.000
top.raygencont+raygencontinst^FF_NODE~1807.clk[0] (.latch)                       1.338     1.338
clock uncertainty                                                                0.000     1.338
cell setup time                                                                 -0.066     1.272
data required time                                                                         1.272
------------------------------------------------------------------------------------------------
data required time                                                                         1.272
data arrival time                                                                        -10.793
------------------------------------------------------------------------------------------------
slack (VIOLATED)                                                                          -9.522


#Path 77
Startpoint: top.raygencont+raygencontinst^FF_NODE~1808.Q[0] (.latch clocked by top^tm3_clk_v0)
Endpoint  : top.raygencont+raygencontinst^FF_NODE~1806.D[0] (.latch clocked by top^tm3_clk_v0)
Path Type : setup

Point                                                                             Incr      Path
------------------------------------------------------------------------------------------------
clock top^tm3_clk_v0 (rise edge)                                                 0.000     0.000
clock source latency                                                             0.000     0.000
top^tm3_clk_v0.inpad[0] (.input)                                                 0.000     0.000
top.raygencont+raygencontinst^FF_NODE~1808.clk[0] (.latch)                       1.338     1.338
top.raygencont+raygencontinst^FF_NODE~1808.Q[0] (.latch) [clock-to-output]       0.124     1.462
n8361.in[0] (.names)                                                             1.338     2.800
n8361.out[0] (.names)                                                            0.261     3.061
n8364_1.in[1] (.names)                                                           1.338     4.398
n8364_1.out[0] (.names)                                                          0.261     4.659
n8373.in[5] (.names)                                                             1.338     5.997
n8373.out[0] (.names)                                                            0.261     6.258
n8378.in[3] (.names)                                                             1.338     7.596
n8378.out[0] (.names)                                                            0.261     7.857
n4806.in[4] (.names)                                                             1.338     9.195
n4806.out[0] (.names)                                                            0.261     9.456
top.raygencont+raygencontinst^FF_NODE~1806.D[0] (.latch)                         1.338    10.793
data arrival time                                                                         10.793

clock top^tm3_clk_v0 (rise edge)                                                 0.000     0.000
clock source latency                                                             0.000     0.000
top^tm3_clk_v0.inpad[0] (.input)                                                 0.000     0.000
top.raygencont+raygencontinst^FF_NODE~1806.clk[0] (.latch)                       1.338     1.338
clock uncertainty                                                                0.000     1.338
cell setup time                                                                 -0.066     1.272
data required time                                                                         1.272
------------------------------------------------------------------------------------------------
data required time                                                                         1.272
data arrival time                                                                        -10.793
------------------------------------------------------------------------------------------------
slack (VIOLATED)                                                                          -9.522


#Path 78
Startpoint: top.raygencont+raygencontinst^FF_NODE~1808.Q[0] (.latch clocked by top^tm3_clk_v0)
Endpoint  : top.raygencont+raygencontinst^FF_NODE~1805.D[0] (.latch clocked by top^tm3_clk_v0)
Path Type : setup

Point                                                                             Incr      Path
------------------------------------------------------------------------------------------------
clock top^tm3_clk_v0 (rise edge)                                                 0.000     0.000
clock source latency                                                             0.000     0.000
top^tm3_clk_v0.inpad[0] (.input)                                                 0.000     0.000
top.raygencont+raygencontinst^FF_NODE~1808.clk[0] (.latch)                       1.338     1.338
top.raygencont+raygencontinst^FF_NODE~1808.Q[0] (.latch) [clock-to-output]       0.124     1.462
n8361.in[0] (.names)                                                             1.338     2.800
n8361.out[0] (.names)                                                            0.261     3.061
n8364_1.in[1] (.names)                                                           1.338     4.398
n8364_1.out[0] (.names)                                                          0.261     4.659
n8373.in[5] (.names)                                                             1.338     5.997
n8373.out[0] (.names)                                                            0.261     6.258
n8376.in[2] (.names)                                                             1.338     7.596
n8376.out[0] (.names)                                                            0.261     7.857
n4801.in[4] (.names)                                                             1.338     9.195
n4801.out[0] (.names)                                                            0.261     9.456
top.raygencont+raygencontinst^FF_NODE~1805.D[0] (.latch)                         1.338    10.793
data arrival time                                                                         10.793

clock top^tm3_clk_v0 (rise edge)                                                 0.000     0.000
clock source latency                                                             0.000     0.000
top^tm3_clk_v0.inpad[0] (.input)                                                 0.000     0.000
top.raygencont+raygencontinst^FF_NODE~1805.clk[0] (.latch)                       1.338     1.338
clock uncertainty                                                                0.000     1.338
cell setup time                                                                 -0.066     1.272
data required time                                                                         1.272
------------------------------------------------------------------------------------------------
data required time                                                                         1.272
data arrival time                                                                        -10.793
------------------------------------------------------------------------------------------------
slack (VIOLATED)                                                                          -9.522


#Path 79
Startpoint: top.resultwriter+resultwriteinst^FF_NODE~3370.Q[0] (.latch clocked by top^tm3_clk_v0)
Endpoint  : top.resultwriter+resultwriteinst.bilinearintrp+bilinearimp^FF_NODE~2769.D[0] (.latch clocked by top^tm3_clk_v0)
Path Type : setup

Point                                                                                                          Incr      Path
-----------------------------------------------------------------------------------------------------------------------------
clock top^tm3_clk_v0 (rise edge)                                                                              0.000     0.000
clock source latency                                                                                          0.000     0.000
top^tm3_clk_v0.inpad[0] (.input)                                                                              0.000     0.000
top.resultwriter+resultwriteinst^FF_NODE~3370.clk[0] (.latch)                                                 1.338     1.338
top.resultwriter+resultwriteinst^FF_NODE~3370.Q[0] (.latch) [clock-to-output]                                 0.124     1.462
n7829_1.in[0] (.names)                                                                                        1.338     2.800
n7829_1.out[0] (.names)                                                                                       0.261     3.061
n7828.in[2] (.names)                                                                                          1.338     4.398
n7828.out[0] (.names)                                                                                         0.261     4.659
n7827.in[2] (.names)                                                                                          1.338     5.997
n7827.out[0] (.names)                                                                                         0.261     6.258
n7824_1.in[4] (.names)                                                                                        1.338     7.596
n7824_1.out[0] (.names)                                                                                       0.261     7.857
n3193.in[0] (.names)                                                                                          1.338     9.195
n3193.out[0] (.names)                                                                                         0.261     9.456
top.resultwriter+resultwriteinst.bilinearintrp+bilinearimp^FF_NODE~2769.D[0] (.latch)                         1.338    10.793
data arrival time                                                                                                      10.793

clock top^tm3_clk_v0 (rise edge)                                                                              0.000     0.000
clock source latency                                                                                          0.000     0.000
top^tm3_clk_v0.inpad[0] (.input)                                                                              0.000     0.000
top.resultwriter+resultwriteinst.bilinearintrp+bilinearimp^FF_NODE~2769.clk[0] (.latch)                       1.338     1.338
clock uncertainty                                                                                             0.000     1.338
cell setup time                                                                                              -0.066     1.272
data required time                                                                                                      1.272
-----------------------------------------------------------------------------------------------------------------------------
data required time                                                                                                      1.272
data arrival time                                                                                                     -10.793
-----------------------------------------------------------------------------------------------------------------------------
slack (VIOLATED)                                                                                                       -9.522


#Path 80
Startpoint: top.resultwriter+resultwriteinst^FF_NODE~3370.Q[0] (.latch clocked by top^tm3_clk_v0)
Endpoint  : top.resultwriter+resultwriteinst.bilinearintrp+bilinearimp^FF_NODE~2768.D[0] (.latch clocked by top^tm3_clk_v0)
Path Type : setup

Point                                                                                                          Incr      Path
-----------------------------------------------------------------------------------------------------------------------------
clock top^tm3_clk_v0 (rise edge)                                                                              0.000     0.000
clock source latency                                                                                          0.000     0.000
top^tm3_clk_v0.inpad[0] (.input)                                                                              0.000     0.000
top.resultwriter+resultwriteinst^FF_NODE~3370.clk[0] (.latch)                                                 1.338     1.338
top.resultwriter+resultwriteinst^FF_NODE~3370.Q[0] (.latch) [clock-to-output]                                 0.124     1.462
n7829_1.in[0] (.names)                                                                                        1.338     2.800
n7829_1.out[0] (.names)                                                                                       0.261     3.061
n7828.in[2] (.names)                                                                                          1.338     4.398
n7828.out[0] (.names)                                                                                         0.261     4.659
n7827.in[2] (.names)                                                                                          1.338     5.997
n7827.out[0] (.names)                                                                                         0.261     6.258
n7824_1.in[4] (.names)                                                                                        1.338     7.596
n7824_1.out[0] (.names)                                                                                       0.261     7.857
n2888.in[0] (.names)                                                                                          1.338     9.195
n2888.out[0] (.names)                                                                                         0.261     9.456
top.resultwriter+resultwriteinst.bilinearintrp+bilinearimp^FF_NODE~2768.D[0] (.latch)                         1.338    10.793
data arrival time                                                                                                      10.793

clock top^tm3_clk_v0 (rise edge)                                                                              0.000     0.000
clock source latency                                                                                          0.000     0.000
top^tm3_clk_v0.inpad[0] (.input)                                                                              0.000     0.000
top.resultwriter+resultwriteinst.bilinearintrp+bilinearimp^FF_NODE~2768.clk[0] (.latch)                       1.338     1.338
clock uncertainty                                                                                             0.000     1.338
cell setup time                                                                                              -0.066     1.272
data required time                                                                                                      1.272
-----------------------------------------------------------------------------------------------------------------------------
data required time                                                                                                      1.272
data arrival time                                                                                                     -10.793
-----------------------------------------------------------------------------------------------------------------------------
slack (VIOLATED)                                                                                                       -9.522


#Path 81
Startpoint: top.resultwriter+resultwriteinst.bilinearintrp+bilinearimp^FF_NODE~2945.Q[0] (.latch clocked by top^tm3_clk_v0)
Endpoint  : top.resultwriter+resultwriteinst.linearmap+linearmapinst^FF_NODE~2705.D[0] (.latch clocked by top^tm3_clk_v0)
Path Type : setup

Point                                                                                                          Incr      Path
-----------------------------------------------------------------------------------------------------------------------------
clock top^tm3_clk_v0 (rise edge)                                                                              0.000     0.000
clock source latency                                                                                          0.000     0.000
top^tm3_clk_v0.inpad[0] (.input)                                                                              0.000     0.000
top.resultwriter+resultwriteinst.bilinearintrp+bilinearimp^FF_NODE~2945.clk[0] (.latch)                       1.338     1.338
top.resultwriter+resultwriteinst.bilinearintrp+bilinearimp^FF_NODE~2945.Q[0] (.latch) [clock-to-output]       0.124     1.462
n7427.in[0] (.names)                                                                                          1.338     2.800
n7427.out[0] (.names)                                                                                         0.261     3.061
n7440.in[2] (.names)                                                                                          1.338     4.398
n7440.out[0] (.names)                                                                                         0.261     4.659
n7507.in[2] (.names)                                                                                          1.338     5.997
n7507.out[0] (.names)                                                                                         0.261     6.258
n7506.in[3] (.names)                                                                                          1.338     7.596
n7506.out[0] (.names)                                                                                         0.261     7.857
n2823.in[2] (.names)                                                                                          1.338     9.195
n2823.out[0] (.names)                                                                                         0.261     9.456
top.resultwriter+resultwriteinst.linearmap+linearmapinst^FF_NODE~2705.D[0] (.latch)                           1.338    10.793
data arrival time                                                                                                      10.793

clock top^tm3_clk_v0 (rise edge)                                                                              0.000     0.000
clock source latency                                                                                          0.000     0.000
top^tm3_clk_v0.inpad[0] (.input)                                                                              0.000     0.000
top.resultwriter+resultwriteinst.linearmap+linearmapinst^FF_NODE~2705.clk[0] (.latch)                         1.338     1.338
clock uncertainty                                                                                             0.000     1.338
cell setup time                                                                                              -0.066     1.272
data required time                                                                                                      1.272
-----------------------------------------------------------------------------------------------------------------------------
data required time                                                                                                      1.272
data arrival time                                                                                                     -10.793
-----------------------------------------------------------------------------------------------------------------------------
slack (VIOLATED)                                                                                                       -9.522


#Path 82
Startpoint: top.resultwriter+resultwriteinst.bilinearintrp+bilinearimp^FF_NODE~2945.Q[0] (.latch clocked by top^tm3_clk_v0)
Endpoint  : top.resultwriter+resultwriteinst^FF_NODE~3364.D[0] (.latch clocked by top^tm3_clk_v0)
Path Type : setup

Point                                                                                                          Incr      Path
-----------------------------------------------------------------------------------------------------------------------------
clock top^tm3_clk_v0 (rise edge)                                                                              0.000     0.000
clock source latency                                                                                          0.000     0.000
top^tm3_clk_v0.inpad[0] (.input)                                                                              0.000     0.000
top.resultwriter+resultwriteinst.bilinearintrp+bilinearimp^FF_NODE~2945.clk[0] (.latch)                       1.338     1.338
top.resultwriter+resultwriteinst.bilinearintrp+bilinearimp^FF_NODE~2945.Q[0] (.latch) [clock-to-output]       0.124     1.462
n7427.in[0] (.names)                                                                                          1.338     2.800
n7427.out[0] (.names)                                                                                         0.261     3.061
n7440.in[2] (.names)                                                                                          1.338     4.398
n7440.out[0] (.names)                                                                                         0.261     4.659
n7507.in[2] (.names)                                                                                          1.338     5.997
n7507.out[0] (.names)                                                                                         0.261     6.258
n7506.in[3] (.names)                                                                                          1.338     7.596
n7506.out[0] (.names)                                                                                         0.261     7.857
n2608.in[3] (.names)                                                                                          1.338     9.195
n2608.out[0] (.names)                                                                                         0.261     9.456
top.resultwriter+resultwriteinst^FF_NODE~3364.D[0] (.latch)                                                   1.338    10.793
data arrival time                                                                                                      10.793

clock top^tm3_clk_v0 (rise edge)                                                                              0.000     0.000
clock source latency                                                                                          0.000     0.000
top^tm3_clk_v0.inpad[0] (.input)                                                                              0.000     0.000
top.resultwriter+resultwriteinst^FF_NODE~3364.clk[0] (.latch)                                                 1.338     1.338
clock uncertainty                                                                                             0.000     1.338
cell setup time                                                                                              -0.066     1.272
data required time                                                                                                      1.272
-----------------------------------------------------------------------------------------------------------------------------
data required time                                                                                                      1.272
data arrival time                                                                                                     -10.793
-----------------------------------------------------------------------------------------------------------------------------
slack (VIOLATED)                                                                                                       -9.522


#Path 83
Startpoint: top.resultwriter+resultwriteinst.bilinearintrp+bilinearimp^FF_NODE~2945.Q[0] (.latch clocked by top^tm3_clk_v0)
Endpoint  : top.resultwriter+resultwriteinst^FF_NODE~3343.D[0] (.latch clocked by top^tm3_clk_v0)
Path Type : setup

Point                                                                                                          Incr      Path
-----------------------------------------------------------------------------------------------------------------------------
clock top^tm3_clk_v0 (rise edge)                                                                              0.000     0.000
clock source latency                                                                                          0.000     0.000
top^tm3_clk_v0.inpad[0] (.input)                                                                              0.000     0.000
top.resultwriter+resultwriteinst.bilinearintrp+bilinearimp^FF_NODE~2945.clk[0] (.latch)                       1.338     1.338
top.resultwriter+resultwriteinst.bilinearintrp+bilinearimp^FF_NODE~2945.Q[0] (.latch) [clock-to-output]       0.124     1.462
n7427.in[0] (.names)                                                                                          1.338     2.800
n7427.out[0] (.names)                                                                                         0.261     3.061
n7440.in[2] (.names)                                                                                          1.338     4.398
n7440.out[0] (.names)                                                                                         0.261     4.659
n7507.in[2] (.names)                                                                                          1.338     5.997
n7507.out[0] (.names)                                                                                         0.261     6.258
n7506.in[3] (.names)                                                                                          1.338     7.596
n7506.out[0] (.names)                                                                                         0.261     7.857
n2603.in[3] (.names)                                                                                          1.338     9.195
n2603.out[0] (.names)                                                                                         0.261     9.456
top.resultwriter+resultwriteinst^FF_NODE~3343.D[0] (.latch)                                                   1.338    10.793
data arrival time                                                                                                      10.793

clock top^tm3_clk_v0 (rise edge)                                                                              0.000     0.000
clock source latency                                                                                          0.000     0.000
top^tm3_clk_v0.inpad[0] (.input)                                                                              0.000     0.000
top.resultwriter+resultwriteinst^FF_NODE~3343.clk[0] (.latch)                                                 1.338     1.338
clock uncertainty                                                                                             0.000     1.338
cell setup time                                                                                              -0.066     1.272
data required time                                                                                                      1.272
-----------------------------------------------------------------------------------------------------------------------------
data required time                                                                                                      1.272
data arrival time                                                                                                     -10.793
-----------------------------------------------------------------------------------------------------------------------------
slack (VIOLATED)                                                                                                       -9.522


#Path 84
Startpoint: top.resultwriter+resultwriteinst.bilinearintrp+bilinearimp^FF_NODE~2945.Q[0] (.latch clocked by top^tm3_clk_v0)
Endpoint  : top.resultwriter+resultwriteinst^FF_NODE~3322.D[0] (.latch clocked by top^tm3_clk_v0)
Path Type : setup

Point                                                                                                          Incr      Path
-----------------------------------------------------------------------------------------------------------------------------
clock top^tm3_clk_v0 (rise edge)                                                                              0.000     0.000
clock source latency                                                                                          0.000     0.000
top^tm3_clk_v0.inpad[0] (.input)                                                                              0.000     0.000
top.resultwriter+resultwriteinst.bilinearintrp+bilinearimp^FF_NODE~2945.clk[0] (.latch)                       1.338     1.338
top.resultwriter+resultwriteinst.bilinearintrp+bilinearimp^FF_NODE~2945.Q[0] (.latch) [clock-to-output]       0.124     1.462
n7427.in[0] (.names)                                                                                          1.338     2.800
n7427.out[0] (.names)                                                                                         0.261     3.061
n7440.in[2] (.names)                                                                                          1.338     4.398
n7440.out[0] (.names)                                                                                         0.261     4.659
n7507.in[2] (.names)                                                                                          1.338     5.997
n7507.out[0] (.names)                                                                                         0.261     6.258
n7506.in[3] (.names)                                                                                          1.338     7.596
n7506.out[0] (.names)                                                                                         0.261     7.857
n2598.in[3] (.names)                                                                                          1.338     9.195
n2598.out[0] (.names)                                                                                         0.261     9.456
top.resultwriter+resultwriteinst^FF_NODE~3322.D[0] (.latch)                                                   1.338    10.793
data arrival time                                                                                                      10.793

clock top^tm3_clk_v0 (rise edge)                                                                              0.000     0.000
clock source latency                                                                                          0.000     0.000
top^tm3_clk_v0.inpad[0] (.input)                                                                              0.000     0.000
top.resultwriter+resultwriteinst^FF_NODE~3322.clk[0] (.latch)                                                 1.338     1.338
clock uncertainty                                                                                             0.000     1.338
cell setup time                                                                                              -0.066     1.272
data required time                                                                                                      1.272
-----------------------------------------------------------------------------------------------------------------------------
data required time                                                                                                      1.272
data arrival time                                                                                                     -10.793
-----------------------------------------------------------------------------------------------------------------------------
slack (VIOLATED)                                                                                                       -9.522


#Path 85
Startpoint: top.resultwriter+resultwriteinst.bilinearintrp+bilinearimp^FF_NODE~2900.Q[0] (.latch clocked by top^tm3_clk_v0)
Endpoint  : top.resultwriter+resultwriteinst.linearmap+linearmapinst^FF_NODE~2712.D[0] (.latch clocked by top^tm3_clk_v0)
Path Type : setup

Point                                                                                                          Incr      Path
-----------------------------------------------------------------------------------------------------------------------------
clock top^tm3_clk_v0 (rise edge)                                                                              0.000     0.000
clock source latency                                                                                          0.000     0.000
top^tm3_clk_v0.inpad[0] (.input)                                                                              0.000     0.000
top.resultwriter+resultwriteinst.bilinearintrp+bilinearimp^FF_NODE~2900.clk[0] (.latch)                       1.338     1.338
top.resultwriter+resultwriteinst.bilinearintrp+bilinearimp^FF_NODE~2900.Q[0] (.latch) [clock-to-output]       0.124     1.462
n7536.in[0] (.names)                                                                                          1.338     2.800
n7536.out[0] (.names)                                                                                         0.261     3.061
n7546.in[2] (.names)                                                                                          1.338     4.398
n7546.out[0] (.names)                                                                                         0.261     4.659
n7556.in[2] (.names)                                                                                          1.338     5.997
n7556.out[0] (.names)                                                                                         0.261     6.258
n7555_1.in[3] (.names)                                                                                        1.338     7.596
n7555_1.out[0] (.names)                                                                                       0.261     7.857
n2858.in[2] (.names)                                                                                          1.338     9.195
n2858.out[0] (.names)                                                                                         0.261     9.456
top.resultwriter+resultwriteinst.linearmap+linearmapinst^FF_NODE~2712.D[0] (.latch)                           1.338    10.793
data arrival time                                                                                                      10.793

clock top^tm3_clk_v0 (rise edge)                                                                              0.000     0.000
clock source latency                                                                                          0.000     0.000
top^tm3_clk_v0.inpad[0] (.input)                                                                              0.000     0.000
top.resultwriter+resultwriteinst.linearmap+linearmapinst^FF_NODE~2712.clk[0] (.latch)                         1.338     1.338
clock uncertainty                                                                                             0.000     1.338
cell setup time                                                                                              -0.066     1.272
data required time                                                                                                      1.272
-----------------------------------------------------------------------------------------------------------------------------
data required time                                                                                                      1.272
data arrival time                                                                                                     -10.793
-----------------------------------------------------------------------------------------------------------------------------
slack (VIOLATED)                                                                                                       -9.522


#Path 86
Startpoint: top.resultwriter+resultwriteinst.bilinearintrp+bilinearimp^FF_NODE~2900.Q[0] (.latch clocked by top^tm3_clk_v0)
Endpoint  : top.resultwriter+resultwriteinst^FF_NODE~3331.D[0] (.latch clocked by top^tm3_clk_v0)
Path Type : setup

Point                                                                                                          Incr      Path
-----------------------------------------------------------------------------------------------------------------------------
clock top^tm3_clk_v0 (rise edge)                                                                              0.000     0.000
clock source latency                                                                                          0.000     0.000
top^tm3_clk_v0.inpad[0] (.input)                                                                              0.000     0.000
top.resultwriter+resultwriteinst.bilinearintrp+bilinearimp^FF_NODE~2900.clk[0] (.latch)                       1.338     1.338
top.resultwriter+resultwriteinst.bilinearintrp+bilinearimp^FF_NODE~2900.Q[0] (.latch) [clock-to-output]       0.124     1.462
n7536.in[0] (.names)                                                                                          1.338     2.800
n7536.out[0] (.names)                                                                                         0.261     3.061
n7546.in[2] (.names)                                                                                          1.338     4.398
n7546.out[0] (.names)                                                                                         0.261     4.659
n7556.in[2] (.names)                                                                                          1.338     5.997
n7556.out[0] (.names)                                                                                         0.261     6.258
n7555_1.in[3] (.names)                                                                                        1.338     7.596
n7555_1.out[0] (.names)                                                                                       0.261     7.857
n2678.in[3] (.names)                                                                                          1.338     9.195
n2678.out[0] (.names)                                                                                         0.261     9.456
top.resultwriter+resultwriteinst^FF_NODE~3331.D[0] (.latch)                                                   1.338    10.793
data arrival time                                                                                                      10.793

clock top^tm3_clk_v0 (rise edge)                                                                              0.000     0.000
clock source latency                                                                                          0.000     0.000
top^tm3_clk_v0.inpad[0] (.input)                                                                              0.000     0.000
top.resultwriter+resultwriteinst^FF_NODE~3331.clk[0] (.latch)                                                 1.338     1.338
clock uncertainty                                                                                             0.000     1.338
cell setup time                                                                                              -0.066     1.272
data required time                                                                                                      1.272
-----------------------------------------------------------------------------------------------------------------------------
data required time                                                                                                      1.272
data arrival time                                                                                                     -10.793
-----------------------------------------------------------------------------------------------------------------------------
slack (VIOLATED)                                                                                                       -9.522


#Path 87
Startpoint: top.resultwriter+resultwriteinst.bilinearintrp+bilinearimp^FF_NODE~2900.Q[0] (.latch clocked by top^tm3_clk_v0)
Endpoint  : top.resultwriter+resultwriteinst^FF_NODE~3310.D[0] (.latch clocked by top^tm3_clk_v0)
Path Type : setup

Point                                                                                                          Incr      Path
-----------------------------------------------------------------------------------------------------------------------------
clock top^tm3_clk_v0 (rise edge)                                                                              0.000     0.000
clock source latency                                                                                          0.000     0.000
top^tm3_clk_v0.inpad[0] (.input)                                                                              0.000     0.000
top.resultwriter+resultwriteinst.bilinearintrp+bilinearimp^FF_NODE~2900.clk[0] (.latch)                       1.338     1.338
top.resultwriter+resultwriteinst.bilinearintrp+bilinearimp^FF_NODE~2900.Q[0] (.latch) [clock-to-output]       0.124     1.462
n7536.in[0] (.names)                                                                                          1.338     2.800
n7536.out[0] (.names)                                                                                         0.261     3.061
n7546.in[2] (.names)                                                                                          1.338     4.398
n7546.out[0] (.names)                                                                                         0.261     4.659
n7556.in[2] (.names)                                                                                          1.338     5.997
n7556.out[0] (.names)                                                                                         0.261     6.258
n7555_1.in[3] (.names)                                                                                        1.338     7.596
n7555_1.out[0] (.names)                                                                                       0.261     7.857
n2673.in[3] (.names)                                                                                          1.338     9.195
n2673.out[0] (.names)                                                                                         0.261     9.456
top.resultwriter+resultwriteinst^FF_NODE~3310.D[0] (.latch)                                                   1.338    10.793
data arrival time                                                                                                      10.793

clock top^tm3_clk_v0 (rise edge)                                                                              0.000     0.000
clock source latency                                                                                          0.000     0.000
top^tm3_clk_v0.inpad[0] (.input)                                                                              0.000     0.000
top.resultwriter+resultwriteinst^FF_NODE~3310.clk[0] (.latch)                                                 1.338     1.338
clock uncertainty                                                                                             0.000     1.338
cell setup time                                                                                              -0.066     1.272
data required time                                                                                                      1.272
-----------------------------------------------------------------------------------------------------------------------------
data required time                                                                                                      1.272
data arrival time                                                                                                     -10.793
-----------------------------------------------------------------------------------------------------------------------------
slack (VIOLATED)                                                                                                       -9.522


#Path 88
Startpoint: top.resultwriter+resultwriteinst.bilinearintrp+bilinearimp^FF_NODE~2855.Q[0] (.latch clocked by top^tm3_clk_v0)
Endpoint  : top.resultwriter+resultwriteinst^FF_NODE~3359.D[0] (.latch clocked by top^tm3_clk_v0)
Path Type : setup

Point                                                                                                          Incr      Path
-----------------------------------------------------------------------------------------------------------------------------
clock top^tm3_clk_v0 (rise edge)                                                                              0.000     0.000
clock source latency                                                                                          0.000     0.000
top^tm3_clk_v0.inpad[0] (.input)                                                                              0.000     0.000
top.resultwriter+resultwriteinst.bilinearintrp+bilinearimp^FF_NODE~2855.clk[0] (.latch)                       1.338     1.338
top.resultwriter+resultwriteinst.bilinearintrp+bilinearimp^FF_NODE~2855.Q[0] (.latch) [clock-to-output]       0.124     1.462
n7458.in[0] (.names)                                                                                          1.338     2.800
n7458.out[0] (.names)                                                                                         0.261     3.061
n7468.in[2] (.names)                                                                                          1.338     4.398
n7468.out[0] (.names)                                                                                         0.261     4.659
n7478.in[2] (.names)                                                                                          1.338     5.997
n7478.out[0] (.names)                                                                                         0.261     6.258
n7477.in[3] (.names)                                                                                          1.338     7.596
n7477.out[0] (.names)                                                                                         0.261     7.857
n2563.in[3] (.names)                                                                                          1.338     9.195
n2563.out[0] (.names)                                                                                         0.261     9.456
top.resultwriter+resultwriteinst^FF_NODE~3359.D[0] (.latch)                                                   1.338    10.793
data arrival time                                                                                                      10.793

clock top^tm3_clk_v0 (rise edge)                                                                              0.000     0.000
clock source latency                                                                                          0.000     0.000
top^tm3_clk_v0.inpad[0] (.input)                                                                              0.000     0.000
top.resultwriter+resultwriteinst^FF_NODE~3359.clk[0] (.latch)                                                 1.338     1.338
clock uncertainty                                                                                             0.000     1.338
cell setup time                                                                                              -0.066     1.272
data required time                                                                                                      1.272
-----------------------------------------------------------------------------------------------------------------------------
data required time                                                                                                      1.272
data arrival time                                                                                                     -10.793
-----------------------------------------------------------------------------------------------------------------------------
slack (VIOLATED)                                                                                                       -9.522


#Path 89
Startpoint: top.resultwriter+resultwriteinst.bilinearintrp+bilinearimp^FF_NODE~2855.Q[0] (.latch clocked by top^tm3_clk_v0)
Endpoint  : top.resultwriter+resultwriteinst^FF_NODE~3338.D[0] (.latch clocked by top^tm3_clk_v0)
Path Type : setup

Point                                                                                                          Incr      Path
-----------------------------------------------------------------------------------------------------------------------------
clock top^tm3_clk_v0 (rise edge)                                                                              0.000     0.000
clock source latency                                                                                          0.000     0.000
top^tm3_clk_v0.inpad[0] (.input)                                                                              0.000     0.000
top.resultwriter+resultwriteinst.bilinearintrp+bilinearimp^FF_NODE~2855.clk[0] (.latch)                       1.338     1.338
top.resultwriter+resultwriteinst.bilinearintrp+bilinearimp^FF_NODE~2855.Q[0] (.latch) [clock-to-output]       0.124     1.462
n7458.in[0] (.names)                                                                                          1.338     2.800
n7458.out[0] (.names)                                                                                         0.261     3.061
n7468.in[2] (.names)                                                                                          1.338     4.398
n7468.out[0] (.names)                                                                                         0.261     4.659
n7478.in[2] (.names)                                                                                          1.338     5.997
n7478.out[0] (.names)                                                                                         0.261     6.258
n7477.in[3] (.names)                                                                                          1.338     7.596
n7477.out[0] (.names)                                                                                         0.261     7.857
n2558.in[3] (.names)                                                                                          1.338     9.195
n2558.out[0] (.names)                                                                                         0.261     9.456
top.resultwriter+resultwriteinst^FF_NODE~3338.D[0] (.latch)                                                   1.338    10.793
data arrival time                                                                                                      10.793

clock top^tm3_clk_v0 (rise edge)                                                                              0.000     0.000
clock source latency                                                                                          0.000     0.000
top^tm3_clk_v0.inpad[0] (.input)                                                                              0.000     0.000
top.resultwriter+resultwriteinst^FF_NODE~3338.clk[0] (.latch)                                                 1.338     1.338
clock uncertainty                                                                                             0.000     1.338
cell setup time                                                                                              -0.066     1.272
data required time                                                                                                      1.272
-----------------------------------------------------------------------------------------------------------------------------
data required time                                                                                                      1.272
data arrival time                                                                                                     -10.793
-----------------------------------------------------------------------------------------------------------------------------
slack (VIOLATED)                                                                                                       -9.522


#Path 90
Startpoint: top.resultwriter+resultwriteinst.bilinearintrp+bilinearimp^FF_NODE~2855.Q[0] (.latch clocked by top^tm3_clk_v0)
Endpoint  : top.resultwriter+resultwriteinst^FF_NODE~3317.D[0] (.latch clocked by top^tm3_clk_v0)
Path Type : setup

Point                                                                                                          Incr      Path
-----------------------------------------------------------------------------------------------------------------------------
clock top^tm3_clk_v0 (rise edge)                                                                              0.000     0.000
clock source latency                                                                                          0.000     0.000
top^tm3_clk_v0.inpad[0] (.input)                                                                              0.000     0.000
top.resultwriter+resultwriteinst.bilinearintrp+bilinearimp^FF_NODE~2855.clk[0] (.latch)                       1.338     1.338
top.resultwriter+resultwriteinst.bilinearintrp+bilinearimp^FF_NODE~2855.Q[0] (.latch) [clock-to-output]       0.124     1.462
n7458.in[0] (.names)                                                                                          1.338     2.800
n7458.out[0] (.names)                                                                                         0.261     3.061
n7468.in[2] (.names)                                                                                          1.338     4.398
n7468.out[0] (.names)                                                                                         0.261     4.659
n7478.in[2] (.names)                                                                                          1.338     5.997
n7478.out[0] (.names)                                                                                         0.261     6.258
n7477.in[3] (.names)                                                                                          1.338     7.596
n7477.out[0] (.names)                                                                                         0.261     7.857
n2553.in[3] (.names)                                                                                          1.338     9.195
n2553.out[0] (.names)                                                                                         0.261     9.456
top.resultwriter+resultwriteinst^FF_NODE~3317.D[0] (.latch)                                                   1.338    10.793
data arrival time                                                                                                      10.793

clock top^tm3_clk_v0 (rise edge)                                                                              0.000     0.000
clock source latency                                                                                          0.000     0.000
top^tm3_clk_v0.inpad[0] (.input)                                                                              0.000     0.000
top.resultwriter+resultwriteinst^FF_NODE~3317.clk[0] (.latch)                                                 1.338     1.338
clock uncertainty                                                                                             0.000     1.338
cell setup time                                                                                              -0.066     1.272
data required time                                                                                                      1.272
-----------------------------------------------------------------------------------------------------------------------------
data required time                                                                                                      1.272
data arrival time                                                                                                     -10.793
-----------------------------------------------------------------------------------------------------------------------------
slack (VIOLATED)                                                                                                       -9.522


#Path 91
Startpoint: top.resultwriter+resultwriteinst.bilinearintrp+bilinearimp^FF_NODE~2900.Q[0] (.latch clocked by top^tm3_clk_v0)
Endpoint  : top.resultwriter+resultwriteinst^FF_NODE~3352.D[0] (.latch clocked by top^tm3_clk_v0)
Path Type : setup

Point                                                                                                          Incr      Path
-----------------------------------------------------------------------------------------------------------------------------
clock top^tm3_clk_v0 (rise edge)                                                                              0.000     0.000
clock source latency                                                                                          0.000     0.000
top^tm3_clk_v0.inpad[0] (.input)                                                                              0.000     0.000
top.resultwriter+resultwriteinst.bilinearintrp+bilinearimp^FF_NODE~2900.clk[0] (.latch)                       1.338     1.338
top.resultwriter+resultwriteinst.bilinearintrp+bilinearimp^FF_NODE~2900.Q[0] (.latch) [clock-to-output]       0.124     1.462
n7536.in[0] (.names)                                                                                          1.338     2.800
n7536.out[0] (.names)                                                                                         0.261     3.061
n7546.in[2] (.names)                                                                                          1.338     4.398
n7546.out[0] (.names)                                                                                         0.261     4.659
n7556.in[2] (.names)                                                                                          1.338     5.997
n7556.out[0] (.names)                                                                                         0.261     6.258
n7555_1.in[3] (.names)                                                                                        1.338     7.596
n7555_1.out[0] (.names)                                                                                       0.261     7.857
n2683.in[3] (.names)                                                                                          1.338     9.195
n2683.out[0] (.names)                                                                                         0.261     9.456
top.resultwriter+resultwriteinst^FF_NODE~3352.D[0] (.latch)                                                   1.338    10.793
data arrival time                                                                                                      10.793

clock top^tm3_clk_v0 (rise edge)                                                                              0.000     0.000
clock source latency                                                                                          0.000     0.000
top^tm3_clk_v0.inpad[0] (.input)                                                                              0.000     0.000
top.resultwriter+resultwriteinst^FF_NODE~3352.clk[0] (.latch)                                                 1.338     1.338
clock uncertainty                                                                                             0.000     1.338
cell setup time                                                                                              -0.066     1.272
data required time                                                                                                      1.272
-----------------------------------------------------------------------------------------------------------------------------
data required time                                                                                                      1.272
data arrival time                                                                                                     -10.793
-----------------------------------------------------------------------------------------------------------------------------
slack (VIOLATED)                                                                                                       -9.522


#Path 92
Startpoint: top.raygencont+raygencontinst^FF_NODE~1816.Q[0] (.latch clocked by top^tm3_clk_v0)
Endpoint  : top.raygencont+raygencontinst^FF_NODE~1825.D[0] (.latch clocked by top^tm3_clk_v0)
Path Type : setup

Point                                                                             Incr      Path
------------------------------------------------------------------------------------------------
clock top^tm3_clk_v0 (rise edge)                                                 0.000     0.000
clock source latency                                                             0.000     0.000
top^tm3_clk_v0.inpad[0] (.input)                                                 0.000     0.000
top.raygencont+raygencontinst^FF_NODE~1816.clk[0] (.latch)                       1.338     1.338
top.raygencont+raygencontinst^FF_NODE~1816.Q[0] (.latch) [clock-to-output]       0.124     1.462
n8385_1.in[0] (.names)                                                           1.338     2.800
n8385_1.out[0] (.names)                                                          0.261     3.061
n8389_1.in[3] (.names)                                                           1.338     4.398
n8389_1.out[0] (.names)                                                          0.261     4.659
n8396.in[5] (.names)                                                             1.338     5.997
n8396.out[0] (.names)                                                            0.261     6.258
n8402.in[4] (.names)                                                             1.338     7.596
n8402.out[0] (.names)                                                            0.261     7.857
n4901.in[5] (.names)                                                             1.338     9.195
n4901.out[0] (.names)                                                            0.261     9.456
top.raygencont+raygencontinst^FF_NODE~1825.D[0] (.latch)                         1.338    10.793
data arrival time                                                                         10.793

clock top^tm3_clk_v0 (rise edge)                                                 0.000     0.000
clock source latency                                                             0.000     0.000
top^tm3_clk_v0.inpad[0] (.input)                                                 0.000     0.000
top.raygencont+raygencontinst^FF_NODE~1825.clk[0] (.latch)                       1.338     1.338
clock uncertainty                                                                0.000     1.338
cell setup time                                                                 -0.066     1.272
data required time                                                                         1.272
------------------------------------------------------------------------------------------------
data required time                                                                         1.272
data arrival time                                                                        -10.793
------------------------------------------------------------------------------------------------
slack (VIOLATED)                                                                          -9.522


#Path 93
Startpoint: top.resultwriter+resultwriteinst^FF_NODE~3306.Q[0] (.latch clocked by top^tm3_clk_v0)
Endpoint  : top.resultwriter+resultwriteinst^FF_NODE~3370.D[0] (.latch clocked by top^tm3_clk_v0)
Path Type : setup

Point                                                                                Incr      Path
---------------------------------------------------------------------------------------------------
clock top^tm3_clk_v0 (rise edge)                                                    0.000     0.000
clock source latency                                                                0.000     0.000
top^tm3_clk_v0.inpad[0] (.input)                                                    0.000     0.000
top.resultwriter+resultwriteinst^FF_NODE~3306.clk[0] (.latch)                       1.338     1.338
top.resultwriter+resultwriteinst^FF_NODE~3306.Q[0] (.latch) [clock-to-output]       0.124     1.462
n7420_1.in[0] (.names)                                                              1.338     2.800
n7420_1.out[0] (.names)                                                             0.261     3.061
n7419_1.in[3] (.names)                                                              1.338     4.398
n7419_1.out[0] (.names)                                                             0.261     4.659
n7418.in[5] (.names)                                                                1.338     5.997
n7418.out[0] (.names)                                                               0.261     6.258
n7416.in[5] (.names)                                                                1.338     7.596
n7416.out[0] (.names)                                                               0.261     7.857
n2468.in[5] (.names)                                                                1.338     9.195
n2468.out[0] (.names)                                                               0.261     9.456
top.resultwriter+resultwriteinst^FF_NODE~3370.D[0] (.latch)                         1.338    10.793
data arrival time                                                                            10.793

clock top^tm3_clk_v0 (rise edge)                                                    0.000     0.000
clock source latency                                                                0.000     0.000
top^tm3_clk_v0.inpad[0] (.input)                                                    0.000     0.000
top.resultwriter+resultwriteinst^FF_NODE~3370.clk[0] (.latch)                       1.338     1.338
clock uncertainty                                                                   0.000     1.338
cell setup time                                                                    -0.066     1.272
data required time                                                                            1.272
---------------------------------------------------------------------------------------------------
data required time                                                                            1.272
data arrival time                                                                           -10.793
---------------------------------------------------------------------------------------------------
slack (VIOLATED)                                                                             -9.522


#Path 94
Startpoint: top.matmult+matmultinst^FF_NODE~246.Q[0] (.latch clocked by top^tm3_clk_v0)
Endpoint  : top.matmult+matmultinst^FF_NODE~368.D[0] (.latch clocked by top^tm3_clk_v0)
Path Type : setup

Point                                                                      Incr      Path
-----------------------------------------------------------------------------------------
clock top^tm3_clk_v0 (rise edge)                                          0.000     0.000
clock source latency                                                      0.000     0.000
top^tm3_clk_v0.inpad[0] (.input)                                          0.000     0.000
top.matmult+matmultinst^FF_NODE~246.clk[0] (.latch)                       1.338     1.338
top.matmult+matmultinst^FF_NODE~246.Q[0] (.latch) [clock-to-output]       0.124     1.462
n8762.in[0] (.names)                                                      1.338     2.800
n8762.out[0] (.names)                                                     0.261     3.061
n8771.in[4] (.names)                                                      1.338     4.398
n8771.out[0] (.names)                                                     0.261     4.659
n8779_1.in[5] (.names)                                                    1.338     5.997
n8779_1.out[0] (.names)                                                   0.261     6.258
n8778.in[2] (.names)                                                      1.338     7.596
n8778.out[0] (.names)                                                     0.261     7.857
n7229.in[2] (.names)                                                      1.338     9.195
n7229.out[0] (.names)                                                     0.261     9.456
top.matmult+matmultinst^FF_NODE~368.D[0] (.latch)                         1.338    10.793
data arrival time                                                                  10.793

clock top^tm3_clk_v0 (rise edge)                                          0.000     0.000
clock source latency                                                      0.000     0.000
top^tm3_clk_v0.inpad[0] (.input)                                          0.000     0.000
top.matmult+matmultinst^FF_NODE~368.clk[0] (.latch)                       1.338     1.338
clock uncertainty                                                         0.000     1.338
cell setup time                                                          -0.066     1.272
data required time                                                                  1.272
-----------------------------------------------------------------------------------------
data required time                                                                  1.272
data arrival time                                                                 -10.793
-----------------------------------------------------------------------------------------
slack (VIOLATED)                                                                   -9.522


#Path 95
Startpoint: top.matmult+matmultinst^FF_NODE~246.Q[0] (.latch clocked by top^tm3_clk_v0)
Endpoint  : top.matmult+matmultinst^FF_NODE~367.D[0] (.latch clocked by top^tm3_clk_v0)
Path Type : setup

Point                                                                      Incr      Path
-----------------------------------------------------------------------------------------
clock top^tm3_clk_v0 (rise edge)                                          0.000     0.000
clock source latency                                                      0.000     0.000
top^tm3_clk_v0.inpad[0] (.input)                                          0.000     0.000
top.matmult+matmultinst^FF_NODE~246.clk[0] (.latch)                       1.338     1.338
top.matmult+matmultinst^FF_NODE~246.Q[0] (.latch) [clock-to-output]       0.124     1.462
n8762.in[0] (.names)                                                      1.338     2.800
n8762.out[0] (.names)                                                     0.261     3.061
n8771.in[4] (.names)                                                      1.338     4.398
n8771.out[0] (.names)                                                     0.261     4.659
n8779_1.in[5] (.names)                                                    1.338     5.997
n8779_1.out[0] (.names)                                                   0.261     6.258
n8778.in[2] (.names)                                                      1.338     7.596
n8778.out[0] (.names)                                                     0.261     7.857
n7224.in[1] (.names)                                                      1.338     9.195
n7224.out[0] (.names)                                                     0.261     9.456
top.matmult+matmultinst^FF_NODE~367.D[0] (.latch)                         1.338    10.793
data arrival time                                                                  10.793

clock top^tm3_clk_v0 (rise edge)                                          0.000     0.000
clock source latency                                                      0.000     0.000
top^tm3_clk_v0.inpad[0] (.input)                                          0.000     0.000
top.matmult+matmultinst^FF_NODE~367.clk[0] (.latch)                       1.338     1.338
clock uncertainty                                                         0.000     1.338
cell setup time                                                          -0.066     1.272
data required time                                                                  1.272
-----------------------------------------------------------------------------------------
data required time                                                                  1.272
data arrival time                                                                 -10.793
-----------------------------------------------------------------------------------------
slack (VIOLATED)                                                                   -9.522


#Path 96
Startpoint: top.matmult+matmultinst^FF_NODE~150.Q[0] (.latch clocked by top^tm3_clk_v0)
Endpoint  : top.matmult+matmultinst^FF_NODE~352.D[0] (.latch clocked by top^tm3_clk_v0)
Path Type : setup

Point                                                                      Incr      Path
-----------------------------------------------------------------------------------------
clock top^tm3_clk_v0 (rise edge)                                          0.000     0.000
clock source latency                                                      0.000     0.000
top^tm3_clk_v0.inpad[0] (.input)                                          0.000     0.000
top.matmult+matmultinst^FF_NODE~150.clk[0] (.latch)                       1.338     1.338
top.matmult+matmultinst^FF_NODE~150.Q[0] (.latch) [clock-to-output]       0.124     1.462
n8664_1.in[0] (.names)                                                    1.338     2.800
n8664_1.out[0] (.names)                                                   0.261     3.061
n8673.in[4] (.names)                                                      1.338     4.398
n8673.out[0] (.names)                                                     0.261     4.659
n8681.in[5] (.names)                                                      1.338     5.997
n8681.out[0] (.names)                                                     0.261     6.258
n8680_1.in[2] (.names)                                                    1.338     7.596
n8680_1.out[0] (.names)                                                   0.261     7.857
n6429.in[2] (.names)                                                      1.338     9.195
n6429.out[0] (.names)                                                     0.261     9.456
top.matmult+matmultinst^FF_NODE~352.D[0] (.latch)                         1.338    10.793
data arrival time                                                                  10.793

clock top^tm3_clk_v0 (rise edge)                                          0.000     0.000
clock source latency                                                      0.000     0.000
top^tm3_clk_v0.inpad[0] (.input)                                          0.000     0.000
top.matmult+matmultinst^FF_NODE~352.clk[0] (.latch)                       1.338     1.338
clock uncertainty                                                         0.000     1.338
cell setup time                                                          -0.066     1.272
data required time                                                                  1.272
-----------------------------------------------------------------------------------------
data required time                                                                  1.272
data arrival time                                                                 -10.793
-----------------------------------------------------------------------------------------
slack (VIOLATED)                                                                   -9.522


#Path 97
Startpoint: top.matmult+matmultinst^FF_NODE~150.Q[0] (.latch clocked by top^tm3_clk_v0)
Endpoint  : top.matmult+matmultinst^FF_NODE~351.D[0] (.latch clocked by top^tm3_clk_v0)
Path Type : setup

Point                                                                      Incr      Path
-----------------------------------------------------------------------------------------
clock top^tm3_clk_v0 (rise edge)                                          0.000     0.000
clock source latency                                                      0.000     0.000
top^tm3_clk_v0.inpad[0] (.input)                                          0.000     0.000
top.matmult+matmultinst^FF_NODE~150.clk[0] (.latch)                       1.338     1.338
top.matmult+matmultinst^FF_NODE~150.Q[0] (.latch) [clock-to-output]       0.124     1.462
n8664_1.in[0] (.names)                                                    1.338     2.800
n8664_1.out[0] (.names)                                                   0.261     3.061
n8673.in[4] (.names)                                                      1.338     4.398
n8673.out[0] (.names)                                                     0.261     4.659
n8681.in[5] (.names)                                                      1.338     5.997
n8681.out[0] (.names)                                                     0.261     6.258
n8680_1.in[2] (.names)                                                    1.338     7.596
n8680_1.out[0] (.names)                                                   0.261     7.857
n6424.in[1] (.names)                                                      1.338     9.195
n6424.out[0] (.names)                                                     0.261     9.456
top.matmult+matmultinst^FF_NODE~351.D[0] (.latch)                         1.338    10.793
data arrival time                                                                  10.793

clock top^tm3_clk_v0 (rise edge)                                          0.000     0.000
clock source latency                                                      0.000     0.000
top^tm3_clk_v0.inpad[0] (.input)                                          0.000     0.000
top.matmult+matmultinst^FF_NODE~351.clk[0] (.latch)                       1.338     1.338
clock uncertainty                                                         0.000     1.338
cell setup time                                                          -0.066     1.272
data required time                                                                  1.272
-----------------------------------------------------------------------------------------
data required time                                                                  1.272
data arrival time                                                                 -10.793
-----------------------------------------------------------------------------------------
slack (VIOLATED)                                                                   -9.522


#Path 98
Startpoint: top.raygencont+raygencontinst^FF_NODE~1816.Q[0] (.latch clocked by top^tm3_clk_v0)
Endpoint  : top.raygencont+raygencontinst^FF_NODE~1824.D[0] (.latch clocked by top^tm3_clk_v0)
Path Type : setup

Point                                                                             Incr      Path
------------------------------------------------------------------------------------------------
clock top^tm3_clk_v0 (rise edge)                                                 0.000     0.000
clock source latency                                                             0.000     0.000
top^tm3_clk_v0.inpad[0] (.input)                                                 0.000     0.000
top.raygencont+raygencontinst^FF_NODE~1816.clk[0] (.latch)                       1.338     1.338
top.raygencont+raygencontinst^FF_NODE~1816.Q[0] (.latch) [clock-to-output]       0.124     1.462
n8385_1.in[0] (.names)                                                           1.338     2.800
n8385_1.out[0] (.names)                                                          0.261     3.061
n8389_1.in[3] (.names)                                                           1.338     4.398
n8389_1.out[0] (.names)                                                          0.261     4.659
n8396.in[5] (.names)                                                             1.338     5.997
n8396.out[0] (.names)                                                            0.261     6.258
n8402.in[4] (.names)                                                             1.338     7.596
n8402.out[0] (.names)                                                            0.261     7.857
n4896.in[4] (.names)                                                             1.338     9.195
n4896.out[0] (.names)                                                            0.261     9.456
top.raygencont+raygencontinst^FF_NODE~1824.D[0] (.latch)                         1.338    10.793
data arrival time                                                                         10.793

clock top^tm3_clk_v0 (rise edge)                                                 0.000     0.000
clock source latency                                                             0.000     0.000
top^tm3_clk_v0.inpad[0] (.input)                                                 0.000     0.000
top.raygencont+raygencontinst^FF_NODE~1824.clk[0] (.latch)                       1.338     1.338
clock uncertainty                                                                0.000     1.338
cell setup time                                                                 -0.066     1.272
data required time                                                                         1.272
------------------------------------------------------------------------------------------------
data required time                                                                         1.272
data arrival time                                                                        -10.793
------------------------------------------------------------------------------------------------
slack (VIOLATED)                                                                          -9.522


#Path 99
Startpoint: top.matmult+matmultinst^FF_NODE~54.Q[0] (.latch clocked by top^tm3_clk_v0)
Endpoint  : top.matmult+matmultinst^FF_NODE~336.D[0] (.latch clocked by top^tm3_clk_v0)
Path Type : setup

Point                                                                      Incr      Path
-----------------------------------------------------------------------------------------
clock top^tm3_clk_v0 (rise edge)                                          0.000     0.000
clock source latency                                                      0.000     0.000
top^tm3_clk_v0.inpad[0] (.input)                                          0.000     0.000
top.matmult+matmultinst^FF_NODE~54.clk[0] (.latch)                        1.338     1.338
top.matmult+matmultinst^FF_NODE~54.Q[0] (.latch) [clock-to-output]        0.124     1.462
n8565_1.in[0] (.names)                                                    1.338     2.800
n8565_1.out[0] (.names)                                                   0.261     3.061
n8574_1.in[4] (.names)                                                    1.338     4.398
n8574_1.out[0] (.names)                                                   0.261     4.659
n8582.in[5] (.names)                                                      1.338     5.997
n8582.out[0] (.names)                                                     0.261     6.258
n8581.in[2] (.names)                                                      1.338     7.596
n8581.out[0] (.names)                                                     0.261     7.857
n5629.in[2] (.names)                                                      1.338     9.195
n5629.out[0] (.names)                                                     0.261     9.456
top.matmult+matmultinst^FF_NODE~336.D[0] (.latch)                         1.338    10.793
data arrival time                                                                  10.793

clock top^tm3_clk_v0 (rise edge)                                          0.000     0.000
clock source latency                                                      0.000     0.000
top^tm3_clk_v0.inpad[0] (.input)                                          0.000     0.000
top.matmult+matmultinst^FF_NODE~336.clk[0] (.latch)                       1.338     1.338
clock uncertainty                                                         0.000     1.338
cell setup time                                                          -0.066     1.272
data required time                                                                  1.272
-----------------------------------------------------------------------------------------
data required time                                                                  1.272
data arrival time                                                                 -10.793
-----------------------------------------------------------------------------------------
slack (VIOLATED)                                                                   -9.522


#Path 100
Startpoint: top.matmult+matmultinst^FF_NODE~54.Q[0] (.latch clocked by top^tm3_clk_v0)
Endpoint  : top.matmult+matmultinst^FF_NODE~335.D[0] (.latch clocked by top^tm3_clk_v0)
Path Type : setup

Point                                                                      Incr      Path
-----------------------------------------------------------------------------------------
clock top^tm3_clk_v0 (rise edge)                                          0.000     0.000
clock source latency                                                      0.000     0.000
top^tm3_clk_v0.inpad[0] (.input)                                          0.000     0.000
top.matmult+matmultinst^FF_NODE~54.clk[0] (.latch)                        1.338     1.338
top.matmult+matmultinst^FF_NODE~54.Q[0] (.latch) [clock-to-output]        0.124     1.462
n8565_1.in[0] (.names)                                                    1.338     2.800
n8565_1.out[0] (.names)                                                   0.261     3.061
n8574_1.in[4] (.names)                                                    1.338     4.398
n8574_1.out[0] (.names)                                                   0.261     4.659
n8582.in[5] (.names)                                                      1.338     5.997
n8582.out[0] (.names)                                                     0.261     6.258
n8581.in[2] (.names)                                                      1.338     7.596
n8581.out[0] (.names)                                                     0.261     7.857
n5624.in[1] (.names)                                                      1.338     9.195
n5624.out[0] (.names)                                                     0.261     9.456
top.matmult+matmultinst^FF_NODE~335.D[0] (.latch)                         1.338    10.793
data arrival time                                                                  10.793

clock top^tm3_clk_v0 (rise edge)                                          0.000     0.000
clock source latency                                                      0.000     0.000
top^tm3_clk_v0.inpad[0] (.input)                                          0.000     0.000
top.matmult+matmultinst^FF_NODE~335.clk[0] (.latch)                       1.338     1.338
clock uncertainty                                                         0.000     1.338
cell setup time                                                          -0.066     1.272
data required time                                                                  1.272
-----------------------------------------------------------------------------------------
data required time                                                                  1.272
data arrival time                                                                 -10.793
-----------------------------------------------------------------------------------------
slack (VIOLATED)                                                                   -9.522


#End of timing report
