#Timing report of worst 100 path(s)
# Unit scale: 1e-09 seconds
# Output precision: 3

#Path 1
Startpoint: top^FF_NODE~1394.Q[0] (.latch clocked by top^clk_i)
Endpoint  : top^FF_NODE~581.D[0] (.latch clocked by top^clk_i)
Path Type : setup

Point                                                             Incr      Path
--------------------------------------------------------------------------------
clock top^clk_i (rise edge)                                      0.000     0.000
clock source latency                                             0.000     0.000
top^clk_i.inpad[0] (.input)                                      0.000     0.000
top^FF_NODE~1394.clk[0] (.latch)                                 1.338     1.338
top^FF_NODE~1394.Q[0] (.latch) [clock-to-output]                 0.124     1.462
n2913.in[0] (.names)                                             1.338     2.800
n2913.out[0] (.names)                                            0.261     3.061
n2912.in[5] (.names)                                             1.338     4.398
n2912.out[0] (.names)                                            0.261     4.659
n2949_1.in[3] (.names)                                           1.338     5.997
n2949_1.out[0] (.names)                                          0.261     6.258
n2999_1.in[1] (.names)                                           1.338     7.596
n2999_1.out[0] (.names)                                          0.261     7.857
n2998.in[4] (.names)                                             1.338     9.195
n2998.out[0] (.names)                                            0.261     9.456
n2994_1.in[5] (.names)                                           1.338    10.793
n2994_1.out[0] (.names)                                          0.261    11.054
n3051.in[5] (.names)                                             1.338    12.392
n3051.out[0] (.names)                                            0.261    12.653
n3047.in[5] (.names)                                             1.338    13.991
n3047.out[0] (.names)                                            0.261    14.252
n3108.in[5] (.names)                                             1.338    15.590
n3108.out[0] (.names)                                            0.261    15.851
n3104_1.in[5] (.names)                                           1.338    17.188
n3104_1.out[0] (.names)                                          0.261    17.449
n3173.in[5] (.names)                                             1.338    18.787
n3173.out[0] (.names)                                            0.261    19.048
n3178.in[4] (.names)                                             1.338    20.386
n3178.out[0] (.names)                                            0.261    20.647
n3176.in[3] (.names)                                             1.338    21.985
n3176.out[0] (.names)                                            0.261    22.246
n3175.in[1] (.names)                                             1.338    23.584
n3175.out[0] (.names)                                            0.261    23.845
n3162.in[2] (.names)                                             1.338    25.182
n3162.out[0] (.names)                                            0.261    25.443
n3161.in[2] (.names)                                             1.338    26.781
n3161.out[0] (.names)                                            0.261    27.042
n3277.in[0] (.names)                                             1.338    28.380
n3277.out[0] (.names)                                            0.261    28.641
n3303.in[0] (.names)                                             1.338    29.979
n3303.out[0] (.names)                                            0.261    30.240
n3363.in[1] (.names)                                             1.338    31.577
n3363.out[0] (.names)                                            0.261    31.838
n3362.in[4] (.names)                                             1.338    33.176
n3362.out[0] (.names)                                            0.261    33.437
n489.in[1] (.names)                                              1.338    34.775
n489.out[0] (.names)                                             0.261    35.036
top^FF_NODE~581.D[0] (.latch)                                    1.338    36.374
data arrival time                                                         36.374

clock top^clk_i (rise edge)                                      0.000     0.000
clock source latency                                             0.000     0.000
top^clk_i.inpad[0] (.input)                                      0.000     0.000
top^FF_NODE~581.clk[0] (.latch)                                  1.338     1.338
clock uncertainty                                                0.000     1.338
cell setup time                                                 -0.066     1.272
data required time                                                         1.272
--------------------------------------------------------------------------------
data required time                                                         1.272
data arrival time                                                        -36.374
--------------------------------------------------------------------------------
slack (VIOLATED)                                                         -35.102


#Path 2
Startpoint: top^FF_NODE~605.Q[0] (.latch clocked by top^clk_i)
Endpoint  : top^FF_NODE~647.D[0] (.latch clocked by top^clk_i)
Path Type : setup

Point                                                             Incr      Path
--------------------------------------------------------------------------------
clock top^clk_i (rise edge)                                      0.000     0.000
clock source latency                                             0.000     0.000
top^clk_i.inpad[0] (.input)                                      0.000     0.000
top^FF_NODE~605.clk[0] (.latch)                                  1.338     1.338
top^FF_NODE~605.Q[0] (.latch) [clock-to-output]                  0.124     1.462
n3447.in[0] (.names)                                             1.338     2.800
n3447.out[0] (.names)                                            0.261     3.061
n3446.in[4] (.names)                                             1.338     4.398
n3446.out[0] (.names)                                            0.261     4.659
n3445.in[4] (.names)                                             1.338     5.997
n3445.out[0] (.names)                                            0.261     6.258
n3444_1.in[2] (.names)                                           1.338     7.596
n3444_1.out[0] (.names)                                          0.261     7.857
n3443.in[2] (.names)                                             1.338     9.195
n3443.out[0] (.names)                                            0.261     9.456
n3442.in[2] (.names)                                             1.338    10.793
n3442.out[0] (.names)                                            0.261    11.054
n3441.in[2] (.names)                                             1.338    12.392
n3441.out[0] (.names)                                            0.261    12.653
n3440.in[2] (.names)                                             1.338    13.991
n3440.out[0] (.names)                                            0.261    14.252
n3439_1.in[2] (.names)                                           1.338    15.590
n3439_1.out[0] (.names)                                          0.261    15.851
n3438.in[2] (.names)                                             1.338    17.188
n3438.out[0] (.names)                                            0.261    17.449
n3437.in[2] (.names)                                             1.338    18.787
n3437.out[0] (.names)                                            0.261    19.048
n3436.in[4] (.names)                                             1.338    20.386
n3436.out[0] (.names)                                            0.261    20.647
n3435.in[4] (.names)                                             1.338    21.985
n3435.out[0] (.names)                                            0.261    22.246
n3434_1.in[2] (.names)                                           1.338    23.584
n3434_1.out[0] (.names)                                          0.261    23.845
n3433.in[2] (.names)                                             1.338    25.182
n3433.out[0] (.names)                                            0.261    25.443
n3432.in[4] (.names)                                             1.338    26.781
n3432.out[0] (.names)                                            0.261    27.042
n3430.in[5] (.names)                                             1.338    28.380
n3430.out[0] (.names)                                            0.261    28.641
n3428.in[5] (.names)                                             1.338    29.979
n3428.out[0] (.names)                                            0.261    30.240
n3427.in[0] (.names)                                             1.338    31.577
n3427.out[0] (.names)                                            0.261    31.838
n3426.in[5] (.names)                                             1.338    33.176
n3426.out[0] (.names)                                            0.261    33.437
n549.in[5] (.names)                                              1.338    34.775
n549.out[0] (.names)                                             0.261    35.036
top^FF_NODE~647.D[0] (.latch)                                    1.338    36.374
data arrival time                                                         36.374

clock top^clk_i (rise edge)                                      0.000     0.000
clock source latency                                             0.000     0.000
top^clk_i.inpad[0] (.input)                                      0.000     0.000
top^FF_NODE~647.clk[0] (.latch)                                  1.338     1.338
clock uncertainty                                                0.000     1.338
cell setup time                                                 -0.066     1.272
data required time                                                         1.272
--------------------------------------------------------------------------------
data required time                                                         1.272
data arrival time                                                        -36.374
--------------------------------------------------------------------------------
slack (VIOLATED)                                                         -35.102


#Path 3
Startpoint: top^FF_NODE~605.Q[0] (.latch clocked by top^clk_i)
Endpoint  : top^FF_NODE~649.D[0] (.latch clocked by top^clk_i)
Path Type : setup

Point                                                             Incr      Path
--------------------------------------------------------------------------------
clock top^clk_i (rise edge)                                      0.000     0.000
clock source latency                                             0.000     0.000
top^clk_i.inpad[0] (.input)                                      0.000     0.000
top^FF_NODE~605.clk[0] (.latch)                                  1.338     1.338
top^FF_NODE~605.Q[0] (.latch) [clock-to-output]                  0.124     1.462
n3447.in[0] (.names)                                             1.338     2.800
n3447.out[0] (.names)                                            0.261     3.061
n3446.in[4] (.names)                                             1.338     4.398
n3446.out[0] (.names)                                            0.261     4.659
n3445.in[4] (.names)                                             1.338     5.997
n3445.out[0] (.names)                                            0.261     6.258
n3444_1.in[2] (.names)                                           1.338     7.596
n3444_1.out[0] (.names)                                          0.261     7.857
n3443.in[2] (.names)                                             1.338     9.195
n3443.out[0] (.names)                                            0.261     9.456
n3442.in[2] (.names)                                             1.338    10.793
n3442.out[0] (.names)                                            0.261    11.054
n3441.in[2] (.names)                                             1.338    12.392
n3441.out[0] (.names)                                            0.261    12.653
n3440.in[2] (.names)                                             1.338    13.991
n3440.out[0] (.names)                                            0.261    14.252
n3439_1.in[2] (.names)                                           1.338    15.590
n3439_1.out[0] (.names)                                          0.261    15.851
n3438.in[2] (.names)                                             1.338    17.188
n3438.out[0] (.names)                                            0.261    17.449
n3437.in[2] (.names)                                             1.338    18.787
n3437.out[0] (.names)                                            0.261    19.048
n3436.in[4] (.names)                                             1.338    20.386
n3436.out[0] (.names)                                            0.261    20.647
n3435.in[4] (.names)                                             1.338    21.985
n3435.out[0] (.names)                                            0.261    22.246
n3434_1.in[2] (.names)                                           1.338    23.584
n3434_1.out[0] (.names)                                          0.261    23.845
n3433.in[2] (.names)                                             1.338    25.182
n3433.out[0] (.names)                                            0.261    25.443
n3432.in[4] (.names)                                             1.338    26.781
n3432.out[0] (.names)                                            0.261    27.042
n3430.in[5] (.names)                                             1.338    28.380
n3430.out[0] (.names)                                            0.261    28.641
n3428.in[5] (.names)                                             1.338    29.979
n3428.out[0] (.names)                                            0.261    30.240
n3451.in[5] (.names)                                             1.338    31.577
n3451.out[0] (.names)                                            0.261    31.838
n3450.in[3] (.names)                                             1.338    33.176
n3450.out[0] (.names)                                            0.261    33.437
n559.in[5] (.names)                                              1.338    34.775
n559.out[0] (.names)                                             0.261    35.036
top^FF_NODE~649.D[0] (.latch)                                    1.338    36.374
data arrival time                                                         36.374

clock top^clk_i (rise edge)                                      0.000     0.000
clock source latency                                             0.000     0.000
top^clk_i.inpad[0] (.input)                                      0.000     0.000
top^FF_NODE~649.clk[0] (.latch)                                  1.338     1.338
clock uncertainty                                                0.000     1.338
cell setup time                                                 -0.066     1.272
data required time                                                         1.272
--------------------------------------------------------------------------------
data required time                                                         1.272
data arrival time                                                        -36.374
--------------------------------------------------------------------------------
slack (VIOLATED)                                                         -35.102


#Path 4
Startpoint: top^FF_NODE~605.Q[0] (.latch clocked by top^clk_i)
Endpoint  : top^FF_NODE~650.D[0] (.latch clocked by top^clk_i)
Path Type : setup

Point                                                             Incr      Path
--------------------------------------------------------------------------------
clock top^clk_i (rise edge)                                      0.000     0.000
clock source latency                                             0.000     0.000
top^clk_i.inpad[0] (.input)                                      0.000     0.000
top^FF_NODE~605.clk[0] (.latch)                                  1.338     1.338
top^FF_NODE~605.Q[0] (.latch) [clock-to-output]                  0.124     1.462
n3447.in[0] (.names)                                             1.338     2.800
n3447.out[0] (.names)                                            0.261     3.061
n3446.in[4] (.names)                                             1.338     4.398
n3446.out[0] (.names)                                            0.261     4.659
n3445.in[4] (.names)                                             1.338     5.997
n3445.out[0] (.names)                                            0.261     6.258
n3444_1.in[2] (.names)                                           1.338     7.596
n3444_1.out[0] (.names)                                          0.261     7.857
n3443.in[2] (.names)                                             1.338     9.195
n3443.out[0] (.names)                                            0.261     9.456
n3442.in[2] (.names)                                             1.338    10.793
n3442.out[0] (.names)                                            0.261    11.054
n3441.in[2] (.names)                                             1.338    12.392
n3441.out[0] (.names)                                            0.261    12.653
n3440.in[2] (.names)                                             1.338    13.991
n3440.out[0] (.names)                                            0.261    14.252
n3439_1.in[2] (.names)                                           1.338    15.590
n3439_1.out[0] (.names)                                          0.261    15.851
n3438.in[2] (.names)                                             1.338    17.188
n3438.out[0] (.names)                                            0.261    17.449
n3437.in[2] (.names)                                             1.338    18.787
n3437.out[0] (.names)                                            0.261    19.048
n3436.in[4] (.names)                                             1.338    20.386
n3436.out[0] (.names)                                            0.261    20.647
n3435.in[4] (.names)                                             1.338    21.985
n3435.out[0] (.names)                                            0.261    22.246
n3434_1.in[2] (.names)                                           1.338    23.584
n3434_1.out[0] (.names)                                          0.261    23.845
n3433.in[2] (.names)                                             1.338    25.182
n3433.out[0] (.names)                                            0.261    25.443
n3432.in[4] (.names)                                             1.338    26.781
n3432.out[0] (.names)                                            0.261    27.042
n3430.in[5] (.names)                                             1.338    28.380
n3430.out[0] (.names)                                            0.261    28.641
n3428.in[5] (.names)                                             1.338    29.979
n3428.out[0] (.names)                                            0.261    30.240
n3451.in[5] (.names)                                             1.338    31.577
n3451.out[0] (.names)                                            0.261    31.838
n3455.in[5] (.names)                                             1.338    33.176
n3455.out[0] (.names)                                            0.261    33.437
n569.in[2] (.names)                                              1.338    34.775
n569.out[0] (.names)                                             0.261    35.036
top^FF_NODE~650.D[0] (.latch)                                    1.338    36.374
data arrival time                                                         36.374

clock top^clk_i (rise edge)                                      0.000     0.000
clock source latency                                             0.000     0.000
top^clk_i.inpad[0] (.input)                                      0.000     0.000
top^FF_NODE~650.clk[0] (.latch)                                  1.338     1.338
clock uncertainty                                                0.000     1.338
cell setup time                                                 -0.066     1.272
data required time                                                         1.272
--------------------------------------------------------------------------------
data required time                                                         1.272
data arrival time                                                        -36.374
--------------------------------------------------------------------------------
slack (VIOLATED)                                                         -35.102


#Path 5
Startpoint: top^FF_NODE~637.Q[0] (.latch clocked by top^clk_i)
Endpoint  : top^FF_NODE~682.D[0] (.latch clocked by top^clk_i)
Path Type : setup

Point                                                             Incr      Path
--------------------------------------------------------------------------------
clock top^clk_i (rise edge)                                      0.000     0.000
clock source latency                                             0.000     0.000
top^clk_i.inpad[0] (.input)                                      0.000     0.000
top^FF_NODE~637.clk[0] (.latch)                                  1.338     1.338
top^FF_NODE~637.Q[0] (.latch) [clock-to-output]                  0.124     1.462
n3481.in[0] (.names)                                             1.338     2.800
n3481.out[0] (.names)                                            0.261     3.061
n3480.in[4] (.names)                                             1.338     4.398
n3480.out[0] (.names)                                            0.261     4.659
n3479_1.in[4] (.names)                                           1.338     5.997
n3479_1.out[0] (.names)                                          0.261     6.258
n3478.in[2] (.names)                                             1.338     7.596
n3478.out[0] (.names)                                            0.261     7.857
n3477.in[2] (.names)                                             1.338     9.195
n3477.out[0] (.names)                                            0.261     9.456
n3476.in[2] (.names)                                             1.338    10.793
n3476.out[0] (.names)                                            0.261    11.054
n3475.in[2] (.names)                                             1.338    12.392
n3475.out[0] (.names)                                            0.261    12.653
n3474_1.in[2] (.names)                                           1.338    13.991
n3474_1.out[0] (.names)                                          0.261    14.252
n3473.in[2] (.names)                                             1.338    15.590
n3473.out[0] (.names)                                            0.261    15.851
n3472.in[2] (.names)                                             1.338    17.188
n3472.out[0] (.names)                                            0.261    17.449
n3471.in[2] (.names)                                             1.338    18.787
n3471.out[0] (.names)                                            0.261    19.048
n3470.in[4] (.names)                                             1.338    20.386
n3470.out[0] (.names)                                            0.261    20.647
n3469_1.in[4] (.names)                                           1.338    21.985
n3469_1.out[0] (.names)                                          0.261    22.246
n3468.in[2] (.names)                                             1.338    23.584
n3468.out[0] (.names)                                            0.261    23.845
n3467.in[2] (.names)                                             1.338    25.182
n3467.out[0] (.names)                                            0.261    25.443
n3466.in[4] (.names)                                             1.338    26.781
n3466.out[0] (.names)                                            0.261    27.042
n3464_1.in[5] (.names)                                           1.338    28.380
n3464_1.out[0] (.names)                                          0.261    28.641
n3462.in[5] (.names)                                             1.338    29.979
n3462.out[0] (.names)                                            0.261    30.240
n3460.in[5] (.names)                                             1.338    31.577
n3460.out[0] (.names)                                            0.261    31.838
n3459_1.in[5] (.names)                                           1.338    33.176
n3459_1.out[0] (.names)                                          0.261    33.437
n579.in[5] (.names)                                              1.338    34.775
n579.out[0] (.names)                                             0.261    35.036
top^FF_NODE~682.D[0] (.latch)                                    1.338    36.374
data arrival time                                                         36.374

clock top^clk_i (rise edge)                                      0.000     0.000
clock source latency                                             0.000     0.000
top^clk_i.inpad[0] (.input)                                      0.000     0.000
top^FF_NODE~682.clk[0] (.latch)                                  1.338     1.338
clock uncertainty                                                0.000     1.338
cell setup time                                                 -0.066     1.272
data required time                                                         1.272
--------------------------------------------------------------------------------
data required time                                                         1.272
data arrival time                                                        -36.374
--------------------------------------------------------------------------------
slack (VIOLATED)                                                         -35.102


#Path 6
Startpoint: top^FF_NODE~637.Q[0] (.latch clocked by top^clk_i)
Endpoint  : top^FF_NODE~681.D[0] (.latch clocked by top^clk_i)
Path Type : setup

Point                                                             Incr      Path
--------------------------------------------------------------------------------
clock top^clk_i (rise edge)                                      0.000     0.000
clock source latency                                             0.000     0.000
top^clk_i.inpad[0] (.input)                                      0.000     0.000
top^FF_NODE~637.clk[0] (.latch)                                  1.338     1.338
top^FF_NODE~637.Q[0] (.latch) [clock-to-output]                  0.124     1.462
n3481.in[0] (.names)                                             1.338     2.800
n3481.out[0] (.names)                                            0.261     3.061
n3480.in[4] (.names)                                             1.338     4.398
n3480.out[0] (.names)                                            0.261     4.659
n3479_1.in[4] (.names)                                           1.338     5.997
n3479_1.out[0] (.names)                                          0.261     6.258
n3478.in[2] (.names)                                             1.338     7.596
n3478.out[0] (.names)                                            0.261     7.857
n3477.in[2] (.names)                                             1.338     9.195
n3477.out[0] (.names)                                            0.261     9.456
n3476.in[2] (.names)                                             1.338    10.793
n3476.out[0] (.names)                                            0.261    11.054
n3475.in[2] (.names)                                             1.338    12.392
n3475.out[0] (.names)                                            0.261    12.653
n3474_1.in[2] (.names)                                           1.338    13.991
n3474_1.out[0] (.names)                                          0.261    14.252
n3473.in[2] (.names)                                             1.338    15.590
n3473.out[0] (.names)                                            0.261    15.851
n3472.in[2] (.names)                                             1.338    17.188
n3472.out[0] (.names)                                            0.261    17.449
n3471.in[2] (.names)                                             1.338    18.787
n3471.out[0] (.names)                                            0.261    19.048
n3470.in[4] (.names)                                             1.338    20.386
n3470.out[0] (.names)                                            0.261    20.647
n3469_1.in[4] (.names)                                           1.338    21.985
n3469_1.out[0] (.names)                                          0.261    22.246
n3468.in[2] (.names)                                             1.338    23.584
n3468.out[0] (.names)                                            0.261    23.845
n3467.in[2] (.names)                                             1.338    25.182
n3467.out[0] (.names)                                            0.261    25.443
n3466.in[4] (.names)                                             1.338    26.781
n3466.out[0] (.names)                                            0.261    27.042
n3464_1.in[5] (.names)                                           1.338    28.380
n3464_1.out[0] (.names)                                          0.261    28.641
n3462.in[5] (.names)                                             1.338    29.979
n3462.out[0] (.names)                                            0.261    30.240
n3460.in[5] (.names)                                             1.338    31.577
n3460.out[0] (.names)                                            0.261    31.838
n3510.in[3] (.names)                                             1.338    33.176
n3510.out[0] (.names)                                            0.261    33.437
n599.in[5] (.names)                                              1.338    34.775
n599.out[0] (.names)                                             0.261    35.036
top^FF_NODE~681.D[0] (.latch)                                    1.338    36.374
data arrival time                                                         36.374

clock top^clk_i (rise edge)                                      0.000     0.000
clock source latency                                             0.000     0.000
top^clk_i.inpad[0] (.input)                                      0.000     0.000
top^FF_NODE~681.clk[0] (.latch)                                  1.338     1.338
clock uncertainty                                                0.000     1.338
cell setup time                                                 -0.066     1.272
data required time                                                         1.272
--------------------------------------------------------------------------------
data required time                                                         1.272
data arrival time                                                        -36.374
--------------------------------------------------------------------------------
slack (VIOLATED)                                                         -35.102


#Path 7
Startpoint: top^FF_NODE~637.Q[0] (.latch clocked by top^clk_i)
Endpoint  : top^FF_NODE~679.D[0] (.latch clocked by top^clk_i)
Path Type : setup

Point                                                             Incr      Path
--------------------------------------------------------------------------------
clock top^clk_i (rise edge)                                      0.000     0.000
clock source latency                                             0.000     0.000
top^clk_i.inpad[0] (.input)                                      0.000     0.000
top^FF_NODE~637.clk[0] (.latch)                                  1.338     1.338
top^FF_NODE~637.Q[0] (.latch) [clock-to-output]                  0.124     1.462
n3481.in[0] (.names)                                             1.338     2.800
n3481.out[0] (.names)                                            0.261     3.061
n3480.in[4] (.names)                                             1.338     4.398
n3480.out[0] (.names)                                            0.261     4.659
n3479_1.in[4] (.names)                                           1.338     5.997
n3479_1.out[0] (.names)                                          0.261     6.258
n3478.in[2] (.names)                                             1.338     7.596
n3478.out[0] (.names)                                            0.261     7.857
n3477.in[2] (.names)                                             1.338     9.195
n3477.out[0] (.names)                                            0.261     9.456
n3476.in[2] (.names)                                             1.338    10.793
n3476.out[0] (.names)                                            0.261    11.054
n3475.in[2] (.names)                                             1.338    12.392
n3475.out[0] (.names)                                            0.261    12.653
n3474_1.in[2] (.names)                                           1.338    13.991
n3474_1.out[0] (.names)                                          0.261    14.252
n3473.in[2] (.names)                                             1.338    15.590
n3473.out[0] (.names)                                            0.261    15.851
n3472.in[2] (.names)                                             1.338    17.188
n3472.out[0] (.names)                                            0.261    17.449
n3471.in[2] (.names)                                             1.338    18.787
n3471.out[0] (.names)                                            0.261    19.048
n3470.in[4] (.names)                                             1.338    20.386
n3470.out[0] (.names)                                            0.261    20.647
n3469_1.in[4] (.names)                                           1.338    21.985
n3469_1.out[0] (.names)                                          0.261    22.246
n3468.in[2] (.names)                                             1.338    23.584
n3468.out[0] (.names)                                            0.261    23.845
n3467.in[2] (.names)                                             1.338    25.182
n3467.out[0] (.names)                                            0.261    25.443
n3466.in[4] (.names)                                             1.338    26.781
n3466.out[0] (.names)                                            0.261    27.042
n3464_1.in[5] (.names)                                           1.338    28.380
n3464_1.out[0] (.names)                                          0.261    28.641
n3462.in[5] (.names)                                             1.338    29.979
n3462.out[0] (.names)                                            0.261    30.240
n3517.in[0] (.names)                                             1.338    31.577
n3517.out[0] (.names)                                            0.261    31.838
n3516.in[5] (.names)                                             1.338    33.176
n3516.out[0] (.names)                                            0.261    33.437
n619.in[5] (.names)                                              1.338    34.775
n619.out[0] (.names)                                             0.261    35.036
top^FF_NODE~679.D[0] (.latch)                                    1.338    36.374
data arrival time                                                         36.374

clock top^clk_i (rise edge)                                      0.000     0.000
clock source latency                                             0.000     0.000
top^clk_i.inpad[0] (.input)                                      0.000     0.000
top^FF_NODE~679.clk[0] (.latch)                                  1.338     1.338
clock uncertainty                                                0.000     1.338
cell setup time                                                 -0.066     1.272
data required time                                                         1.272
--------------------------------------------------------------------------------
data required time                                                         1.272
data arrival time                                                        -36.374
--------------------------------------------------------------------------------
slack (VIOLATED)                                                         -35.102


#Path 8
Startpoint: top^FF_NODE~669.Q[0] (.latch clocked by top^clk_i)
Endpoint  : top^FF_NODE~714.D[0] (.latch clocked by top^clk_i)
Path Type : setup

Point                                                             Incr      Path
--------------------------------------------------------------------------------
clock top^clk_i (rise edge)                                      0.000     0.000
clock source latency                                             0.000     0.000
top^clk_i.inpad[0] (.input)                                      0.000     0.000
top^FF_NODE~669.clk[0] (.latch)                                  1.338     1.338
top^FF_NODE~669.Q[0] (.latch) [clock-to-output]                  0.124     1.462
n3506.in[0] (.names)                                             1.338     2.800
n3506.out[0] (.names)                                            0.261     3.061
n3505.in[4] (.names)                                             1.338     4.398
n3505.out[0] (.names)                                            0.261     4.659
n3504_1.in[4] (.names)                                           1.338     5.997
n3504_1.out[0] (.names)                                          0.261     6.258
n3503.in[2] (.names)                                             1.338     7.596
n3503.out[0] (.names)                                            0.261     7.857
n3502.in[2] (.names)                                             1.338     9.195
n3502.out[0] (.names)                                            0.261     9.456
n3501.in[2] (.names)                                             1.338    10.793
n3501.out[0] (.names)                                            0.261    11.054
n3500.in[2] (.names)                                             1.338    12.392
n3500.out[0] (.names)                                            0.261    12.653
n3499_1.in[2] (.names)                                           1.338    13.991
n3499_1.out[0] (.names)                                          0.261    14.252
n3498.in[2] (.names)                                             1.338    15.590
n3498.out[0] (.names)                                            0.261    15.851
n3497.in[2] (.names)                                             1.338    17.188
n3497.out[0] (.names)                                            0.261    17.449
n3496.in[2] (.names)                                             1.338    18.787
n3496.out[0] (.names)                                            0.261    19.048
n3495.in[4] (.names)                                             1.338    20.386
n3495.out[0] (.names)                                            0.261    20.647
n3494_1.in[4] (.names)                                           1.338    21.985
n3494_1.out[0] (.names)                                          0.261    22.246
n3493.in[2] (.names)                                             1.338    23.584
n3493.out[0] (.names)                                            0.261    23.845
n3492.in[2] (.names)                                             1.338    25.182
n3492.out[0] (.names)                                            0.261    25.443
n3491.in[4] (.names)                                             1.338    26.781
n3491.out[0] (.names)                                            0.261    27.042
n3489_1.in[5] (.names)                                           1.338    28.380
n3489_1.out[0] (.names)                                          0.261    28.641
n3487.in[5] (.names)                                             1.338    29.979
n3487.out[0] (.names)                                            0.261    30.240
n3485.in[5] (.names)                                             1.338    31.577
n3485.out[0] (.names)                                            0.261    31.838
n3484_1.in[5] (.names)                                           1.338    33.176
n3484_1.out[0] (.names)                                          0.261    33.437
n589.in[2] (.names)                                              1.338    34.775
n589.out[0] (.names)                                             0.261    35.036
top^FF_NODE~714.D[0] (.latch)                                    1.338    36.374
data arrival time                                                         36.374

clock top^clk_i (rise edge)                                      0.000     0.000
clock source latency                                             0.000     0.000
top^clk_i.inpad[0] (.input)                                      0.000     0.000
top^FF_NODE~714.clk[0] (.latch)                                  1.338     1.338
clock uncertainty                                                0.000     1.338
cell setup time                                                 -0.066     1.272
data required time                                                         1.272
--------------------------------------------------------------------------------
data required time                                                         1.272
data arrival time                                                        -36.374
--------------------------------------------------------------------------------
slack (VIOLATED)                                                         -35.102


#Path 9
Startpoint: top^FF_NODE~669.Q[0] (.latch clocked by top^clk_i)
Endpoint  : top^FF_NODE~711.D[0] (.latch clocked by top^clk_i)
Path Type : setup

Point                                                             Incr      Path
--------------------------------------------------------------------------------
clock top^clk_i (rise edge)                                      0.000     0.000
clock source latency                                             0.000     0.000
top^clk_i.inpad[0] (.input)                                      0.000     0.000
top^FF_NODE~669.clk[0] (.latch)                                  1.338     1.338
top^FF_NODE~669.Q[0] (.latch) [clock-to-output]                  0.124     1.462
n3506.in[0] (.names)                                             1.338     2.800
n3506.out[0] (.names)                                            0.261     3.061
n3505.in[4] (.names)                                             1.338     4.398
n3505.out[0] (.names)                                            0.261     4.659
n3504_1.in[4] (.names)                                           1.338     5.997
n3504_1.out[0] (.names)                                          0.261     6.258
n3503.in[2] (.names)                                             1.338     7.596
n3503.out[0] (.names)                                            0.261     7.857
n3502.in[2] (.names)                                             1.338     9.195
n3502.out[0] (.names)                                            0.261     9.456
n3501.in[2] (.names)                                             1.338    10.793
n3501.out[0] (.names)                                            0.261    11.054
n3500.in[2] (.names)                                             1.338    12.392
n3500.out[0] (.names)                                            0.261    12.653
n3499_1.in[2] (.names)                                           1.338    13.991
n3499_1.out[0] (.names)                                          0.261    14.252
n3498.in[2] (.names)                                             1.338    15.590
n3498.out[0] (.names)                                            0.261    15.851
n3497.in[2] (.names)                                             1.338    17.188
n3497.out[0] (.names)                                            0.261    17.449
n3496.in[2] (.names)                                             1.338    18.787
n3496.out[0] (.names)                                            0.261    19.048
n3495.in[4] (.names)                                             1.338    20.386
n3495.out[0] (.names)                                            0.261    20.647
n3494_1.in[4] (.names)                                           1.338    21.985
n3494_1.out[0] (.names)                                          0.261    22.246
n3493.in[2] (.names)                                             1.338    23.584
n3493.out[0] (.names)                                            0.261    23.845
n3492.in[2] (.names)                                             1.338    25.182
n3492.out[0] (.names)                                            0.261    25.443
n3491.in[4] (.names)                                             1.338    26.781
n3491.out[0] (.names)                                            0.261    27.042
n3489_1.in[5] (.names)                                           1.338    28.380
n3489_1.out[0] (.names)                                          0.261    28.641
n3487.in[5] (.names)                                             1.338    29.979
n3487.out[0] (.names)                                            0.261    30.240
n3521.in[0] (.names)                                             1.338    31.577
n3521.out[0] (.names)                                            0.261    31.838
n3520.in[5] (.names)                                             1.338    33.176
n3520.out[0] (.names)                                            0.261    33.437
n629.in[5] (.names)                                              1.338    34.775
n629.out[0] (.names)                                             0.261    35.036
top^FF_NODE~711.D[0] (.latch)                                    1.338    36.374
data arrival time                                                         36.374

clock top^clk_i (rise edge)                                      0.000     0.000
clock source latency                                             0.000     0.000
top^clk_i.inpad[0] (.input)                                      0.000     0.000
top^FF_NODE~711.clk[0] (.latch)                                  1.338     1.338
clock uncertainty                                                0.000     1.338
cell setup time                                                 -0.066     1.272
data required time                                                         1.272
--------------------------------------------------------------------------------
data required time                                                         1.272
data arrival time                                                        -36.374
--------------------------------------------------------------------------------
slack (VIOLATED)                                                         -35.102


#Path 10
Startpoint: top^FF_NODE~561.Q[0] (.latch clocked by top^clk_i)
Endpoint  : top^FF_NODE~615.D[0] (.latch clocked by top^clk_i)
Path Type : setup

Point                                                             Incr      Path
--------------------------------------------------------------------------------
clock top^clk_i (rise edge)                                      0.000     0.000
clock source latency                                             0.000     0.000
top^clk_i.inpad[0] (.input)                                      0.000     0.000
top^FF_NODE~561.clk[0] (.latch)                                  1.338     1.338
top^FF_NODE~561.Q[0] (.latch) [clock-to-output]                  0.124     1.462
n3388.in[0] (.names)                                             1.338     2.800
n3388.out[0] (.names)                                            0.261     3.061
n3387.in[4] (.names)                                             1.338     4.398
n3387.out[0] (.names)                                            0.261     4.659
n3386.in[4] (.names)                                             1.338     5.997
n3386.out[0] (.names)                                            0.261     6.258
n3385.in[2] (.names)                                             1.338     7.596
n3385.out[0] (.names)                                            0.261     7.857
n3384_1.in[2] (.names)                                           1.338     9.195
n3384_1.out[0] (.names)                                          0.261     9.456
n3383.in[2] (.names)                                             1.338    10.793
n3383.out[0] (.names)                                            0.261    11.054
n3382.in[2] (.names)                                             1.338    12.392
n3382.out[0] (.names)                                            0.261    12.653
n3381.in[2] (.names)                                             1.338    13.991
n3381.out[0] (.names)                                            0.261    14.252
n3380.in[2] (.names)                                             1.338    15.590
n3380.out[0] (.names)                                            0.261    15.851
n3379_1.in[2] (.names)                                           1.338    17.188
n3379_1.out[0] (.names)                                          0.261    17.449
n3378.in[2] (.names)                                             1.338    18.787
n3378.out[0] (.names)                                            0.261    19.048
n3377.in[4] (.names)                                             1.338    20.386
n3377.out[0] (.names)                                            0.261    20.647
n3376.in[4] (.names)                                             1.338    21.985
n3376.out[0] (.names)                                            0.261    22.246
n3375.in[4] (.names)                                             1.338    23.584
n3375.out[0] (.names)                                            0.261    23.845
n3374_1.in[2] (.names)                                           1.338    25.182
n3374_1.out[0] (.names)                                          0.261    25.443
n3373.in[4] (.names)                                             1.338    26.781
n3373.out[0] (.names)                                            0.261    27.042
n3372.in[2] (.names)                                             1.338    28.380
n3372.out[0] (.names)                                            0.261    28.641
n3408.in[5] (.names)                                             1.338    29.979
n3408.out[0] (.names)                                            0.261    30.240
n3413.in[1] (.names)                                             1.338    31.577
n3413.out[0] (.names)                                            0.261    31.838
n3412.in[5] (.names)                                             1.338    33.176
n3412.out[0] (.names)                                            0.261    33.437
n519.in[2] (.names)                                              1.338    34.775
n519.out[0] (.names)                                             0.261    35.036
top^FF_NODE~615.D[0] (.latch)                                    1.338    36.374
data arrival time                                                         36.374

clock top^clk_i (rise edge)                                      0.000     0.000
clock source latency                                             0.000     0.000
top^clk_i.inpad[0] (.input)                                      0.000     0.000
top^FF_NODE~615.clk[0] (.latch)                                  1.338     1.338
clock uncertainty                                                0.000     1.338
cell setup time                                                 -0.066     1.272
data required time                                                         1.272
--------------------------------------------------------------------------------
data required time                                                         1.272
data arrival time                                                        -36.374
--------------------------------------------------------------------------------
slack (VIOLATED)                                                         -35.102


#Path 11
Startpoint: top^FF_NODE~561.Q[0] (.latch clocked by top^clk_i)
Endpoint  : top^FF_NODE~618.D[0] (.latch clocked by top^clk_i)
Path Type : setup

Point                                                             Incr      Path
--------------------------------------------------------------------------------
clock top^clk_i (rise edge)                                      0.000     0.000
clock source latency                                             0.000     0.000
top^clk_i.inpad[0] (.input)                                      0.000     0.000
top^FF_NODE~561.clk[0] (.latch)                                  1.338     1.338
top^FF_NODE~561.Q[0] (.latch) [clock-to-output]                  0.124     1.462
n3388.in[0] (.names)                                             1.338     2.800
n3388.out[0] (.names)                                            0.261     3.061
n3387.in[4] (.names)                                             1.338     4.398
n3387.out[0] (.names)                                            0.261     4.659
n3386.in[4] (.names)                                             1.338     5.997
n3386.out[0] (.names)                                            0.261     6.258
n3385.in[2] (.names)                                             1.338     7.596
n3385.out[0] (.names)                                            0.261     7.857
n3384_1.in[2] (.names)                                           1.338     9.195
n3384_1.out[0] (.names)                                          0.261     9.456
n3383.in[2] (.names)                                             1.338    10.793
n3383.out[0] (.names)                                            0.261    11.054
n3382.in[2] (.names)                                             1.338    12.392
n3382.out[0] (.names)                                            0.261    12.653
n3381.in[2] (.names)                                             1.338    13.991
n3381.out[0] (.names)                                            0.261    14.252
n3380.in[2] (.names)                                             1.338    15.590
n3380.out[0] (.names)                                            0.261    15.851
n3379_1.in[2] (.names)                                           1.338    17.188
n3379_1.out[0] (.names)                                          0.261    17.449
n3378.in[2] (.names)                                             1.338    18.787
n3378.out[0] (.names)                                            0.261    19.048
n3377.in[4] (.names)                                             1.338    20.386
n3377.out[0] (.names)                                            0.261    20.647
n3376.in[4] (.names)                                             1.338    21.985
n3376.out[0] (.names)                                            0.261    22.246
n3375.in[4] (.names)                                             1.338    23.584
n3375.out[0] (.names)                                            0.261    23.845
n3374_1.in[2] (.names)                                           1.338    25.182
n3374_1.out[0] (.names)                                          0.261    25.443
n3373.in[4] (.names)                                             1.338    26.781
n3373.out[0] (.names)                                            0.261    27.042
n3372.in[2] (.names)                                             1.338    28.380
n3372.out[0] (.names)                                            0.261    28.641
n3408.in[5] (.names)                                             1.338    29.979
n3408.out[0] (.names)                                            0.261    30.240
n3418.in[5] (.names)                                             1.338    31.577
n3418.out[0] (.names)                                            0.261    31.838
n3422.in[5] (.names)                                             1.338    33.176
n3422.out[0] (.names)                                            0.261    33.437
n539.in[2] (.names)                                              1.338    34.775
n539.out[0] (.names)                                             0.261    35.036
top^FF_NODE~618.D[0] (.latch)                                    1.338    36.374
data arrival time                                                         36.374

clock top^clk_i (rise edge)                                      0.000     0.000
clock source latency                                             0.000     0.000
top^clk_i.inpad[0] (.input)                                      0.000     0.000
top^FF_NODE~618.clk[0] (.latch)                                  1.338     1.338
clock uncertainty                                                0.000     1.338
cell setup time                                                 -0.066     1.272
data required time                                                         1.272
--------------------------------------------------------------------------------
data required time                                                         1.272
data arrival time                                                        -36.374
--------------------------------------------------------------------------------
slack (VIOLATED)                                                         -35.102


#Path 12
Startpoint: top^FF_NODE~1394.Q[0] (.latch clocked by top^clk_i)
Endpoint  : top^FF_NODE~583.D[0] (.latch clocked by top^clk_i)
Path Type : setup

Point                                                             Incr      Path
--------------------------------------------------------------------------------
clock top^clk_i (rise edge)                                      0.000     0.000
clock source latency                                             0.000     0.000
top^clk_i.inpad[0] (.input)                                      0.000     0.000
top^FF_NODE~1394.clk[0] (.latch)                                 1.338     1.338
top^FF_NODE~1394.Q[0] (.latch) [clock-to-output]                 0.124     1.462
n2913.in[0] (.names)                                             1.338     2.800
n2913.out[0] (.names)                                            0.261     3.061
n2912.in[5] (.names)                                             1.338     4.398
n2912.out[0] (.names)                                            0.261     4.659
n2949_1.in[3] (.names)                                           1.338     5.997
n2949_1.out[0] (.names)                                          0.261     6.258
n2999_1.in[1] (.names)                                           1.338     7.596
n2999_1.out[0] (.names)                                          0.261     7.857
n2998.in[4] (.names)                                             1.338     9.195
n2998.out[0] (.names)                                            0.261     9.456
n2994_1.in[5] (.names)                                           1.338    10.793
n2994_1.out[0] (.names)                                          0.261    11.054
n3051.in[5] (.names)                                             1.338    12.392
n3051.out[0] (.names)                                            0.261    12.653
n3047.in[5] (.names)                                             1.338    13.991
n3047.out[0] (.names)                                            0.261    14.252
n3108.in[5] (.names)                                             1.338    15.590
n3108.out[0] (.names)                                            0.261    15.851
n3104_1.in[5] (.names)                                           1.338    17.188
n3104_1.out[0] (.names)                                          0.261    17.449
n3173.in[5] (.names)                                             1.338    18.787
n3173.out[0] (.names)                                            0.261    19.048
n3169_1.in[5] (.names)                                           1.338    20.386
n3169_1.out[0] (.names)                                          0.261    20.647
n3234_1.in[5] (.names)                                           1.338    21.985
n3234_1.out[0] (.names)                                          0.261    22.246
n3240.in[3] (.names)                                             1.338    23.584
n3240.out[0] (.names)                                            0.261    23.845
n3239_1.in[1] (.names)                                           1.338    25.182
n3239_1.out[0] (.names)                                          0.261    25.443
n3251.in[1] (.names)                                             1.338    26.781
n3251.out[0] (.names)                                            0.261    27.042
n3261.in[0] (.names)                                             1.338    28.380
n3261.out[0] (.names)                                            0.261    28.641
n3260.in[1] (.names)                                             1.338    29.979
n3260.out[0] (.names)                                            0.261    30.240
n3270.in[2] (.names)                                             1.338    31.577
n3270.out[0] (.names)                                            0.261    31.838
n3346.in[3] (.names)                                             1.338    33.176
n3346.out[0] (.names)                                            0.261    33.437
n459.in[5] (.names)                                              1.338    34.775
n459.out[0] (.names)                                             0.261    35.036
top^FF_NODE~583.D[0] (.latch)                                    1.338    36.374
data arrival time                                                         36.374

clock top^clk_i (rise edge)                                      0.000     0.000
clock source latency                                             0.000     0.000
top^clk_i.inpad[0] (.input)                                      0.000     0.000
top^FF_NODE~583.clk[0] (.latch)                                  1.338     1.338
clock uncertainty                                                0.000     1.338
cell setup time                                                 -0.066     1.272
data required time                                                         1.272
--------------------------------------------------------------------------------
data required time                                                         1.272
data arrival time                                                        -36.374
--------------------------------------------------------------------------------
slack (VIOLATED)                                                         -35.102


#Path 13
Startpoint: top^FF_NODE~1394.Q[0] (.latch clocked by top^clk_i)
Endpoint  : top^FF_NODE~585.D[0] (.latch clocked by top^clk_i)
Path Type : setup

Point                                                             Incr      Path
--------------------------------------------------------------------------------
clock top^clk_i (rise edge)                                      0.000     0.000
clock source latency                                             0.000     0.000
top^clk_i.inpad[0] (.input)                                      0.000     0.000
top^FF_NODE~1394.clk[0] (.latch)                                 1.338     1.338
top^FF_NODE~1394.Q[0] (.latch) [clock-to-output]                 0.124     1.462
n2913.in[0] (.names)                                             1.338     2.800
n2913.out[0] (.names)                                            0.261     3.061
n2912.in[5] (.names)                                             1.338     4.398
n2912.out[0] (.names)                                            0.261     4.659
n2949_1.in[3] (.names)                                           1.338     5.997
n2949_1.out[0] (.names)                                          0.261     6.258
n2999_1.in[1] (.names)                                           1.338     7.596
n2999_1.out[0] (.names)                                          0.261     7.857
n2998.in[4] (.names)                                             1.338     9.195
n2998.out[0] (.names)                                            0.261     9.456
n2994_1.in[5] (.names)                                           1.338    10.793
n2994_1.out[0] (.names)                                          0.261    11.054
n3051.in[5] (.names)                                             1.338    12.392
n3051.out[0] (.names)                                            0.261    12.653
n3047.in[5] (.names)                                             1.338    13.991
n3047.out[0] (.names)                                            0.261    14.252
n3108.in[5] (.names)                                             1.338    15.590
n3108.out[0] (.names)                                            0.261    15.851
n3104_1.in[5] (.names)                                           1.338    17.188
n3104_1.out[0] (.names)                                          0.261    17.449
n3173.in[5] (.names)                                             1.338    18.787
n3173.out[0] (.names)                                            0.261    19.048
n3169_1.in[5] (.names)                                           1.338    20.386
n3169_1.out[0] (.names)                                          0.261    20.647
n3234_1.in[5] (.names)                                           1.338    21.985
n3234_1.out[0] (.names)                                          0.261    22.246
n3240.in[3] (.names)                                             1.338    23.584
n3240.out[0] (.names)                                            0.261    23.845
n3239_1.in[1] (.names)                                           1.338    25.182
n3239_1.out[0] (.names)                                          0.261    25.443
n3251.in[1] (.names)                                             1.338    26.781
n3251.out[0] (.names)                                            0.261    27.042
n3261.in[0] (.names)                                             1.338    28.380
n3261.out[0] (.names)                                            0.261    28.641
n3260.in[1] (.names)                                             1.338    29.979
n3260.out[0] (.names)                                            0.261    30.240
n3270.in[2] (.names)                                             1.338    31.577
n3270.out[0] (.names)                                            0.261    31.838
n3269_1.in[1] (.names)                                           1.338    33.176
n3269_1.out[0] (.names)                                          0.261    33.437
n364.in[4] (.names)                                              1.338    34.775
n364.out[0] (.names)                                             0.261    35.036
top^FF_NODE~585.D[0] (.latch)                                    1.338    36.374
data arrival time                                                         36.374

clock top^clk_i (rise edge)                                      0.000     0.000
clock source latency                                             0.000     0.000
top^clk_i.inpad[0] (.input)                                      0.000     0.000
top^FF_NODE~585.clk[0] (.latch)                                  1.338     1.338
clock uncertainty                                                0.000     1.338
cell setup time                                                 -0.066     1.272
data required time                                                         1.272
--------------------------------------------------------------------------------
data required time                                                         1.272
data arrival time                                                        -36.374
--------------------------------------------------------------------------------
slack (VIOLATED)                                                         -35.102


#Path 14
Startpoint: top^FF_NODE~1394.Q[0] (.latch clocked by top^clk_i)
Endpoint  : top^FF_NODE~586.D[0] (.latch clocked by top^clk_i)
Path Type : setup

Point                                                             Incr      Path
--------------------------------------------------------------------------------
clock top^clk_i (rise edge)                                      0.000     0.000
clock source latency                                             0.000     0.000
top^clk_i.inpad[0] (.input)                                      0.000     0.000
top^FF_NODE~1394.clk[0] (.latch)                                 1.338     1.338
top^FF_NODE~1394.Q[0] (.latch) [clock-to-output]                 0.124     1.462
n2913.in[0] (.names)                                             1.338     2.800
n2913.out[0] (.names)                                            0.261     3.061
n2912.in[5] (.names)                                             1.338     4.398
n2912.out[0] (.names)                                            0.261     4.659
n2949_1.in[3] (.names)                                           1.338     5.997
n2949_1.out[0] (.names)                                          0.261     6.258
n2999_1.in[1] (.names)                                           1.338     7.596
n2999_1.out[0] (.names)                                          0.261     7.857
n2998.in[4] (.names)                                             1.338     9.195
n2998.out[0] (.names)                                            0.261     9.456
n2994_1.in[5] (.names)                                           1.338    10.793
n2994_1.out[0] (.names)                                          0.261    11.054
n3051.in[5] (.names)                                             1.338    12.392
n3051.out[0] (.names)                                            0.261    12.653
n3047.in[5] (.names)                                             1.338    13.991
n3047.out[0] (.names)                                            0.261    14.252
n3108.in[5] (.names)                                             1.338    15.590
n3108.out[0] (.names)                                            0.261    15.851
n3104_1.in[5] (.names)                                           1.338    17.188
n3104_1.out[0] (.names)                                          0.261    17.449
n3173.in[5] (.names)                                             1.338    18.787
n3173.out[0] (.names)                                            0.261    19.048
n3169_1.in[5] (.names)                                           1.338    20.386
n3169_1.out[0] (.names)                                          0.261    20.647
n3234_1.in[5] (.names)                                           1.338    21.985
n3234_1.out[0] (.names)                                          0.261    22.246
n3231.in[4] (.names)                                             1.338    23.584
n3231.out[0] (.names)                                            0.261    23.845
n3229_1.in[2] (.names)                                           1.338    25.182
n3229_1.out[0] (.names)                                          0.261    25.443
n3227.in[2] (.names)                                             1.338    26.781
n3227.out[0] (.names)                                            0.261    27.042
n3224_1.in[3] (.names)                                           1.338    28.380
n3224_1.out[0] (.names)                                          0.261    28.641
n3223.in[1] (.names)                                             1.338    29.979
n3223.out[0] (.names)                                            0.261    30.240
n3222.in[1] (.names)                                             1.338    31.577
n3222.out[0] (.names)                                            0.261    31.838
n3330.in[2] (.names)                                             1.338    33.176
n3330.out[0] (.names)                                            0.261    33.437
n429.in[4] (.names)                                              1.338    34.775
n429.out[0] (.names)                                             0.261    35.036
top^FF_NODE~586.D[0] (.latch)                                    1.338    36.374
data arrival time                                                         36.374

clock top^clk_i (rise edge)                                      0.000     0.000
clock source latency                                             0.000     0.000
top^clk_i.inpad[0] (.input)                                      0.000     0.000
top^FF_NODE~586.clk[0] (.latch)                                  1.338     1.338
clock uncertainty                                                0.000     1.338
cell setup time                                                 -0.066     1.272
data required time                                                         1.272
--------------------------------------------------------------------------------
data required time                                                         1.272
data arrival time                                                        -36.374
--------------------------------------------------------------------------------
slack (VIOLATED)                                                         -35.102


#Path 15
Startpoint: top^FF_NODE~1394.Q[0] (.latch clocked by top^clk_i)
Endpoint  : top^FF_NODE~582.D[0] (.latch clocked by top^clk_i)
Path Type : setup

Point                                                             Incr      Path
--------------------------------------------------------------------------------
clock top^clk_i (rise edge)                                      0.000     0.000
clock source latency                                             0.000     0.000
top^clk_i.inpad[0] (.input)                                      0.000     0.000
top^FF_NODE~1394.clk[0] (.latch)                                 1.338     1.338
top^FF_NODE~1394.Q[0] (.latch) [clock-to-output]                 0.124     1.462
n2913.in[0] (.names)                                             1.338     2.800
n2913.out[0] (.names)                                            0.261     3.061
n2912.in[5] (.names)                                             1.338     4.398
n2912.out[0] (.names)                                            0.261     4.659
n2949_1.in[3] (.names)                                           1.338     5.997
n2949_1.out[0] (.names)                                          0.261     6.258
n2999_1.in[1] (.names)                                           1.338     7.596
n2999_1.out[0] (.names)                                          0.261     7.857
n2998.in[4] (.names)                                             1.338     9.195
n2998.out[0] (.names)                                            0.261     9.456
n2994_1.in[5] (.names)                                           1.338    10.793
n2994_1.out[0] (.names)                                          0.261    11.054
n3051.in[5] (.names)                                             1.338    12.392
n3051.out[0] (.names)                                            0.261    12.653
n3047.in[5] (.names)                                             1.338    13.991
n3047.out[0] (.names)                                            0.261    14.252
n3108.in[5] (.names)                                             1.338    15.590
n3108.out[0] (.names)                                            0.261    15.851
n3104_1.in[5] (.names)                                           1.338    17.188
n3104_1.out[0] (.names)                                          0.261    17.449
n3173.in[5] (.names)                                             1.338    18.787
n3173.out[0] (.names)                                            0.261    19.048
n3178.in[4] (.names)                                             1.338    20.386
n3178.out[0] (.names)                                            0.261    20.647
n3179_1.in[1] (.names)                                           1.338    21.985
n3179_1.out[0] (.names)                                          0.261    22.246
n3190.in[0] (.names)                                             1.338    23.584
n3190.out[0] (.names)                                            0.261    23.845
n3189_1.in[1] (.names)                                           1.338    25.182
n3189_1.out[0] (.names)                                          0.261    25.443
n3262.in[1] (.names)                                             1.338    26.781
n3262.out[0] (.names)                                            0.261    27.042
n3263.in[3] (.names)                                             1.338    28.380
n3263.out[0] (.names)                                            0.261    28.641
n3302.in[0] (.names)                                             1.338    29.979
n3302.out[0] (.names)                                            0.261    30.240
n3301.in[1] (.names)                                             1.338    31.577
n3301.out[0] (.names)                                            0.261    31.838
n3300.in[4] (.names)                                             1.338    33.176
n3300.out[0] (.names)                                            0.261    33.437
n394.in[1] (.names)                                              1.338    34.775
n394.out[0] (.names)                                             0.261    35.036
top^FF_NODE~582.D[0] (.latch)                                    1.338    36.374
data arrival time                                                         36.374

clock top^clk_i (rise edge)                                      0.000     0.000
clock source latency                                             0.000     0.000
top^clk_i.inpad[0] (.input)                                      0.000     0.000
top^FF_NODE~582.clk[0] (.latch)                                  1.338     1.338
clock uncertainty                                                0.000     1.338
cell setup time                                                 -0.066     1.272
data required time                                                         1.272
--------------------------------------------------------------------------------
data required time                                                         1.272
data arrival time                                                        -36.374
--------------------------------------------------------------------------------
slack (VIOLATED)                                                         -35.102


#Path 16
Startpoint: top^FF_NODE~605.Q[0] (.latch clocked by top^clk_i)
Endpoint  : top^FF_NODE~644.D[0] (.latch clocked by top^clk_i)
Path Type : setup

Point                                                             Incr      Path
--------------------------------------------------------------------------------
clock top^clk_i (rise edge)                                      0.000     0.000
clock source latency                                             0.000     0.000
top^clk_i.inpad[0] (.input)                                      0.000     0.000
top^FF_NODE~605.clk[0] (.latch)                                  1.338     1.338
top^FF_NODE~605.Q[0] (.latch) [clock-to-output]                  0.124     1.462
n3447.in[0] (.names)                                             1.338     2.800
n3447.out[0] (.names)                                            0.261     3.061
n3446.in[4] (.names)                                             1.338     4.398
n3446.out[0] (.names)                                            0.261     4.659
n3445.in[4] (.names)                                             1.338     5.997
n3445.out[0] (.names)                                            0.261     6.258
n3444_1.in[2] (.names)                                           1.338     7.596
n3444_1.out[0] (.names)                                          0.261     7.857
n3443.in[2] (.names)                                             1.338     9.195
n3443.out[0] (.names)                                            0.261     9.456
n3442.in[2] (.names)                                             1.338    10.793
n3442.out[0] (.names)                                            0.261    11.054
n3441.in[2] (.names)                                             1.338    12.392
n3441.out[0] (.names)                                            0.261    12.653
n3440.in[2] (.names)                                             1.338    13.991
n3440.out[0] (.names)                                            0.261    14.252
n3439_1.in[2] (.names)                                           1.338    15.590
n3439_1.out[0] (.names)                                          0.261    15.851
n3438.in[2] (.names)                                             1.338    17.188
n3438.out[0] (.names)                                            0.261    17.449
n3437.in[2] (.names)                                             1.338    18.787
n3437.out[0] (.names)                                            0.261    19.048
n3436.in[4] (.names)                                             1.338    20.386
n3436.out[0] (.names)                                            0.261    20.647
n3435.in[4] (.names)                                             1.338    21.985
n3435.out[0] (.names)                                            0.261    22.246
n3434_1.in[2] (.names)                                           1.338    23.584
n3434_1.out[0] (.names)                                          0.261    23.845
n3433.in[2] (.names)                                             1.338    25.182
n3433.out[0] (.names)                                            0.261    25.443
n3432.in[4] (.names)                                             1.338    26.781
n3432.out[0] (.names)                                            0.261    27.042
n3430.in[5] (.names)                                             1.338    28.380
n3430.out[0] (.names)                                            0.261    28.641
n3534_1.in[2] (.names)                                           1.338    29.979
n3534_1.out[0] (.names)                                          0.261    30.240
n3546.in[3] (.names)                                             1.338    31.577
n3546.out[0] (.names)                                            0.261    31.838
n699.in[5] (.names)                                              1.338    33.176
n699.out[0] (.names)                                             0.261    33.437
top^FF_NODE~644.D[0] (.latch)                                    1.338    34.775
data arrival time                                                         34.775

clock top^clk_i (rise edge)                                      0.000     0.000
clock source latency                                             0.000     0.000
top^clk_i.inpad[0] (.input)                                      0.000     0.000
top^FF_NODE~644.clk[0] (.latch)                                  1.338     1.338
clock uncertainty                                                0.000     1.338
cell setup time                                                 -0.066     1.272
data required time                                                         1.272
--------------------------------------------------------------------------------
data required time                                                         1.272
data arrival time                                                        -34.775
--------------------------------------------------------------------------------
slack (VIOLATED)                                                         -33.503


#Path 17
Startpoint: top^FF_NODE~605.Q[0] (.latch clocked by top^clk_i)
Endpoint  : top^FF_NODE~646.D[0] (.latch clocked by top^clk_i)
Path Type : setup

Point                                                             Incr      Path
--------------------------------------------------------------------------------
clock top^clk_i (rise edge)                                      0.000     0.000
clock source latency                                             0.000     0.000
top^clk_i.inpad[0] (.input)                                      0.000     0.000
top^FF_NODE~605.clk[0] (.latch)                                  1.338     1.338
top^FF_NODE~605.Q[0] (.latch) [clock-to-output]                  0.124     1.462
n3447.in[0] (.names)                                             1.338     2.800
n3447.out[0] (.names)                                            0.261     3.061
n3446.in[4] (.names)                                             1.338     4.398
n3446.out[0] (.names)                                            0.261     4.659
n3445.in[4] (.names)                                             1.338     5.997
n3445.out[0] (.names)                                            0.261     6.258
n3444_1.in[2] (.names)                                           1.338     7.596
n3444_1.out[0] (.names)                                          0.261     7.857
n3443.in[2] (.names)                                             1.338     9.195
n3443.out[0] (.names)                                            0.261     9.456
n3442.in[2] (.names)                                             1.338    10.793
n3442.out[0] (.names)                                            0.261    11.054
n3441.in[2] (.names)                                             1.338    12.392
n3441.out[0] (.names)                                            0.261    12.653
n3440.in[2] (.names)                                             1.338    13.991
n3440.out[0] (.names)                                            0.261    14.252
n3439_1.in[2] (.names)                                           1.338    15.590
n3439_1.out[0] (.names)                                          0.261    15.851
n3438.in[2] (.names)                                             1.338    17.188
n3438.out[0] (.names)                                            0.261    17.449
n3437.in[2] (.names)                                             1.338    18.787
n3437.out[0] (.names)                                            0.261    19.048
n3436.in[4] (.names)                                             1.338    20.386
n3436.out[0] (.names)                                            0.261    20.647
n3435.in[4] (.names)                                             1.338    21.985
n3435.out[0] (.names)                                            0.261    22.246
n3434_1.in[2] (.names)                                           1.338    23.584
n3434_1.out[0] (.names)                                          0.261    23.845
n3433.in[2] (.names)                                             1.338    25.182
n3433.out[0] (.names)                                            0.261    25.443
n3432.in[4] (.names)                                             1.338    26.781
n3432.out[0] (.names)                                            0.261    27.042
n3430.in[5] (.names)                                             1.338    28.380
n3430.out[0] (.names)                                            0.261    28.641
n3428.in[5] (.names)                                             1.338    29.979
n3428.out[0] (.names)                                            0.261    30.240
n3427.in[0] (.names)                                             1.338    31.577
n3427.out[0] (.names)                                            0.261    31.838
n639.in[4] (.names)                                              1.338    33.176
n639.out[0] (.names)                                             0.261    33.437
top^FF_NODE~646.D[0] (.latch)                                    1.338    34.775
data arrival time                                                         34.775

clock top^clk_i (rise edge)                                      0.000     0.000
clock source latency                                             0.000     0.000
top^clk_i.inpad[0] (.input)                                      0.000     0.000
top^FF_NODE~646.clk[0] (.latch)                                  1.338     1.338
clock uncertainty                                                0.000     1.338
cell setup time                                                 -0.066     1.272
data required time                                                         1.272
--------------------------------------------------------------------------------
data required time                                                         1.272
data arrival time                                                        -34.775
--------------------------------------------------------------------------------
slack (VIOLATED)                                                         -33.503


#Path 18
Startpoint: top^FF_NODE~605.Q[0] (.latch clocked by top^clk_i)
Endpoint  : top^FF_NODE~645.D[0] (.latch clocked by top^clk_i)
Path Type : setup

Point                                                             Incr      Path
--------------------------------------------------------------------------------
clock top^clk_i (rise edge)                                      0.000     0.000
clock source latency                                             0.000     0.000
top^clk_i.inpad[0] (.input)                                      0.000     0.000
top^FF_NODE~605.clk[0] (.latch)                                  1.338     1.338
top^FF_NODE~605.Q[0] (.latch) [clock-to-output]                  0.124     1.462
n3447.in[0] (.names)                                             1.338     2.800
n3447.out[0] (.names)                                            0.261     3.061
n3446.in[4] (.names)                                             1.338     4.398
n3446.out[0] (.names)                                            0.261     4.659
n3445.in[4] (.names)                                             1.338     5.997
n3445.out[0] (.names)                                            0.261     6.258
n3444_1.in[2] (.names)                                           1.338     7.596
n3444_1.out[0] (.names)                                          0.261     7.857
n3443.in[2] (.names)                                             1.338     9.195
n3443.out[0] (.names)                                            0.261     9.456
n3442.in[2] (.names)                                             1.338    10.793
n3442.out[0] (.names)                                            0.261    11.054
n3441.in[2] (.names)                                             1.338    12.392
n3441.out[0] (.names)                                            0.261    12.653
n3440.in[2] (.names)                                             1.338    13.991
n3440.out[0] (.names)                                            0.261    14.252
n3439_1.in[2] (.names)                                           1.338    15.590
n3439_1.out[0] (.names)                                          0.261    15.851
n3438.in[2] (.names)                                             1.338    17.188
n3438.out[0] (.names)                                            0.261    17.449
n3437.in[2] (.names)                                             1.338    18.787
n3437.out[0] (.names)                                            0.261    19.048
n3436.in[4] (.names)                                             1.338    20.386
n3436.out[0] (.names)                                            0.261    20.647
n3435.in[4] (.names)                                             1.338    21.985
n3435.out[0] (.names)                                            0.261    22.246
n3434_1.in[2] (.names)                                           1.338    23.584
n3434_1.out[0] (.names)                                          0.261    23.845
n3433.in[2] (.names)                                             1.338    25.182
n3433.out[0] (.names)                                            0.261    25.443
n3432.in[4] (.names)                                             1.338    26.781
n3432.out[0] (.names)                                            0.261    27.042
n3430.in[5] (.names)                                             1.338    28.380
n3430.out[0] (.names)                                            0.261    28.641
n3534_1.in[2] (.names)                                           1.338    29.979
n3534_1.out[0] (.names)                                          0.261    30.240
n3533.in[5] (.names)                                             1.338    31.577
n3533.out[0] (.names)                                            0.261    31.838
n669.in[2] (.names)                                              1.338    33.176
n669.out[0] (.names)                                             0.261    33.437
top^FF_NODE~645.D[0] (.latch)                                    1.338    34.775
data arrival time                                                         34.775

clock top^clk_i (rise edge)                                      0.000     0.000
clock source latency                                             0.000     0.000
top^clk_i.inpad[0] (.input)                                      0.000     0.000
top^FF_NODE~645.clk[0] (.latch)                                  1.338     1.338
clock uncertainty                                                0.000     1.338
cell setup time                                                 -0.066     1.272
data required time                                                         1.272
--------------------------------------------------------------------------------
data required time                                                         1.272
data arrival time                                                        -34.775
--------------------------------------------------------------------------------
slack (VIOLATED)                                                         -33.503


#Path 19
Startpoint: top^FF_NODE~637.Q[0] (.latch clocked by top^clk_i)
Endpoint  : top^FF_NODE~678.D[0] (.latch clocked by top^clk_i)
Path Type : setup

Point                                                             Incr      Path
--------------------------------------------------------------------------------
clock top^clk_i (rise edge)                                      0.000     0.000
clock source latency                                             0.000     0.000
top^clk_i.inpad[0] (.input)                                      0.000     0.000
top^FF_NODE~637.clk[0] (.latch)                                  1.338     1.338
top^FF_NODE~637.Q[0] (.latch) [clock-to-output]                  0.124     1.462
n3481.in[0] (.names)                                             1.338     2.800
n3481.out[0] (.names)                                            0.261     3.061
n3480.in[4] (.names)                                             1.338     4.398
n3480.out[0] (.names)                                            0.261     4.659
n3479_1.in[4] (.names)                                           1.338     5.997
n3479_1.out[0] (.names)                                          0.261     6.258
n3478.in[2] (.names)                                             1.338     7.596
n3478.out[0] (.names)                                            0.261     7.857
n3477.in[2] (.names)                                             1.338     9.195
n3477.out[0] (.names)                                            0.261     9.456
n3476.in[2] (.names)                                             1.338    10.793
n3476.out[0] (.names)                                            0.261    11.054
n3475.in[2] (.names)                                             1.338    12.392
n3475.out[0] (.names)                                            0.261    12.653
n3474_1.in[2] (.names)                                           1.338    13.991
n3474_1.out[0] (.names)                                          0.261    14.252
n3473.in[2] (.names)                                             1.338    15.590
n3473.out[0] (.names)                                            0.261    15.851
n3472.in[2] (.names)                                             1.338    17.188
n3472.out[0] (.names)                                            0.261    17.449
n3471.in[2] (.names)                                             1.338    18.787
n3471.out[0] (.names)                                            0.261    19.048
n3470.in[4] (.names)                                             1.338    20.386
n3470.out[0] (.names)                                            0.261    20.647
n3469_1.in[4] (.names)                                           1.338    21.985
n3469_1.out[0] (.names)                                          0.261    22.246
n3468.in[2] (.names)                                             1.338    23.584
n3468.out[0] (.names)                                            0.261    23.845
n3467.in[2] (.names)                                             1.338    25.182
n3467.out[0] (.names)                                            0.261    25.443
n3466.in[4] (.names)                                             1.338    26.781
n3466.out[0] (.names)                                            0.261    27.042
n3464_1.in[5] (.names)                                           1.338    28.380
n3464_1.out[0] (.names)                                          0.261    28.641
n3462.in[5] (.names)                                             1.338    29.979
n3462.out[0] (.names)                                            0.261    30.240
n3517.in[0] (.names)                                             1.338    31.577
n3517.out[0] (.names)                                            0.261    31.838
n649.in[4] (.names)                                              1.338    33.176
n649.out[0] (.names)                                             0.261    33.437
top^FF_NODE~678.D[0] (.latch)                                    1.338    34.775
data arrival time                                                         34.775

clock top^clk_i (rise edge)                                      0.000     0.000
clock source latency                                             0.000     0.000
top^clk_i.inpad[0] (.input)                                      0.000     0.000
top^FF_NODE~678.clk[0] (.latch)                                  1.338     1.338
clock uncertainty                                                0.000     1.338
cell setup time                                                 -0.066     1.272
data required time                                                         1.272
--------------------------------------------------------------------------------
data required time                                                         1.272
data arrival time                                                        -34.775
--------------------------------------------------------------------------------
slack (VIOLATED)                                                         -33.503


#Path 20
Startpoint: top^FF_NODE~637.Q[0] (.latch clocked by top^clk_i)
Endpoint  : top^FF_NODE~677.D[0] (.latch clocked by top^clk_i)
Path Type : setup

Point                                                             Incr      Path
--------------------------------------------------------------------------------
clock top^clk_i (rise edge)                                      0.000     0.000
clock source latency                                             0.000     0.000
top^clk_i.inpad[0] (.input)                                      0.000     0.000
top^FF_NODE~637.clk[0] (.latch)                                  1.338     1.338
top^FF_NODE~637.Q[0] (.latch) [clock-to-output]                  0.124     1.462
n3481.in[0] (.names)                                             1.338     2.800
n3481.out[0] (.names)                                            0.261     3.061
n3480.in[4] (.names)                                             1.338     4.398
n3480.out[0] (.names)                                            0.261     4.659
n3479_1.in[4] (.names)                                           1.338     5.997
n3479_1.out[0] (.names)                                          0.261     6.258
n3478.in[2] (.names)                                             1.338     7.596
n3478.out[0] (.names)                                            0.261     7.857
n3477.in[2] (.names)                                             1.338     9.195
n3477.out[0] (.names)                                            0.261     9.456
n3476.in[2] (.names)                                             1.338    10.793
n3476.out[0] (.names)                                            0.261    11.054
n3475.in[2] (.names)                                             1.338    12.392
n3475.out[0] (.names)                                            0.261    12.653
n3474_1.in[2] (.names)                                           1.338    13.991
n3474_1.out[0] (.names)                                          0.261    14.252
n3473.in[2] (.names)                                             1.338    15.590
n3473.out[0] (.names)                                            0.261    15.851
n3472.in[2] (.names)                                             1.338    17.188
n3472.out[0] (.names)                                            0.261    17.449
n3471.in[2] (.names)                                             1.338    18.787
n3471.out[0] (.names)                                            0.261    19.048
n3470.in[4] (.names)                                             1.338    20.386
n3470.out[0] (.names)                                            0.261    20.647
n3469_1.in[4] (.names)                                           1.338    21.985
n3469_1.out[0] (.names)                                          0.261    22.246
n3468.in[2] (.names)                                             1.338    23.584
n3468.out[0] (.names)                                            0.261    23.845
n3467.in[2] (.names)                                             1.338    25.182
n3467.out[0] (.names)                                            0.261    25.443
n3466.in[4] (.names)                                             1.338    26.781
n3466.out[0] (.names)                                            0.261    27.042
n3464_1.in[5] (.names)                                           1.338    28.380
n3464_1.out[0] (.names)                                          0.261    28.641
n3539_1.in[2] (.names)                                           1.338    29.979
n3539_1.out[0] (.names)                                          0.261    30.240
n3538.in[5] (.names)                                             1.338    31.577
n3538.out[0] (.names)                                            0.261    31.838
n679.in[5] (.names)                                              1.338    33.176
n679.out[0] (.names)                                             0.261    33.437
top^FF_NODE~677.D[0] (.latch)                                    1.338    34.775
data arrival time                                                         34.775

clock top^clk_i (rise edge)                                      0.000     0.000
clock source latency                                             0.000     0.000
top^clk_i.inpad[0] (.input)                                      0.000     0.000
top^FF_NODE~677.clk[0] (.latch)                                  1.338     1.338
clock uncertainty                                                0.000     1.338
cell setup time                                                 -0.066     1.272
data required time                                                         1.272
--------------------------------------------------------------------------------
data required time                                                         1.272
data arrival time                                                        -34.775
--------------------------------------------------------------------------------
slack (VIOLATED)                                                         -33.503


#Path 21
Startpoint: top^FF_NODE~637.Q[0] (.latch clocked by top^clk_i)
Endpoint  : top^FF_NODE~676.D[0] (.latch clocked by top^clk_i)
Path Type : setup

Point                                                             Incr      Path
--------------------------------------------------------------------------------
clock top^clk_i (rise edge)                                      0.000     0.000
clock source latency                                             0.000     0.000
top^clk_i.inpad[0] (.input)                                      0.000     0.000
top^FF_NODE~637.clk[0] (.latch)                                  1.338     1.338
top^FF_NODE~637.Q[0] (.latch) [clock-to-output]                  0.124     1.462
n3481.in[0] (.names)                                             1.338     2.800
n3481.out[0] (.names)                                            0.261     3.061
n3480.in[4] (.names)                                             1.338     4.398
n3480.out[0] (.names)                                            0.261     4.659
n3479_1.in[4] (.names)                                           1.338     5.997
n3479_1.out[0] (.names)                                          0.261     6.258
n3478.in[2] (.names)                                             1.338     7.596
n3478.out[0] (.names)                                            0.261     7.857
n3477.in[2] (.names)                                             1.338     9.195
n3477.out[0] (.names)                                            0.261     9.456
n3476.in[2] (.names)                                             1.338    10.793
n3476.out[0] (.names)                                            0.261    11.054
n3475.in[2] (.names)                                             1.338    12.392
n3475.out[0] (.names)                                            0.261    12.653
n3474_1.in[2] (.names)                                           1.338    13.991
n3474_1.out[0] (.names)                                          0.261    14.252
n3473.in[2] (.names)                                             1.338    15.590
n3473.out[0] (.names)                                            0.261    15.851
n3472.in[2] (.names)                                             1.338    17.188
n3472.out[0] (.names)                                            0.261    17.449
n3471.in[2] (.names)                                             1.338    18.787
n3471.out[0] (.names)                                            0.261    19.048
n3470.in[4] (.names)                                             1.338    20.386
n3470.out[0] (.names)                                            0.261    20.647
n3469_1.in[4] (.names)                                           1.338    21.985
n3469_1.out[0] (.names)                                          0.261    22.246
n3468.in[2] (.names)                                             1.338    23.584
n3468.out[0] (.names)                                            0.261    23.845
n3467.in[2] (.names)                                             1.338    25.182
n3467.out[0] (.names)                                            0.261    25.443
n3466.in[4] (.names)                                             1.338    26.781
n3466.out[0] (.names)                                            0.261    27.042
n3464_1.in[5] (.names)                                           1.338    28.380
n3464_1.out[0] (.names)                                          0.261    28.641
n3539_1.in[2] (.names)                                           1.338    29.979
n3539_1.out[0] (.names)                                          0.261    30.240
n3549_1.in[3] (.names)                                           1.338    31.577
n3549_1.out[0] (.names)                                          0.261    31.838
n709.in[5] (.names)                                              1.338    33.176
n709.out[0] (.names)                                             0.261    33.437
top^FF_NODE~676.D[0] (.latch)                                    1.338    34.775
data arrival time                                                         34.775

clock top^clk_i (rise edge)                                      0.000     0.000
clock source latency                                             0.000     0.000
top^clk_i.inpad[0] (.input)                                      0.000     0.000
top^FF_NODE~676.clk[0] (.latch)                                  1.338     1.338
clock uncertainty                                                0.000     1.338
cell setup time                                                 -0.066     1.272
data required time                                                         1.272
--------------------------------------------------------------------------------
data required time                                                         1.272
data arrival time                                                        -34.775
--------------------------------------------------------------------------------
slack (VIOLATED)                                                         -33.503


#Path 22
Startpoint: top^FF_NODE~669.Q[0] (.latch clocked by top^clk_i)
Endpoint  : top^FF_NODE~713.D[0] (.latch clocked by top^clk_i)
Path Type : setup

Point                                                             Incr      Path
--------------------------------------------------------------------------------
clock top^clk_i (rise edge)                                      0.000     0.000
clock source latency                                             0.000     0.000
top^clk_i.inpad[0] (.input)                                      0.000     0.000
top^FF_NODE~669.clk[0] (.latch)                                  1.338     1.338
top^FF_NODE~669.Q[0] (.latch) [clock-to-output]                  0.124     1.462
n3506.in[0] (.names)                                             1.338     2.800
n3506.out[0] (.names)                                            0.261     3.061
n3505.in[4] (.names)                                             1.338     4.398
n3505.out[0] (.names)                                            0.261     4.659
n3504_1.in[4] (.names)                                           1.338     5.997
n3504_1.out[0] (.names)                                          0.261     6.258
n3503.in[2] (.names)                                             1.338     7.596
n3503.out[0] (.names)                                            0.261     7.857
n3502.in[2] (.names)                                             1.338     9.195
n3502.out[0] (.names)                                            0.261     9.456
n3501.in[2] (.names)                                             1.338    10.793
n3501.out[0] (.names)                                            0.261    11.054
n3500.in[2] (.names)                                             1.338    12.392
n3500.out[0] (.names)                                            0.261    12.653
n3499_1.in[2] (.names)                                           1.338    13.991
n3499_1.out[0] (.names)                                          0.261    14.252
n3498.in[2] (.names)                                             1.338    15.590
n3498.out[0] (.names)                                            0.261    15.851
n3497.in[2] (.names)                                             1.338    17.188
n3497.out[0] (.names)                                            0.261    17.449
n3496.in[2] (.names)                                             1.338    18.787
n3496.out[0] (.names)                                            0.261    19.048
n3495.in[4] (.names)                                             1.338    20.386
n3495.out[0] (.names)                                            0.261    20.647
n3494_1.in[4] (.names)                                           1.338    21.985
n3494_1.out[0] (.names)                                          0.261    22.246
n3493.in[2] (.names)                                             1.338    23.584
n3493.out[0] (.names)                                            0.261    23.845
n3492.in[2] (.names)                                             1.338    25.182
n3492.out[0] (.names)                                            0.261    25.443
n3491.in[4] (.names)                                             1.338    26.781
n3491.out[0] (.names)                                            0.261    27.042
n3489_1.in[5] (.names)                                           1.338    28.380
n3489_1.out[0] (.names)                                          0.261    28.641
n3487.in[5] (.names)                                             1.338    29.979
n3487.out[0] (.names)                                            0.261    30.240
n3485.in[5] (.names)                                             1.338    31.577
n3485.out[0] (.names)                                            0.261    31.838
n609.in[4] (.names)                                              1.338    33.176
n609.out[0] (.names)                                             0.261    33.437
top^FF_NODE~713.D[0] (.latch)                                    1.338    34.775
data arrival time                                                         34.775

clock top^clk_i (rise edge)                                      0.000     0.000
clock source latency                                             0.000     0.000
top^clk_i.inpad[0] (.input)                                      0.000     0.000
top^FF_NODE~713.clk[0] (.latch)                                  1.338     1.338
clock uncertainty                                                0.000     1.338
cell setup time                                                 -0.066     1.272
data required time                                                         1.272
--------------------------------------------------------------------------------
data required time                                                         1.272
data arrival time                                                        -34.775
--------------------------------------------------------------------------------
slack (VIOLATED)                                                         -33.503


#Path 23
Startpoint: top^FF_NODE~669.Q[0] (.latch clocked by top^clk_i)
Endpoint  : top^FF_NODE~710.D[0] (.latch clocked by top^clk_i)
Path Type : setup

Point                                                             Incr      Path
--------------------------------------------------------------------------------
clock top^clk_i (rise edge)                                      0.000     0.000
clock source latency                                             0.000     0.000
top^clk_i.inpad[0] (.input)                                      0.000     0.000
top^FF_NODE~669.clk[0] (.latch)                                  1.338     1.338
top^FF_NODE~669.Q[0] (.latch) [clock-to-output]                  0.124     1.462
n3506.in[0] (.names)                                             1.338     2.800
n3506.out[0] (.names)                                            0.261     3.061
n3505.in[4] (.names)                                             1.338     4.398
n3505.out[0] (.names)                                            0.261     4.659
n3504_1.in[4] (.names)                                           1.338     5.997
n3504_1.out[0] (.names)                                          0.261     6.258
n3503.in[2] (.names)                                             1.338     7.596
n3503.out[0] (.names)                                            0.261     7.857
n3502.in[2] (.names)                                             1.338     9.195
n3502.out[0] (.names)                                            0.261     9.456
n3501.in[2] (.names)                                             1.338    10.793
n3501.out[0] (.names)                                            0.261    11.054
n3500.in[2] (.names)                                             1.338    12.392
n3500.out[0] (.names)                                            0.261    12.653
n3499_1.in[2] (.names)                                           1.338    13.991
n3499_1.out[0] (.names)                                          0.261    14.252
n3498.in[2] (.names)                                             1.338    15.590
n3498.out[0] (.names)                                            0.261    15.851
n3497.in[2] (.names)                                             1.338    17.188
n3497.out[0] (.names)                                            0.261    17.449
n3496.in[2] (.names)                                             1.338    18.787
n3496.out[0] (.names)                                            0.261    19.048
n3495.in[4] (.names)                                             1.338    20.386
n3495.out[0] (.names)                                            0.261    20.647
n3494_1.in[4] (.names)                                           1.338    21.985
n3494_1.out[0] (.names)                                          0.261    22.246
n3493.in[2] (.names)                                             1.338    23.584
n3493.out[0] (.names)                                            0.261    23.845
n3492.in[2] (.names)                                             1.338    25.182
n3492.out[0] (.names)                                            0.261    25.443
n3491.in[4] (.names)                                             1.338    26.781
n3491.out[0] (.names)                                            0.261    27.042
n3489_1.in[5] (.names)                                           1.338    28.380
n3489_1.out[0] (.names)                                          0.261    28.641
n3487.in[5] (.names)                                             1.338    29.979
n3487.out[0] (.names)                                            0.261    30.240
n3530.in[3] (.names)                                             1.338    31.577
n3530.out[0] (.names)                                            0.261    31.838
n659.in[5] (.names)                                              1.338    33.176
n659.out[0] (.names)                                             0.261    33.437
top^FF_NODE~710.D[0] (.latch)                                    1.338    34.775
data arrival time                                                         34.775

clock top^clk_i (rise edge)                                      0.000     0.000
clock source latency                                             0.000     0.000
top^clk_i.inpad[0] (.input)                                      0.000     0.000
top^FF_NODE~710.clk[0] (.latch)                                  1.338     1.338
clock uncertainty                                                0.000     1.338
cell setup time                                                 -0.066     1.272
data required time                                                         1.272
--------------------------------------------------------------------------------
data required time                                                         1.272
data arrival time                                                        -34.775
--------------------------------------------------------------------------------
slack (VIOLATED)                                                         -33.503


#Path 24
Startpoint: top^FF_NODE~669.Q[0] (.latch clocked by top^clk_i)
Endpoint  : top^FF_NODE~708.D[0] (.latch clocked by top^clk_i)
Path Type : setup

Point                                                             Incr      Path
--------------------------------------------------------------------------------
clock top^clk_i (rise edge)                                      0.000     0.000
clock source latency                                             0.000     0.000
top^clk_i.inpad[0] (.input)                                      0.000     0.000
top^FF_NODE~669.clk[0] (.latch)                                  1.338     1.338
top^FF_NODE~669.Q[0] (.latch) [clock-to-output]                  0.124     1.462
n3506.in[0] (.names)                                             1.338     2.800
n3506.out[0] (.names)                                            0.261     3.061
n3505.in[4] (.names)                                             1.338     4.398
n3505.out[0] (.names)                                            0.261     4.659
n3504_1.in[4] (.names)                                           1.338     5.997
n3504_1.out[0] (.names)                                          0.261     6.258
n3503.in[2] (.names)                                             1.338     7.596
n3503.out[0] (.names)                                            0.261     7.857
n3502.in[2] (.names)                                             1.338     9.195
n3502.out[0] (.names)                                            0.261     9.456
n3501.in[2] (.names)                                             1.338    10.793
n3501.out[0] (.names)                                            0.261    11.054
n3500.in[2] (.names)                                             1.338    12.392
n3500.out[0] (.names)                                            0.261    12.653
n3499_1.in[2] (.names)                                           1.338    13.991
n3499_1.out[0] (.names)                                          0.261    14.252
n3498.in[2] (.names)                                             1.338    15.590
n3498.out[0] (.names)                                            0.261    15.851
n3497.in[2] (.names)                                             1.338    17.188
n3497.out[0] (.names)                                            0.261    17.449
n3496.in[2] (.names)                                             1.338    18.787
n3496.out[0] (.names)                                            0.261    19.048
n3495.in[4] (.names)                                             1.338    20.386
n3495.out[0] (.names)                                            0.261    20.647
n3494_1.in[4] (.names)                                           1.338    21.985
n3494_1.out[0] (.names)                                          0.261    22.246
n3493.in[2] (.names)                                             1.338    23.584
n3493.out[0] (.names)                                            0.261    23.845
n3492.in[2] (.names)                                             1.338    25.182
n3492.out[0] (.names)                                            0.261    25.443
n3491.in[4] (.names)                                             1.338    26.781
n3491.out[0] (.names)                                            0.261    27.042
n3489_1.in[5] (.names)                                           1.338    28.380
n3489_1.out[0] (.names)                                          0.261    28.641
n3543.in[2] (.names)                                             1.338    29.979
n3543.out[0] (.names)                                            0.261    30.240
n3552.in[3] (.names)                                             1.338    31.577
n3552.out[0] (.names)                                            0.261    31.838
n719.in[5] (.names)                                              1.338    33.176
n719.out[0] (.names)                                             0.261    33.437
top^FF_NODE~708.D[0] (.latch)                                    1.338    34.775
data arrival time                                                         34.775

clock top^clk_i (rise edge)                                      0.000     0.000
clock source latency                                             0.000     0.000
top^clk_i.inpad[0] (.input)                                      0.000     0.000
top^FF_NODE~708.clk[0] (.latch)                                  1.338     1.338
clock uncertainty                                                0.000     1.338
cell setup time                                                 -0.066     1.272
data required time                                                         1.272
--------------------------------------------------------------------------------
data required time                                                         1.272
data arrival time                                                        -34.775
--------------------------------------------------------------------------------
slack (VIOLATED)                                                         -33.503


#Path 25
Startpoint: top^FF_NODE~561.Q[0] (.latch clocked by top^clk_i)
Endpoint  : top^FF_NODE~613.D[0] (.latch clocked by top^clk_i)
Path Type : setup

Point                                                             Incr      Path
--------------------------------------------------------------------------------
clock top^clk_i (rise edge)                                      0.000     0.000
clock source latency                                             0.000     0.000
top^clk_i.inpad[0] (.input)                                      0.000     0.000
top^FF_NODE~561.clk[0] (.latch)                                  1.338     1.338
top^FF_NODE~561.Q[0] (.latch) [clock-to-output]                  0.124     1.462
n3388.in[0] (.names)                                             1.338     2.800
n3388.out[0] (.names)                                            0.261     3.061
n3387.in[4] (.names)                                             1.338     4.398
n3387.out[0] (.names)                                            0.261     4.659
n3386.in[4] (.names)                                             1.338     5.997
n3386.out[0] (.names)                                            0.261     6.258
n3385.in[2] (.names)                                             1.338     7.596
n3385.out[0] (.names)                                            0.261     7.857
n3384_1.in[2] (.names)                                           1.338     9.195
n3384_1.out[0] (.names)                                          0.261     9.456
n3383.in[2] (.names)                                             1.338    10.793
n3383.out[0] (.names)                                            0.261    11.054
n3382.in[2] (.names)                                             1.338    12.392
n3382.out[0] (.names)                                            0.261    12.653
n3381.in[2] (.names)                                             1.338    13.991
n3381.out[0] (.names)                                            0.261    14.252
n3380.in[2] (.names)                                             1.338    15.590
n3380.out[0] (.names)                                            0.261    15.851
n3379_1.in[2] (.names)                                           1.338    17.188
n3379_1.out[0] (.names)                                          0.261    17.449
n3378.in[2] (.names)                                             1.338    18.787
n3378.out[0] (.names)                                            0.261    19.048
n3377.in[4] (.names)                                             1.338    20.386
n3377.out[0] (.names)                                            0.261    20.647
n3376.in[4] (.names)                                             1.338    21.985
n3376.out[0] (.names)                                            0.261    22.246
n3375.in[4] (.names)                                             1.338    23.584
n3375.out[0] (.names)                                            0.261    23.845
n3374_1.in[2] (.names)                                           1.338    25.182
n3374_1.out[0] (.names)                                          0.261    25.443
n3373.in[4] (.names)                                             1.338    26.781
n3373.out[0] (.names)                                            0.261    27.042
n3372.in[2] (.names)                                             1.338    28.380
n3372.out[0] (.names)                                            0.261    28.641
n3371.in[2] (.names)                                             1.338    29.979
n3371.out[0] (.names)                                            0.261    30.240
n3370.in[2] (.names)                                             1.338    31.577
n3370.out[0] (.names)                                            0.261    31.838
n499.in[4] (.names)                                              1.338    33.176
n499.out[0] (.names)                                             0.261    33.437
top^FF_NODE~613.D[0] (.latch)                                    1.338    34.775
data arrival time                                                         34.775

clock top^clk_i (rise edge)                                      0.000     0.000
clock source latency                                             0.000     0.000
top^clk_i.inpad[0] (.input)                                      0.000     0.000
top^FF_NODE~613.clk[0] (.latch)                                  1.338     1.338
clock uncertainty                                                0.000     1.338
cell setup time                                                 -0.066     1.272
data required time                                                         1.272
--------------------------------------------------------------------------------
data required time                                                         1.272
data arrival time                                                        -34.775
--------------------------------------------------------------------------------
slack (VIOLATED)                                                         -33.503


#Path 26
Startpoint: top^FF_NODE~561.Q[0] (.latch clocked by top^clk_i)
Endpoint  : top^FF_NODE~614.D[0] (.latch clocked by top^clk_i)
Path Type : setup

Point                                                             Incr      Path
--------------------------------------------------------------------------------
clock top^clk_i (rise edge)                                      0.000     0.000
clock source latency                                             0.000     0.000
top^clk_i.inpad[0] (.input)                                      0.000     0.000
top^FF_NODE~561.clk[0] (.latch)                                  1.338     1.338
top^FF_NODE~561.Q[0] (.latch) [clock-to-output]                  0.124     1.462
n3388.in[0] (.names)                                             1.338     2.800
n3388.out[0] (.names)                                            0.261     3.061
n3387.in[4] (.names)                                             1.338     4.398
n3387.out[0] (.names)                                            0.261     4.659
n3386.in[4] (.names)                                             1.338     5.997
n3386.out[0] (.names)                                            0.261     6.258
n3385.in[2] (.names)                                             1.338     7.596
n3385.out[0] (.names)                                            0.261     7.857
n3384_1.in[2] (.names)                                           1.338     9.195
n3384_1.out[0] (.names)                                          0.261     9.456
n3383.in[2] (.names)                                             1.338    10.793
n3383.out[0] (.names)                                            0.261    11.054
n3382.in[2] (.names)                                             1.338    12.392
n3382.out[0] (.names)                                            0.261    12.653
n3381.in[2] (.names)                                             1.338    13.991
n3381.out[0] (.names)                                            0.261    14.252
n3380.in[2] (.names)                                             1.338    15.590
n3380.out[0] (.names)                                            0.261    15.851
n3379_1.in[2] (.names)                                           1.338    17.188
n3379_1.out[0] (.names)                                          0.261    17.449
n3378.in[2] (.names)                                             1.338    18.787
n3378.out[0] (.names)                                            0.261    19.048
n3377.in[4] (.names)                                             1.338    20.386
n3377.out[0] (.names)                                            0.261    20.647
n3376.in[4] (.names)                                             1.338    21.985
n3376.out[0] (.names)                                            0.261    22.246
n3375.in[4] (.names)                                             1.338    23.584
n3375.out[0] (.names)                                            0.261    23.845
n3374_1.in[2] (.names)                                           1.338    25.182
n3374_1.out[0] (.names)                                          0.261    25.443
n3373.in[4] (.names)                                             1.338    26.781
n3373.out[0] (.names)                                            0.261    27.042
n3372.in[2] (.names)                                             1.338    28.380
n3372.out[0] (.names)                                            0.261    28.641
n3408.in[5] (.names)                                             1.338    29.979
n3408.out[0] (.names)                                            0.261    30.240
n3407.in[3] (.names)                                             1.338    31.577
n3407.out[0] (.names)                                            0.261    31.838
n509.in[5] (.names)                                              1.338    33.176
n509.out[0] (.names)                                             0.261    33.437
top^FF_NODE~614.D[0] (.latch)                                    1.338    34.775
data arrival time                                                         34.775

clock top^clk_i (rise edge)                                      0.000     0.000
clock source latency                                             0.000     0.000
top^clk_i.inpad[0] (.input)                                      0.000     0.000
top^FF_NODE~614.clk[0] (.latch)                                  1.338     1.338
clock uncertainty                                                0.000     1.338
cell setup time                                                 -0.066     1.272
data required time                                                         1.272
--------------------------------------------------------------------------------
data required time                                                         1.272
data arrival time                                                        -34.775
--------------------------------------------------------------------------------
slack (VIOLATED)                                                         -33.503


#Path 27
Startpoint: top^FF_NODE~561.Q[0] (.latch clocked by top^clk_i)
Endpoint  : top^FF_NODE~617.D[0] (.latch clocked by top^clk_i)
Path Type : setup

Point                                                             Incr      Path
--------------------------------------------------------------------------------
clock top^clk_i (rise edge)                                      0.000     0.000
clock source latency                                             0.000     0.000
top^clk_i.inpad[0] (.input)                                      0.000     0.000
top^FF_NODE~561.clk[0] (.latch)                                  1.338     1.338
top^FF_NODE~561.Q[0] (.latch) [clock-to-output]                  0.124     1.462
n3388.in[0] (.names)                                             1.338     2.800
n3388.out[0] (.names)                                            0.261     3.061
n3387.in[4] (.names)                                             1.338     4.398
n3387.out[0] (.names)                                            0.261     4.659
n3386.in[4] (.names)                                             1.338     5.997
n3386.out[0] (.names)                                            0.261     6.258
n3385.in[2] (.names)                                             1.338     7.596
n3385.out[0] (.names)                                            0.261     7.857
n3384_1.in[2] (.names)                                           1.338     9.195
n3384_1.out[0] (.names)                                          0.261     9.456
n3383.in[2] (.names)                                             1.338    10.793
n3383.out[0] (.names)                                            0.261    11.054
n3382.in[2] (.names)                                             1.338    12.392
n3382.out[0] (.names)                                            0.261    12.653
n3381.in[2] (.names)                                             1.338    13.991
n3381.out[0] (.names)                                            0.261    14.252
n3380.in[2] (.names)                                             1.338    15.590
n3380.out[0] (.names)                                            0.261    15.851
n3379_1.in[2] (.names)                                           1.338    17.188
n3379_1.out[0] (.names)                                          0.261    17.449
n3378.in[2] (.names)                                             1.338    18.787
n3378.out[0] (.names)                                            0.261    19.048
n3377.in[4] (.names)                                             1.338    20.386
n3377.out[0] (.names)                                            0.261    20.647
n3376.in[4] (.names)                                             1.338    21.985
n3376.out[0] (.names)                                            0.261    22.246
n3375.in[4] (.names)                                             1.338    23.584
n3375.out[0] (.names)                                            0.261    23.845
n3374_1.in[2] (.names)                                           1.338    25.182
n3374_1.out[0] (.names)                                          0.261    25.443
n3373.in[4] (.names)                                             1.338    26.781
n3373.out[0] (.names)                                            0.261    27.042
n3372.in[2] (.names)                                             1.338    28.380
n3372.out[0] (.names)                                            0.261    28.641
n3408.in[5] (.names)                                             1.338    29.979
n3408.out[0] (.names)                                            0.261    30.240
n3418.in[5] (.names)                                             1.338    31.577
n3418.out[0] (.names)                                            0.261    31.838
n529.in[4] (.names)                                              1.338    33.176
n529.out[0] (.names)                                             0.261    33.437
top^FF_NODE~617.D[0] (.latch)                                    1.338    34.775
data arrival time                                                         34.775

clock top^clk_i (rise edge)                                      0.000     0.000
clock source latency                                             0.000     0.000
top^clk_i.inpad[0] (.input)                                      0.000     0.000
top^FF_NODE~617.clk[0] (.latch)                                  1.338     1.338
clock uncertainty                                                0.000     1.338
cell setup time                                                 -0.066     1.272
data required time                                                         1.272
--------------------------------------------------------------------------------
data required time                                                         1.272
data arrival time                                                        -34.775
--------------------------------------------------------------------------------
slack (VIOLATED)                                                         -33.503


#Path 28
Startpoint: top^FF_NODE~669.Q[0] (.latch clocked by top^clk_i)
Endpoint  : top^FF_NODE~709.D[0] (.latch clocked by top^clk_i)
Path Type : setup

Point                                                             Incr      Path
--------------------------------------------------------------------------------
clock top^clk_i (rise edge)                                      0.000     0.000
clock source latency                                             0.000     0.000
top^clk_i.inpad[0] (.input)                                      0.000     0.000
top^FF_NODE~669.clk[0] (.latch)                                  1.338     1.338
top^FF_NODE~669.Q[0] (.latch) [clock-to-output]                  0.124     1.462
n3506.in[0] (.names)                                             1.338     2.800
n3506.out[0] (.names)                                            0.261     3.061
n3505.in[4] (.names)                                             1.338     4.398
n3505.out[0] (.names)                                            0.261     4.659
n3504_1.in[4] (.names)                                           1.338     5.997
n3504_1.out[0] (.names)                                          0.261     6.258
n3503.in[2] (.names)                                             1.338     7.596
n3503.out[0] (.names)                                            0.261     7.857
n3502.in[2] (.names)                                             1.338     9.195
n3502.out[0] (.names)                                            0.261     9.456
n3501.in[2] (.names)                                             1.338    10.793
n3501.out[0] (.names)                                            0.261    11.054
n3500.in[2] (.names)                                             1.338    12.392
n3500.out[0] (.names)                                            0.261    12.653
n3499_1.in[2] (.names)                                           1.338    13.991
n3499_1.out[0] (.names)                                          0.261    14.252
n3498.in[2] (.names)                                             1.338    15.590
n3498.out[0] (.names)                                            0.261    15.851
n3497.in[2] (.names)                                             1.338    17.188
n3497.out[0] (.names)                                            0.261    17.449
n3496.in[2] (.names)                                             1.338    18.787
n3496.out[0] (.names)                                            0.261    19.048
n3495.in[4] (.names)                                             1.338    20.386
n3495.out[0] (.names)                                            0.261    20.647
n3494_1.in[4] (.names)                                           1.338    21.985
n3494_1.out[0] (.names)                                          0.261    22.246
n3493.in[2] (.names)                                             1.338    23.584
n3493.out[0] (.names)                                            0.261    23.845
n3492.in[2] (.names)                                             1.338    25.182
n3492.out[0] (.names)                                            0.261    25.443
n3491.in[4] (.names)                                             1.338    26.781
n3491.out[0] (.names)                                            0.261    27.042
n3489_1.in[5] (.names)                                           1.338    28.380
n3489_1.out[0] (.names)                                          0.261    28.641
n3543.in[2] (.names)                                             1.338    29.979
n3543.out[0] (.names)                                            0.261    30.240
n3542.in[5] (.names)                                             1.338    31.577
n3542.out[0] (.names)                                            0.261    31.838
n689.in[5] (.names)                                              1.338    33.176
n689.out[0] (.names)                                             0.261    33.437
top^FF_NODE~709.D[0] (.latch)                                    1.338    34.775
data arrival time                                                         34.775

clock top^clk_i (rise edge)                                      0.000     0.000
clock source latency                                             0.000     0.000
top^clk_i.inpad[0] (.input)                                      0.000     0.000
top^FF_NODE~709.clk[0] (.latch)                                  1.338     1.338
clock uncertainty                                                0.000     1.338
cell setup time                                                 -0.066     1.272
data required time                                                         1.272
--------------------------------------------------------------------------------
data required time                                                         1.272
data arrival time                                                        -34.775
--------------------------------------------------------------------------------
slack (VIOLATED)                                                         -33.503


#Path 29
Startpoint: top^FF_NODE~1394.Q[0] (.latch clocked by top^clk_i)
Endpoint  : top^FF_NODE~579.D[0] (.latch clocked by top^clk_i)
Path Type : setup

Point                                                             Incr      Path
--------------------------------------------------------------------------------
clock top^clk_i (rise edge)                                      0.000     0.000
clock source latency                                             0.000     0.000
top^clk_i.inpad[0] (.input)                                      0.000     0.000
top^FF_NODE~1394.clk[0] (.latch)                                 1.338     1.338
top^FF_NODE~1394.Q[0] (.latch) [clock-to-output]                 0.124     1.462
n2913.in[0] (.names)                                             1.338     2.800
n2913.out[0] (.names)                                            0.261     3.061
n2912.in[5] (.names)                                             1.338     4.398
n2912.out[0] (.names)                                            0.261     4.659
n2949_1.in[3] (.names)                                           1.338     5.997
n2949_1.out[0] (.names)                                          0.261     6.258
n2999_1.in[1] (.names)                                           1.338     7.596
n2999_1.out[0] (.names)                                          0.261     7.857
n2998.in[4] (.names)                                             1.338     9.195
n2998.out[0] (.names)                                            0.261     9.456
n2994_1.in[5] (.names)                                           1.338    10.793
n2994_1.out[0] (.names)                                          0.261    11.054
n3051.in[5] (.names)                                             1.338    12.392
n3051.out[0] (.names)                                            0.261    12.653
n3047.in[5] (.names)                                             1.338    13.991
n3047.out[0] (.names)                                            0.261    14.252
n3108.in[5] (.names)                                             1.338    15.590
n3108.out[0] (.names)                                            0.261    15.851
n3104_1.in[5] (.names)                                           1.338    17.188
n3104_1.out[0] (.names)                                          0.261    17.449
n3173.in[5] (.names)                                             1.338    18.787
n3173.out[0] (.names)                                            0.261    19.048
n3178.in[4] (.names)                                             1.338    20.386
n3178.out[0] (.names)                                            0.261    20.647
n3179_1.in[1] (.names)                                           1.338    21.985
n3179_1.out[0] (.names)                                          0.261    22.246
n3192.in[1] (.names)                                             1.338    23.584
n3192.out[0] (.names)                                            0.261    23.845
n3204_1.in[0] (.names)                                           1.338    25.182
n3204_1.out[0] (.names)                                          0.261    25.443
n3203.in[1] (.names)                                             1.338    26.781
n3203.out[0] (.names)                                            0.261    27.042
n3212.in[2] (.names)                                             1.338    28.380
n3212.out[0] (.names)                                            0.261    28.641
n3211.in[1] (.names)                                             1.338    29.979
n3211.out[0] (.names)                                            0.261    30.240
n3159_1.in[4] (.names)                                           1.338    31.577
n3159_1.out[0] (.names)                                          0.261    31.838
n359.in[1] (.names)                                              1.338    33.176
n359.out[0] (.names)                                             0.261    33.437
top^FF_NODE~579.D[0] (.latch)                                    1.338    34.775
data arrival time                                                         34.775

clock top^clk_i (rise edge)                                      0.000     0.000
clock source latency                                             0.000     0.000
top^clk_i.inpad[0] (.input)                                      0.000     0.000
top^FF_NODE~579.clk[0] (.latch)                                  1.338     1.338
clock uncertainty                                                0.000     1.338
cell setup time                                                 -0.066     1.272
data required time                                                         1.272
--------------------------------------------------------------------------------
data required time                                                         1.272
data arrival time                                                        -34.775
--------------------------------------------------------------------------------
slack (VIOLATED)                                                         -33.503


#Path 30
Startpoint: top^FF_NODE~1394.Q[0] (.latch clocked by top^clk_i)
Endpoint  : top^FF_NODE~580.D[0] (.latch clocked by top^clk_i)
Path Type : setup

Point                                                             Incr      Path
--------------------------------------------------------------------------------
clock top^clk_i (rise edge)                                      0.000     0.000
clock source latency                                             0.000     0.000
top^clk_i.inpad[0] (.input)                                      0.000     0.000
top^FF_NODE~1394.clk[0] (.latch)                                 1.338     1.338
top^FF_NODE~1394.Q[0] (.latch) [clock-to-output]                 0.124     1.462
n2913.in[0] (.names)                                             1.338     2.800
n2913.out[0] (.names)                                            0.261     3.061
n2912.in[5] (.names)                                             1.338     4.398
n2912.out[0] (.names)                                            0.261     4.659
n2949_1.in[3] (.names)                                           1.338     5.997
n2949_1.out[0] (.names)                                          0.261     6.258
n2999_1.in[1] (.names)                                           1.338     7.596
n2999_1.out[0] (.names)                                          0.261     7.857
n2998.in[4] (.names)                                             1.338     9.195
n2998.out[0] (.names)                                            0.261     9.456
n2994_1.in[5] (.names)                                           1.338    10.793
n2994_1.out[0] (.names)                                          0.261    11.054
n3051.in[5] (.names)                                             1.338    12.392
n3051.out[0] (.names)                                            0.261    12.653
n3047.in[5] (.names)                                             1.338    13.991
n3047.out[0] (.names)                                            0.261    14.252
n3108.in[5] (.names)                                             1.338    15.590
n3108.out[0] (.names)                                            0.261    15.851
n3104_1.in[5] (.names)                                           1.338    17.188
n3104_1.out[0] (.names)                                          0.261    17.449
n3173.in[5] (.names)                                             1.338    18.787
n3173.out[0] (.names)                                            0.261    19.048
n3178.in[4] (.names)                                             1.338    20.386
n3178.out[0] (.names)                                            0.261    20.647
n3176.in[3] (.names)                                             1.338    21.985
n3176.out[0] (.names)                                            0.261    22.246
n3175.in[1] (.names)                                             1.338    23.584
n3175.out[0] (.names)                                            0.261    23.845
n3162.in[2] (.names)                                             1.338    25.182
n3162.out[0] (.names)                                            0.261    25.443
n3161.in[2] (.names)                                             1.338    26.781
n3161.out[0] (.names)                                            0.261    27.042
n3277.in[0] (.names)                                             1.338    28.380
n3277.out[0] (.names)                                            0.261    28.641
n3303.in[0] (.names)                                             1.338    29.979
n3303.out[0] (.names)                                            0.261    30.240
n3321.in[3] (.names)                                             1.338    31.577
n3321.out[0] (.names)                                            0.261    31.838
n424.in[1] (.names)                                              1.338    33.176
n424.out[0] (.names)                                             0.261    33.437
top^FF_NODE~580.D[0] (.latch)                                    1.338    34.775
data arrival time                                                         34.775

clock top^clk_i (rise edge)                                      0.000     0.000
clock source latency                                             0.000     0.000
top^clk_i.inpad[0] (.input)                                      0.000     0.000
top^FF_NODE~580.clk[0] (.latch)                                  1.338     1.338
clock uncertainty                                                0.000     1.338
cell setup time                                                 -0.066     1.272
data required time                                                         1.272
--------------------------------------------------------------------------------
data required time                                                         1.272
data arrival time                                                        -34.775
--------------------------------------------------------------------------------
slack (VIOLATED)                                                         -33.503


#Path 31
Startpoint: top^FF_NODE~1394.Q[0] (.latch clocked by top^clk_i)
Endpoint  : top^FF_NODE~578.D[0] (.latch clocked by top^clk_i)
Path Type : setup

Point                                                             Incr      Path
--------------------------------------------------------------------------------
clock top^clk_i (rise edge)                                      0.000     0.000
clock source latency                                             0.000     0.000
top^clk_i.inpad[0] (.input)                                      0.000     0.000
top^FF_NODE~1394.clk[0] (.latch)                                 1.338     1.338
top^FF_NODE~1394.Q[0] (.latch) [clock-to-output]                 0.124     1.462
n2913.in[0] (.names)                                             1.338     2.800
n2913.out[0] (.names)                                            0.261     3.061
n2912.in[5] (.names)                                             1.338     4.398
n2912.out[0] (.names)                                            0.261     4.659
n2949_1.in[3] (.names)                                           1.338     5.997
n2949_1.out[0] (.names)                                          0.261     6.258
n2999_1.in[1] (.names)                                           1.338     7.596
n2999_1.out[0] (.names)                                          0.261     7.857
n2998.in[4] (.names)                                             1.338     9.195
n2998.out[0] (.names)                                            0.261     9.456
n2994_1.in[5] (.names)                                           1.338    10.793
n2994_1.out[0] (.names)                                          0.261    11.054
n3051.in[5] (.names)                                             1.338    12.392
n3051.out[0] (.names)                                            0.261    12.653
n3047.in[5] (.names)                                             1.338    13.991
n3047.out[0] (.names)                                            0.261    14.252
n3108.in[5] (.names)                                             1.338    15.590
n3108.out[0] (.names)                                            0.261    15.851
n3104_1.in[5] (.names)                                           1.338    17.188
n3104_1.out[0] (.names)                                          0.261    17.449
n3173.in[5] (.names)                                             1.338    18.787
n3173.out[0] (.names)                                            0.261    19.048
n3178.in[4] (.names)                                             1.338    20.386
n3178.out[0] (.names)                                            0.261    20.647
n3179_1.in[1] (.names)                                           1.338    21.985
n3179_1.out[0] (.names)                                          0.261    22.246
n3192.in[1] (.names)                                             1.338    23.584
n3192.out[0] (.names)                                            0.261    23.845
n3204_1.in[0] (.names)                                           1.338    25.182
n3204_1.out[0] (.names)                                          0.261    25.443
n3203.in[1] (.names)                                             1.338    26.781
n3203.out[0] (.names)                                            0.261    27.042
n3212.in[2] (.names)                                             1.338    28.380
n3212.out[0] (.names)                                            0.261    28.641
n3343.in[3] (.names)                                             1.338    29.979
n3343.out[0] (.names)                                            0.261    30.240
n454.in[1] (.names)                                              1.338    31.577
n454.out[0] (.names)                                             0.261    31.838
top^FF_NODE~578.D[0] (.latch)                                    1.338    33.176
data arrival time                                                         33.176

clock top^clk_i (rise edge)                                      0.000     0.000
clock source latency                                             0.000     0.000
top^clk_i.inpad[0] (.input)                                      0.000     0.000
top^FF_NODE~578.clk[0] (.latch)                                  1.338     1.338
clock uncertainty                                                0.000     1.338
cell setup time                                                 -0.066     1.272
data required time                                                         1.272
--------------------------------------------------------------------------------
data required time                                                         1.272
data arrival time                                                        -33.176
--------------------------------------------------------------------------------
slack (VIOLATED)                                                         -31.904


#Path 32
Startpoint: top^FF_NODE~605.Q[0] (.latch clocked by top^clk_i)
Endpoint  : top^FF_NODE~643.D[0] (.latch clocked by top^clk_i)
Path Type : setup

Point                                                             Incr      Path
--------------------------------------------------------------------------------
clock top^clk_i (rise edge)                                      0.000     0.000
clock source latency                                             0.000     0.000
top^clk_i.inpad[0] (.input)                                      0.000     0.000
top^FF_NODE~605.clk[0] (.latch)                                  1.338     1.338
top^FF_NODE~605.Q[0] (.latch) [clock-to-output]                  0.124     1.462
n3447.in[0] (.names)                                             1.338     2.800
n3447.out[0] (.names)                                            0.261     3.061
n3446.in[4] (.names)                                             1.338     4.398
n3446.out[0] (.names)                                            0.261     4.659
n3445.in[4] (.names)                                             1.338     5.997
n3445.out[0] (.names)                                            0.261     6.258
n3444_1.in[2] (.names)                                           1.338     7.596
n3444_1.out[0] (.names)                                          0.261     7.857
n3443.in[2] (.names)                                             1.338     9.195
n3443.out[0] (.names)                                            0.261     9.456
n3442.in[2] (.names)                                             1.338    10.793
n3442.out[0] (.names)                                            0.261    11.054
n3441.in[2] (.names)                                             1.338    12.392
n3441.out[0] (.names)                                            0.261    12.653
n3440.in[2] (.names)                                             1.338    13.991
n3440.out[0] (.names)                                            0.261    14.252
n3439_1.in[2] (.names)                                           1.338    15.590
n3439_1.out[0] (.names)                                          0.261    15.851
n3438.in[2] (.names)                                             1.338    17.188
n3438.out[0] (.names)                                            0.261    17.449
n3437.in[2] (.names)                                             1.338    18.787
n3437.out[0] (.names)                                            0.261    19.048
n3436.in[4] (.names)                                             1.338    20.386
n3436.out[0] (.names)                                            0.261    20.647
n3435.in[4] (.names)                                             1.338    21.985
n3435.out[0] (.names)                                            0.261    22.246
n3434_1.in[2] (.names)                                           1.338    23.584
n3434_1.out[0] (.names)                                          0.261    23.845
n3433.in[2] (.names)                                             1.338    25.182
n3433.out[0] (.names)                                            0.261    25.443
n3432.in[4] (.names)                                             1.338    26.781
n3432.out[0] (.names)                                            0.261    27.042
n3430.in[5] (.names)                                             1.338    28.380
n3430.out[0] (.names)                                            0.261    28.641
n3555.in[3] (.names)                                             1.338    29.979
n3555.out[0] (.names)                                            0.261    30.240
n729.in[5] (.names)                                              1.338    31.577
n729.out[0] (.names)                                             0.261    31.838
top^FF_NODE~643.D[0] (.latch)                                    1.338    33.176
data arrival time                                                         33.176

clock top^clk_i (rise edge)                                      0.000     0.000
clock source latency                                             0.000     0.000
top^clk_i.inpad[0] (.input)                                      0.000     0.000
top^FF_NODE~643.clk[0] (.latch)                                  1.338     1.338
clock uncertainty                                                0.000     1.338
cell setup time                                                 -0.066     1.272
data required time                                                         1.272
--------------------------------------------------------------------------------
data required time                                                         1.272
data arrival time                                                        -33.176
--------------------------------------------------------------------------------
slack (VIOLATED)                                                         -31.904


#Path 33
Startpoint: top^FF_NODE~605.Q[0] (.latch clocked by top^clk_i)
Endpoint  : top^FF_NODE~642.D[0] (.latch clocked by top^clk_i)
Path Type : setup

Point                                                             Incr      Path
--------------------------------------------------------------------------------
clock top^clk_i (rise edge)                                      0.000     0.000
clock source latency                                             0.000     0.000
top^clk_i.inpad[0] (.input)                                      0.000     0.000
top^FF_NODE~605.clk[0] (.latch)                                  1.338     1.338
top^FF_NODE~605.Q[0] (.latch) [clock-to-output]                  0.124     1.462
n3447.in[0] (.names)                                             1.338     2.800
n3447.out[0] (.names)                                            0.261     3.061
n3446.in[4] (.names)                                             1.338     4.398
n3446.out[0] (.names)                                            0.261     4.659
n3445.in[4] (.names)                                             1.338     5.997
n3445.out[0] (.names)                                            0.261     6.258
n3444_1.in[2] (.names)                                           1.338     7.596
n3444_1.out[0] (.names)                                          0.261     7.857
n3443.in[2] (.names)                                             1.338     9.195
n3443.out[0] (.names)                                            0.261     9.456
n3442.in[2] (.names)                                             1.338    10.793
n3442.out[0] (.names)                                            0.261    11.054
n3441.in[2] (.names)                                             1.338    12.392
n3441.out[0] (.names)                                            0.261    12.653
n3440.in[2] (.names)                                             1.338    13.991
n3440.out[0] (.names)                                            0.261    14.252
n3439_1.in[2] (.names)                                           1.338    15.590
n3439_1.out[0] (.names)                                          0.261    15.851
n3438.in[2] (.names)                                             1.338    17.188
n3438.out[0] (.names)                                            0.261    17.449
n3437.in[2] (.names)                                             1.338    18.787
n3437.out[0] (.names)                                            0.261    19.048
n3436.in[4] (.names)                                             1.338    20.386
n3436.out[0] (.names)                                            0.261    20.647
n3435.in[4] (.names)                                             1.338    21.985
n3435.out[0] (.names)                                            0.261    22.246
n3434_1.in[2] (.names)                                           1.338    23.584
n3434_1.out[0] (.names)                                          0.261    23.845
n3433.in[2] (.names)                                             1.338    25.182
n3433.out[0] (.names)                                            0.261    25.443
n3432.in[4] (.names)                                             1.338    26.781
n3432.out[0] (.names)                                            0.261    27.042
n3582.in[2] (.names)                                             1.338    28.380
n3582.out[0] (.names)                                            0.261    28.641
n3581.in[3] (.names)                                             1.338    29.979
n3581.out[0] (.names)                                            0.261    30.240
n814.in[5] (.names)                                              1.338    31.577
n814.out[0] (.names)                                             0.261    31.838
top^FF_NODE~642.D[0] (.latch)                                    1.338    33.176
data arrival time                                                         33.176

clock top^clk_i (rise edge)                                      0.000     0.000
clock source latency                                             0.000     0.000
top^clk_i.inpad[0] (.input)                                      0.000     0.000
top^FF_NODE~642.clk[0] (.latch)                                  1.338     1.338
clock uncertainty                                                0.000     1.338
cell setup time                                                 -0.066     1.272
data required time                                                         1.272
--------------------------------------------------------------------------------
data required time                                                         1.272
data arrival time                                                        -33.176
--------------------------------------------------------------------------------
slack (VIOLATED)                                                         -31.904


#Path 34
Startpoint: top^FF_NODE~637.Q[0] (.latch clocked by top^clk_i)
Endpoint  : top^FF_NODE~675.D[0] (.latch clocked by top^clk_i)
Path Type : setup

Point                                                             Incr      Path
--------------------------------------------------------------------------------
clock top^clk_i (rise edge)                                      0.000     0.000
clock source latency                                             0.000     0.000
top^clk_i.inpad[0] (.input)                                      0.000     0.000
top^FF_NODE~637.clk[0] (.latch)                                  1.338     1.338
top^FF_NODE~637.Q[0] (.latch) [clock-to-output]                  0.124     1.462
n3481.in[0] (.names)                                             1.338     2.800
n3481.out[0] (.names)                                            0.261     3.061
n3480.in[4] (.names)                                             1.338     4.398
n3480.out[0] (.names)                                            0.261     4.659
n3479_1.in[4] (.names)                                           1.338     5.997
n3479_1.out[0] (.names)                                          0.261     6.258
n3478.in[2] (.names)                                             1.338     7.596
n3478.out[0] (.names)                                            0.261     7.857
n3477.in[2] (.names)                                             1.338     9.195
n3477.out[0] (.names)                                            0.261     9.456
n3476.in[2] (.names)                                             1.338    10.793
n3476.out[0] (.names)                                            0.261    11.054
n3475.in[2] (.names)                                             1.338    12.392
n3475.out[0] (.names)                                            0.261    12.653
n3474_1.in[2] (.names)                                           1.338    13.991
n3474_1.out[0] (.names)                                          0.261    14.252
n3473.in[2] (.names)                                             1.338    15.590
n3473.out[0] (.names)                                            0.261    15.851
n3472.in[2] (.names)                                             1.338    17.188
n3472.out[0] (.names)                                            0.261    17.449
n3471.in[2] (.names)                                             1.338    18.787
n3471.out[0] (.names)                                            0.261    19.048
n3470.in[4] (.names)                                             1.338    20.386
n3470.out[0] (.names)                                            0.261    20.647
n3469_1.in[4] (.names)                                           1.338    21.985
n3469_1.out[0] (.names)                                          0.261    22.246
n3468.in[2] (.names)                                             1.338    23.584
n3468.out[0] (.names)                                            0.261    23.845
n3467.in[2] (.names)                                             1.338    25.182
n3467.out[0] (.names)                                            0.261    25.443
n3466.in[4] (.names)                                             1.338    26.781
n3466.out[0] (.names)                                            0.261    27.042
n3464_1.in[5] (.names)                                           1.338    28.380
n3464_1.out[0] (.names)                                          0.261    28.641
n3558.in[3] (.names)                                             1.338    29.979
n3558.out[0] (.names)                                            0.261    30.240
n739.in[5] (.names)                                              1.338    31.577
n739.out[0] (.names)                                             0.261    31.838
top^FF_NODE~675.D[0] (.latch)                                    1.338    33.176
data arrival time                                                         33.176

clock top^clk_i (rise edge)                                      0.000     0.000
clock source latency                                             0.000     0.000
top^clk_i.inpad[0] (.input)                                      0.000     0.000
top^FF_NODE~675.clk[0] (.latch)                                  1.338     1.338
clock uncertainty                                                0.000     1.338
cell setup time                                                 -0.066     1.272
data required time                                                         1.272
--------------------------------------------------------------------------------
data required time                                                         1.272
data arrival time                                                        -33.176
--------------------------------------------------------------------------------
slack (VIOLATED)                                                         -31.904


#Path 35
Startpoint: top^FF_NODE~637.Q[0] (.latch clocked by top^clk_i)
Endpoint  : top^FF_NODE~674.D[0] (.latch clocked by top^clk_i)
Path Type : setup

Point                                                             Incr      Path
--------------------------------------------------------------------------------
clock top^clk_i (rise edge)                                      0.000     0.000
clock source latency                                             0.000     0.000
top^clk_i.inpad[0] (.input)                                      0.000     0.000
top^FF_NODE~637.clk[0] (.latch)                                  1.338     1.338
top^FF_NODE~637.Q[0] (.latch) [clock-to-output]                  0.124     1.462
n3481.in[0] (.names)                                             1.338     2.800
n3481.out[0] (.names)                                            0.261     3.061
n3480.in[4] (.names)                                             1.338     4.398
n3480.out[0] (.names)                                            0.261     4.659
n3479_1.in[4] (.names)                                           1.338     5.997
n3479_1.out[0] (.names)                                          0.261     6.258
n3478.in[2] (.names)                                             1.338     7.596
n3478.out[0] (.names)                                            0.261     7.857
n3477.in[2] (.names)                                             1.338     9.195
n3477.out[0] (.names)                                            0.261     9.456
n3476.in[2] (.names)                                             1.338    10.793
n3476.out[0] (.names)                                            0.261    11.054
n3475.in[2] (.names)                                             1.338    12.392
n3475.out[0] (.names)                                            0.261    12.653
n3474_1.in[2] (.names)                                           1.338    13.991
n3474_1.out[0] (.names)                                          0.261    14.252
n3473.in[2] (.names)                                             1.338    15.590
n3473.out[0] (.names)                                            0.261    15.851
n3472.in[2] (.names)                                             1.338    17.188
n3472.out[0] (.names)                                            0.261    17.449
n3471.in[2] (.names)                                             1.338    18.787
n3471.out[0] (.names)                                            0.261    19.048
n3470.in[4] (.names)                                             1.338    20.386
n3470.out[0] (.names)                                            0.261    20.647
n3469_1.in[4] (.names)                                           1.338    21.985
n3469_1.out[0] (.names)                                          0.261    22.246
n3468.in[2] (.names)                                             1.338    23.584
n3468.out[0] (.names)                                            0.261    23.845
n3467.in[2] (.names)                                             1.338    25.182
n3467.out[0] (.names)                                            0.261    25.443
n3466.in[4] (.names)                                             1.338    26.781
n3466.out[0] (.names)                                            0.261    27.042
n3586.in[2] (.names)                                             1.338    28.380
n3586.out[0] (.names)                                            0.261    28.641
n3585.in[3] (.names)                                             1.338    29.979
n3585.out[0] (.names)                                            0.261    30.240
n824.in[5] (.names)                                              1.338    31.577
n824.out[0] (.names)                                             0.261    31.838
top^FF_NODE~674.D[0] (.latch)                                    1.338    33.176
data arrival time                                                         33.176

clock top^clk_i (rise edge)                                      0.000     0.000
clock source latency                                             0.000     0.000
top^clk_i.inpad[0] (.input)                                      0.000     0.000
top^FF_NODE~674.clk[0] (.latch)                                  1.338     1.338
clock uncertainty                                                0.000     1.338
cell setup time                                                 -0.066     1.272
data required time                                                         1.272
--------------------------------------------------------------------------------
data required time                                                         1.272
data arrival time                                                        -33.176
--------------------------------------------------------------------------------
slack (VIOLATED)                                                         -31.904


#Path 36
Startpoint: top^FF_NODE~561.Q[0] (.latch clocked by top^clk_i)
Endpoint  : top^FF_NODE~612.D[0] (.latch clocked by top^clk_i)
Path Type : setup

Point                                                             Incr      Path
--------------------------------------------------------------------------------
clock top^clk_i (rise edge)                                      0.000     0.000
clock source latency                                             0.000     0.000
top^clk_i.inpad[0] (.input)                                      0.000     0.000
top^FF_NODE~561.clk[0] (.latch)                                  1.338     1.338
top^FF_NODE~561.Q[0] (.latch) [clock-to-output]                  0.124     1.462
n3388.in[0] (.names)                                             1.338     2.800
n3388.out[0] (.names)                                            0.261     3.061
n3387.in[4] (.names)                                             1.338     4.398
n3387.out[0] (.names)                                            0.261     4.659
n3386.in[4] (.names)                                             1.338     5.997
n3386.out[0] (.names)                                            0.261     6.258
n3385.in[2] (.names)                                             1.338     7.596
n3385.out[0] (.names)                                            0.261     7.857
n3384_1.in[2] (.names)                                           1.338     9.195
n3384_1.out[0] (.names)                                          0.261     9.456
n3383.in[2] (.names)                                             1.338    10.793
n3383.out[0] (.names)                                            0.261    11.054
n3382.in[2] (.names)                                             1.338    12.392
n3382.out[0] (.names)                                            0.261    12.653
n3381.in[2] (.names)                                             1.338    13.991
n3381.out[0] (.names)                                            0.261    14.252
n3380.in[2] (.names)                                             1.338    15.590
n3380.out[0] (.names)                                            0.261    15.851
n3379_1.in[2] (.names)                                           1.338    17.188
n3379_1.out[0] (.names)                                          0.261    17.449
n3378.in[2] (.names)                                             1.338    18.787
n3378.out[0] (.names)                                            0.261    19.048
n3377.in[4] (.names)                                             1.338    20.386
n3377.out[0] (.names)                                            0.261    20.647
n3376.in[4] (.names)                                             1.338    21.985
n3376.out[0] (.names)                                            0.261    22.246
n3375.in[4] (.names)                                             1.338    23.584
n3375.out[0] (.names)                                            0.261    23.845
n3374_1.in[2] (.names)                                           1.338    25.182
n3374_1.out[0] (.names)                                          0.261    25.443
n3373.in[4] (.names)                                             1.338    26.781
n3373.out[0] (.names)                                            0.261    27.042
n3372.in[2] (.names)                                             1.338    28.380
n3372.out[0] (.names)                                            0.261    28.641
n3371.in[2] (.names)                                             1.338    29.979
n3371.out[0] (.names)                                            0.261    30.240
n804.in[4] (.names)                                              1.338    31.577
n804.out[0] (.names)                                             0.261    31.838
top^FF_NODE~612.D[0] (.latch)                                    1.338    33.176
data arrival time                                                         33.176

clock top^clk_i (rise edge)                                      0.000     0.000
clock source latency                                             0.000     0.000
top^clk_i.inpad[0] (.input)                                      0.000     0.000
top^FF_NODE~612.clk[0] (.latch)                                  1.338     1.338
clock uncertainty                                                0.000     1.338
cell setup time                                                 -0.066     1.272
data required time                                                         1.272
--------------------------------------------------------------------------------
data required time                                                         1.272
data arrival time                                                        -33.176
--------------------------------------------------------------------------------
slack (VIOLATED)                                                         -31.904


#Path 37
Startpoint: top^FF_NODE~1394.Q[0] (.latch clocked by top^clk_i)
Endpoint  : top^FF_NODE~577.D[0] (.latch clocked by top^clk_i)
Path Type : setup

Point                                                             Incr      Path
--------------------------------------------------------------------------------
clock top^clk_i (rise edge)                                      0.000     0.000
clock source latency                                             0.000     0.000
top^clk_i.inpad[0] (.input)                                      0.000     0.000
top^FF_NODE~1394.clk[0] (.latch)                                 1.338     1.338
top^FF_NODE~1394.Q[0] (.latch) [clock-to-output]                 0.124     1.462
n2913.in[0] (.names)                                             1.338     2.800
n2913.out[0] (.names)                                            0.261     3.061
n2912.in[5] (.names)                                             1.338     4.398
n2912.out[0] (.names)                                            0.261     4.659
n2949_1.in[3] (.names)                                           1.338     5.997
n2949_1.out[0] (.names)                                          0.261     6.258
n2999_1.in[1] (.names)                                           1.338     7.596
n2999_1.out[0] (.names)                                          0.261     7.857
n2998.in[4] (.names)                                             1.338     9.195
n2998.out[0] (.names)                                            0.261     9.456
n2994_1.in[5] (.names)                                           1.338    10.793
n2994_1.out[0] (.names)                                          0.261    11.054
n3051.in[5] (.names)                                             1.338    12.392
n3051.out[0] (.names)                                            0.261    12.653
n3047.in[5] (.names)                                             1.338    13.991
n3047.out[0] (.names)                                            0.261    14.252
n3108.in[5] (.names)                                             1.338    15.590
n3108.out[0] (.names)                                            0.261    15.851
n3113.in[4] (.names)                                             1.338    17.188
n3113.out[0] (.names)                                            0.261    17.449
n3111.in[3] (.names)                                             1.338    18.787
n3111.out[0] (.names)                                            0.261    19.048
n3110.in[1] (.names)                                             1.338    20.386
n3110.out[0] (.names)                                            0.261    20.647
n3097.in[3] (.names)                                             1.338    21.985
n3097.out[0] (.names)                                            0.261    22.246
n3205.in[1] (.names)                                             1.338    23.584
n3205.out[0] (.names)                                            0.261    23.845
n3206.in[3] (.names)                                             1.338    25.182
n3206.out[0] (.names)                                            0.261    25.443
n3216.in[0] (.names)                                             1.338    26.781
n3216.out[0] (.names)                                            0.261    27.042
n3298.in[1] (.names)                                             1.338    28.380
n3298.out[0] (.names)                                            0.261    28.641
n3297.in[3] (.names)                                             1.338    29.979
n3297.out[0] (.names)                                            0.261    30.240
n389.in[5] (.names)                                              1.338    31.577
n389.out[0] (.names)                                             0.261    31.838
top^FF_NODE~577.D[0] (.latch)                                    1.338    33.176
data arrival time                                                         33.176

clock top^clk_i (rise edge)                                      0.000     0.000
clock source latency                                             0.000     0.000
top^clk_i.inpad[0] (.input)                                      0.000     0.000
top^FF_NODE~577.clk[0] (.latch)                                  1.338     1.338
clock uncertainty                                                0.000     1.338
cell setup time                                                 -0.066     1.272
data required time                                                         1.272
--------------------------------------------------------------------------------
data required time                                                         1.272
data arrival time                                                        -33.176
--------------------------------------------------------------------------------
slack (VIOLATED)                                                         -31.904


#Path 38
Startpoint: top^FF_NODE~1394.Q[0] (.latch clocked by top^clk_i)
Endpoint  : top^FF_NODE~576.D[0] (.latch clocked by top^clk_i)
Path Type : setup

Point                                                             Incr      Path
--------------------------------------------------------------------------------
clock top^clk_i (rise edge)                                      0.000     0.000
clock source latency                                             0.000     0.000
top^clk_i.inpad[0] (.input)                                      0.000     0.000
top^FF_NODE~1394.clk[0] (.latch)                                 1.338     1.338
top^FF_NODE~1394.Q[0] (.latch) [clock-to-output]                 0.124     1.462
n2913.in[0] (.names)                                             1.338     2.800
n2913.out[0] (.names)                                            0.261     3.061
n2912.in[5] (.names)                                             1.338     4.398
n2912.out[0] (.names)                                            0.261     4.659
n2949_1.in[3] (.names)                                           1.338     5.997
n2949_1.out[0] (.names)                                          0.261     6.258
n2999_1.in[1] (.names)                                           1.338     7.596
n2999_1.out[0] (.names)                                          0.261     7.857
n2998.in[4] (.names)                                             1.338     9.195
n2998.out[0] (.names)                                            0.261     9.456
n2994_1.in[5] (.names)                                           1.338    10.793
n2994_1.out[0] (.names)                                          0.261    11.054
n3051.in[5] (.names)                                             1.338    12.392
n3051.out[0] (.names)                                            0.261    12.653
n3047.in[5] (.names)                                             1.338    13.991
n3047.out[0] (.names)                                            0.261    14.252
n3108.in[5] (.names)                                             1.338    15.590
n3108.out[0] (.names)                                            0.261    15.851
n3113.in[4] (.names)                                             1.338    17.188
n3113.out[0] (.names)                                            0.261    17.449
n3111.in[3] (.names)                                             1.338    18.787
n3111.out[0] (.names)                                            0.261    19.048
n3110.in[1] (.names)                                             1.338    20.386
n3110.out[0] (.names)                                            0.261    20.647
n3097.in[3] (.names)                                             1.338    21.985
n3097.out[0] (.names)                                            0.261    22.246
n3205.in[1] (.names)                                             1.338    23.584
n3205.out[0] (.names)                                            0.261    23.845
n3206.in[3] (.names)                                             1.338    25.182
n3206.out[0] (.names)                                            0.261    25.443
n3216.in[0] (.names)                                             1.338    26.781
n3216.out[0] (.names)                                            0.261    27.042
n3359_1.in[3] (.names)                                           1.338    28.380
n3359_1.out[0] (.names)                                          0.261    28.641
n484.in[1] (.names)                                              1.338    29.979
n484.out[0] (.names)                                             0.261    30.240
top^FF_NODE~576.D[0] (.latch)                                    1.338    31.577
data arrival time                                                         31.577

clock top^clk_i (rise edge)                                      0.000     0.000
clock source latency                                             0.000     0.000
top^clk_i.inpad[0] (.input)                                      0.000     0.000
top^FF_NODE~576.clk[0] (.latch)                                  1.338     1.338
clock uncertainty                                                0.000     1.338
cell setup time                                                 -0.066     1.272
data required time                                                         1.272
--------------------------------------------------------------------------------
data required time                                                         1.272
data arrival time                                                        -31.577
--------------------------------------------------------------------------------
slack (VIOLATED)                                                         -30.306


#Path 39
Startpoint: top^FF_NODE~637.Q[0] (.latch clocked by top^clk_i)
Endpoint  : top^FF_NODE~673.D[0] (.latch clocked by top^clk_i)
Path Type : setup

Point                                                             Incr      Path
--------------------------------------------------------------------------------
clock top^clk_i (rise edge)                                      0.000     0.000
clock source latency                                             0.000     0.000
top^clk_i.inpad[0] (.input)                                      0.000     0.000
top^FF_NODE~637.clk[0] (.latch)                                  1.338     1.338
top^FF_NODE~637.Q[0] (.latch) [clock-to-output]                  0.124     1.462
n3481.in[0] (.names)                                             1.338     2.800
n3481.out[0] (.names)                                            0.261     3.061
n3480.in[4] (.names)                                             1.338     4.398
n3480.out[0] (.names)                                            0.261     4.659
n3479_1.in[4] (.names)                                           1.338     5.997
n3479_1.out[0] (.names)                                          0.261     6.258
n3478.in[2] (.names)                                             1.338     7.596
n3478.out[0] (.names)                                            0.261     7.857
n3477.in[2] (.names)                                             1.338     9.195
n3477.out[0] (.names)                                            0.261     9.456
n3476.in[2] (.names)                                             1.338    10.793
n3476.out[0] (.names)                                            0.261    11.054
n3475.in[2] (.names)                                             1.338    12.392
n3475.out[0] (.names)                                            0.261    12.653
n3474_1.in[2] (.names)                                           1.338    13.991
n3474_1.out[0] (.names)                                          0.261    14.252
n3473.in[2] (.names)                                             1.338    15.590
n3473.out[0] (.names)                                            0.261    15.851
n3472.in[2] (.names)                                             1.338    17.188
n3472.out[0] (.names)                                            0.261    17.449
n3471.in[2] (.names)                                             1.338    18.787
n3471.out[0] (.names)                                            0.261    19.048
n3470.in[4] (.names)                                             1.338    20.386
n3470.out[0] (.names)                                            0.261    20.647
n3469_1.in[4] (.names)                                           1.338    21.985
n3469_1.out[0] (.names)                                          0.261    22.246
n3468.in[2] (.names)                                             1.338    23.584
n3468.out[0] (.names)                                            0.261    23.845
n3467.in[2] (.names)                                             1.338    25.182
n3467.out[0] (.names)                                            0.261    25.443
n3466.in[4] (.names)                                             1.338    26.781
n3466.out[0] (.names)                                            0.261    27.042
n3597.in[3] (.names)                                             1.338    28.380
n3597.out[0] (.names)                                            0.261    28.641
n854.in[5] (.names)                                              1.338    29.979
n854.out[0] (.names)                                             0.261    30.240
top^FF_NODE~673.D[0] (.latch)                                    1.338    31.577
data arrival time                                                         31.577

clock top^clk_i (rise edge)                                      0.000     0.000
clock source latency                                             0.000     0.000
top^clk_i.inpad[0] (.input)                                      0.000     0.000
top^FF_NODE~673.clk[0] (.latch)                                  1.338     1.338
clock uncertainty                                                0.000     1.338
cell setup time                                                 -0.066     1.272
data required time                                                         1.272
--------------------------------------------------------------------------------
data required time                                                         1.272
data arrival time                                                        -31.577
--------------------------------------------------------------------------------
slack (VIOLATED)                                                         -30.306


#Path 40
Startpoint: top^FF_NODE~605.Q[0] (.latch clocked by top^clk_i)
Endpoint  : top^FF_NODE~641.D[0] (.latch clocked by top^clk_i)
Path Type : setup

Point                                                             Incr      Path
--------------------------------------------------------------------------------
clock top^clk_i (rise edge)                                      0.000     0.000
clock source latency                                             0.000     0.000
top^clk_i.inpad[0] (.input)                                      0.000     0.000
top^FF_NODE~605.clk[0] (.latch)                                  1.338     1.338
top^FF_NODE~605.Q[0] (.latch) [clock-to-output]                  0.124     1.462
n3447.in[0] (.names)                                             1.338     2.800
n3447.out[0] (.names)                                            0.261     3.061
n3446.in[4] (.names)                                             1.338     4.398
n3446.out[0] (.names)                                            0.261     4.659
n3445.in[4] (.names)                                             1.338     5.997
n3445.out[0] (.names)                                            0.261     6.258
n3444_1.in[2] (.names)                                           1.338     7.596
n3444_1.out[0] (.names)                                          0.261     7.857
n3443.in[2] (.names)                                             1.338     9.195
n3443.out[0] (.names)                                            0.261     9.456
n3442.in[2] (.names)                                             1.338    10.793
n3442.out[0] (.names)                                            0.261    11.054
n3441.in[2] (.names)                                             1.338    12.392
n3441.out[0] (.names)                                            0.261    12.653
n3440.in[2] (.names)                                             1.338    13.991
n3440.out[0] (.names)                                            0.261    14.252
n3439_1.in[2] (.names)                                           1.338    15.590
n3439_1.out[0] (.names)                                          0.261    15.851
n3438.in[2] (.names)                                             1.338    17.188
n3438.out[0] (.names)                                            0.261    17.449
n3437.in[2] (.names)                                             1.338    18.787
n3437.out[0] (.names)                                            0.261    19.048
n3436.in[4] (.names)                                             1.338    20.386
n3436.out[0] (.names)                                            0.261    20.647
n3435.in[4] (.names)                                             1.338    21.985
n3435.out[0] (.names)                                            0.261    22.246
n3434_1.in[2] (.names)                                           1.338    23.584
n3434_1.out[0] (.names)                                          0.261    23.845
n3433.in[2] (.names)                                             1.338    25.182
n3433.out[0] (.names)                                            0.261    25.443
n3432.in[4] (.names)                                             1.338    26.781
n3432.out[0] (.names)                                            0.261    27.042
n3593.in[3] (.names)                                             1.338    28.380
n3593.out[0] (.names)                                            0.261    28.641
n844.in[2] (.names)                                              1.338    29.979
n844.out[0] (.names)                                             0.261    30.240
top^FF_NODE~641.D[0] (.latch)                                    1.338    31.577
data arrival time                                                         31.577

clock top^clk_i (rise edge)                                      0.000     0.000
clock source latency                                             0.000     0.000
top^clk_i.inpad[0] (.input)                                      0.000     0.000
top^FF_NODE~641.clk[0] (.latch)                                  1.338     1.338
clock uncertainty                                                0.000     1.338
cell setup time                                                 -0.066     1.272
data required time                                                         1.272
--------------------------------------------------------------------------------
data required time                                                         1.272
data arrival time                                                        -31.577
--------------------------------------------------------------------------------
slack (VIOLATED)                                                         -30.306


#Path 41
Startpoint: top^FF_NODE~669.Q[0] (.latch clocked by top^clk_i)
Endpoint  : top^FF_NODE~707.D[0] (.latch clocked by top^clk_i)
Path Type : setup

Point                                                             Incr      Path
--------------------------------------------------------------------------------
clock top^clk_i (rise edge)                                      0.000     0.000
clock source latency                                             0.000     0.000
top^clk_i.inpad[0] (.input)                                      0.000     0.000
top^FF_NODE~669.clk[0] (.latch)                                  1.338     1.338
top^FF_NODE~669.Q[0] (.latch) [clock-to-output]                  0.124     1.462
n3506.in[0] (.names)                                             1.338     2.800
n3506.out[0] (.names)                                            0.261     3.061
n3505.in[4] (.names)                                             1.338     4.398
n3505.out[0] (.names)                                            0.261     4.659
n3504_1.in[4] (.names)                                           1.338     5.997
n3504_1.out[0] (.names)                                          0.261     6.258
n3503.in[2] (.names)                                             1.338     7.596
n3503.out[0] (.names)                                            0.261     7.857
n3502.in[2] (.names)                                             1.338     9.195
n3502.out[0] (.names)                                            0.261     9.456
n3501.in[2] (.names)                                             1.338    10.793
n3501.out[0] (.names)                                            0.261    11.054
n3500.in[2] (.names)                                             1.338    12.392
n3500.out[0] (.names)                                            0.261    12.653
n3499_1.in[2] (.names)                                           1.338    13.991
n3499_1.out[0] (.names)                                          0.261    14.252
n3498.in[2] (.names)                                             1.338    15.590
n3498.out[0] (.names)                                            0.261    15.851
n3497.in[2] (.names)                                             1.338    17.188
n3497.out[0] (.names)                                            0.261    17.449
n3496.in[2] (.names)                                             1.338    18.787
n3496.out[0] (.names)                                            0.261    19.048
n3495.in[4] (.names)                                             1.338    20.386
n3495.out[0] (.names)                                            0.261    20.647
n3494_1.in[4] (.names)                                           1.338    21.985
n3494_1.out[0] (.names)                                          0.261    22.246
n3493.in[2] (.names)                                             1.338    23.584
n3493.out[0] (.names)                                            0.261    23.845
n3492.in[2] (.names)                                             1.338    25.182
n3492.out[0] (.names)                                            0.261    25.443
n3491.in[4] (.names)                                             1.338    26.781
n3491.out[0] (.names)                                            0.261    27.042
n3489_1.in[5] (.names)                                           1.338    28.380
n3489_1.out[0] (.names)                                          0.261    28.641
n749.in[4] (.names)                                              1.338    29.979
n749.out[0] (.names)                                             0.261    30.240
top^FF_NODE~707.D[0] (.latch)                                    1.338    31.577
data arrival time                                                         31.577

clock top^clk_i (rise edge)                                      0.000     0.000
clock source latency                                             0.000     0.000
top^clk_i.inpad[0] (.input)                                      0.000     0.000
top^FF_NODE~707.clk[0] (.latch)                                  1.338     1.338
clock uncertainty                                                0.000     1.338
cell setup time                                                 -0.066     1.272
data required time                                                         1.272
--------------------------------------------------------------------------------
data required time                                                         1.272
data arrival time                                                        -31.577
--------------------------------------------------------------------------------
slack (VIOLATED)                                                         -30.306


#Path 42
Startpoint: top^FF_NODE~669.Q[0] (.latch clocked by top^clk_i)
Endpoint  : top^FF_NODE~706.D[0] (.latch clocked by top^clk_i)
Path Type : setup

Point                                                             Incr      Path
--------------------------------------------------------------------------------
clock top^clk_i (rise edge)                                      0.000     0.000
clock source latency                                             0.000     0.000
top^clk_i.inpad[0] (.input)                                      0.000     0.000
top^FF_NODE~669.clk[0] (.latch)                                  1.338     1.338
top^FF_NODE~669.Q[0] (.latch) [clock-to-output]                  0.124     1.462
n3506.in[0] (.names)                                             1.338     2.800
n3506.out[0] (.names)                                            0.261     3.061
n3505.in[4] (.names)                                             1.338     4.398
n3505.out[0] (.names)                                            0.261     4.659
n3504_1.in[4] (.names)                                           1.338     5.997
n3504_1.out[0] (.names)                                          0.261     6.258
n3503.in[2] (.names)                                             1.338     7.596
n3503.out[0] (.names)                                            0.261     7.857
n3502.in[2] (.names)                                             1.338     9.195
n3502.out[0] (.names)                                            0.261     9.456
n3501.in[2] (.names)                                             1.338    10.793
n3501.out[0] (.names)                                            0.261    11.054
n3500.in[2] (.names)                                             1.338    12.392
n3500.out[0] (.names)                                            0.261    12.653
n3499_1.in[2] (.names)                                           1.338    13.991
n3499_1.out[0] (.names)                                          0.261    14.252
n3498.in[2] (.names)                                             1.338    15.590
n3498.out[0] (.names)                                            0.261    15.851
n3497.in[2] (.names)                                             1.338    17.188
n3497.out[0] (.names)                                            0.261    17.449
n3496.in[2] (.names)                                             1.338    18.787
n3496.out[0] (.names)                                            0.261    19.048
n3495.in[4] (.names)                                             1.338    20.386
n3495.out[0] (.names)                                            0.261    20.647
n3494_1.in[4] (.names)                                           1.338    21.985
n3494_1.out[0] (.names)                                          0.261    22.246
n3493.in[2] (.names)                                             1.338    23.584
n3493.out[0] (.names)                                            0.261    23.845
n3492.in[2] (.names)                                             1.338    25.182
n3492.out[0] (.names)                                            0.261    25.443
n3491.in[4] (.names)                                             1.338    26.781
n3491.out[0] (.names)                                            0.261    27.042
n3589_1.in[2] (.names)                                           1.338    28.380
n3589_1.out[0] (.names)                                          0.261    28.641
n834.in[4] (.names)                                              1.338    29.979
n834.out[0] (.names)                                             0.261    30.240
top^FF_NODE~706.D[0] (.latch)                                    1.338    31.577
data arrival time                                                         31.577

clock top^clk_i (rise edge)                                      0.000     0.000
clock source latency                                             0.000     0.000
top^clk_i.inpad[0] (.input)                                      0.000     0.000
top^FF_NODE~706.clk[0] (.latch)                                  1.338     1.338
clock uncertainty                                                0.000     1.338
cell setup time                                                 -0.066     1.272
data required time                                                         1.272
--------------------------------------------------------------------------------
data required time                                                         1.272
data arrival time                                                        -31.577
--------------------------------------------------------------------------------
slack (VIOLATED)                                                         -30.306


#Path 43
Startpoint: top^FF_NODE~669.Q[0] (.latch clocked by top^clk_i)
Endpoint  : top^FF_NODE~705.D[0] (.latch clocked by top^clk_i)
Path Type : setup

Point                                                             Incr      Path
--------------------------------------------------------------------------------
clock top^clk_i (rise edge)                                      0.000     0.000
clock source latency                                             0.000     0.000
top^clk_i.inpad[0] (.input)                                      0.000     0.000
top^FF_NODE~669.clk[0] (.latch)                                  1.338     1.338
top^FF_NODE~669.Q[0] (.latch) [clock-to-output]                  0.124     1.462
n3506.in[0] (.names)                                             1.338     2.800
n3506.out[0] (.names)                                            0.261     3.061
n3505.in[4] (.names)                                             1.338     4.398
n3505.out[0] (.names)                                            0.261     4.659
n3504_1.in[4] (.names)                                           1.338     5.997
n3504_1.out[0] (.names)                                          0.261     6.258
n3503.in[2] (.names)                                             1.338     7.596
n3503.out[0] (.names)                                            0.261     7.857
n3502.in[2] (.names)                                             1.338     9.195
n3502.out[0] (.names)                                            0.261     9.456
n3501.in[2] (.names)                                             1.338    10.793
n3501.out[0] (.names)                                            0.261    11.054
n3500.in[2] (.names)                                             1.338    12.392
n3500.out[0] (.names)                                            0.261    12.653
n3499_1.in[2] (.names)                                           1.338    13.991
n3499_1.out[0] (.names)                                          0.261    14.252
n3498.in[2] (.names)                                             1.338    15.590
n3498.out[0] (.names)                                            0.261    15.851
n3497.in[2] (.names)                                             1.338    17.188
n3497.out[0] (.names)                                            0.261    17.449
n3496.in[2] (.names)                                             1.338    18.787
n3496.out[0] (.names)                                            0.261    19.048
n3495.in[4] (.names)                                             1.338    20.386
n3495.out[0] (.names)                                            0.261    20.647
n3494_1.in[4] (.names)                                           1.338    21.985
n3494_1.out[0] (.names)                                          0.261    22.246
n3493.in[2] (.names)                                             1.338    23.584
n3493.out[0] (.names)                                            0.261    23.845
n3492.in[2] (.names)                                             1.338    25.182
n3492.out[0] (.names)                                            0.261    25.443
n3491.in[4] (.names)                                             1.338    26.781
n3491.out[0] (.names)                                            0.261    27.042
n3600.in[3] (.names)                                             1.338    28.380
n3600.out[0] (.names)                                            0.261    28.641
n864.in[2] (.names)                                              1.338    29.979
n864.out[0] (.names)                                             0.261    30.240
top^FF_NODE~705.D[0] (.latch)                                    1.338    31.577
data arrival time                                                         31.577

clock top^clk_i (rise edge)                                      0.000     0.000
clock source latency                                             0.000     0.000
top^clk_i.inpad[0] (.input)                                      0.000     0.000
top^FF_NODE~705.clk[0] (.latch)                                  1.338     1.338
clock uncertainty                                                0.000     1.338
cell setup time                                                 -0.066     1.272
data required time                                                         1.272
--------------------------------------------------------------------------------
data required time                                                         1.272
data arrival time                                                        -31.577
--------------------------------------------------------------------------------
slack (VIOLATED)                                                         -30.306


#Path 44
Startpoint: top^FF_NODE~561.Q[0] (.latch clocked by top^clk_i)
Endpoint  : top^FF_NODE~611.D[0] (.latch clocked by top^clk_i)
Path Type : setup

Point                                                             Incr      Path
--------------------------------------------------------------------------------
clock top^clk_i (rise edge)                                      0.000     0.000
clock source latency                                             0.000     0.000
top^clk_i.inpad[0] (.input)                                      0.000     0.000
top^FF_NODE~561.clk[0] (.latch)                                  1.338     1.338
top^FF_NODE~561.Q[0] (.latch) [clock-to-output]                  0.124     1.462
n3388.in[0] (.names)                                             1.338     2.800
n3388.out[0] (.names)                                            0.261     3.061
n3387.in[4] (.names)                                             1.338     4.398
n3387.out[0] (.names)                                            0.261     4.659
n3386.in[4] (.names)                                             1.338     5.997
n3386.out[0] (.names)                                            0.261     6.258
n3385.in[2] (.names)                                             1.338     7.596
n3385.out[0] (.names)                                            0.261     7.857
n3384_1.in[2] (.names)                                           1.338     9.195
n3384_1.out[0] (.names)                                          0.261     9.456
n3383.in[2] (.names)                                             1.338    10.793
n3383.out[0] (.names)                                            0.261    11.054
n3382.in[2] (.names)                                             1.338    12.392
n3382.out[0] (.names)                                            0.261    12.653
n3381.in[2] (.names)                                             1.338    13.991
n3381.out[0] (.names)                                            0.261    14.252
n3380.in[2] (.names)                                             1.338    15.590
n3380.out[0] (.names)                                            0.261    15.851
n3379_1.in[2] (.names)                                           1.338    17.188
n3379_1.out[0] (.names)                                          0.261    17.449
n3378.in[2] (.names)                                             1.338    18.787
n3378.out[0] (.names)                                            0.261    19.048
n3377.in[4] (.names)                                             1.338    20.386
n3377.out[0] (.names)                                            0.261    20.647
n3376.in[4] (.names)                                             1.338    21.985
n3376.out[0] (.names)                                            0.261    22.246
n3375.in[4] (.names)                                             1.338    23.584
n3375.out[0] (.names)                                            0.261    23.845
n3374_1.in[2] (.names)                                           1.338    25.182
n3374_1.out[0] (.names)                                          0.261    25.443
n3373.in[4] (.names)                                             1.338    26.781
n3373.out[0] (.names)                                            0.261    27.042
n3372.in[2] (.names)                                             1.338    28.380
n3372.out[0] (.names)                                            0.261    28.641
n794.in[4] (.names)                                              1.338    29.979
n794.out[0] (.names)                                             0.261    30.240
top^FF_NODE~611.D[0] (.latch)                                    1.338    31.577
data arrival time                                                         31.577

clock top^clk_i (rise edge)                                      0.000     0.000
clock source latency                                             0.000     0.000
top^clk_i.inpad[0] (.input)                                      0.000     0.000
top^FF_NODE~611.clk[0] (.latch)                                  1.338     1.338
clock uncertainty                                                0.000     1.338
cell setup time                                                 -0.066     1.272
data required time                                                         1.272
--------------------------------------------------------------------------------
data required time                                                         1.272
data arrival time                                                        -31.577
--------------------------------------------------------------------------------
slack (VIOLATED)                                                         -30.306


#Path 45
Startpoint: top^FF_NODE~1394.Q[0] (.latch clocked by top^clk_i)
Endpoint  : top^FF_NODE~575.D[0] (.latch clocked by top^clk_i)
Path Type : setup

Point                                                             Incr      Path
--------------------------------------------------------------------------------
clock top^clk_i (rise edge)                                      0.000     0.000
clock source latency                                             0.000     0.000
top^clk_i.inpad[0] (.input)                                      0.000     0.000
top^FF_NODE~1394.clk[0] (.latch)                                 1.338     1.338
top^FF_NODE~1394.Q[0] (.latch) [clock-to-output]                 0.124     1.462
n2913.in[0] (.names)                                             1.338     2.800
n2913.out[0] (.names)                                            0.261     3.061
n2912.in[5] (.names)                                             1.338     4.398
n2912.out[0] (.names)                                            0.261     4.659
n2949_1.in[3] (.names)                                           1.338     5.997
n2949_1.out[0] (.names)                                          0.261     6.258
n2999_1.in[1] (.names)                                           1.338     7.596
n2999_1.out[0] (.names)                                          0.261     7.857
n2998.in[4] (.names)                                             1.338     9.195
n2998.out[0] (.names)                                            0.261     9.456
n2994_1.in[5] (.names)                                           1.338    10.793
n2994_1.out[0] (.names)                                          0.261    11.054
n3051.in[5] (.names)                                             1.338    12.392
n3051.out[0] (.names)                                            0.261    12.653
n3047.in[5] (.names)                                             1.338    13.991
n3047.out[0] (.names)                                            0.261    14.252
n3108.in[5] (.names)                                             1.338    15.590
n3108.out[0] (.names)                                            0.261    15.851
n3113.in[4] (.names)                                             1.338    17.188
n3113.out[0] (.names)                                            0.261    17.449
n3111.in[3] (.names)                                             1.338    18.787
n3111.out[0] (.names)                                            0.261    19.048
n3110.in[1] (.names)                                             1.338    20.386
n3110.out[0] (.names)                                            0.261    20.647
n3097.in[3] (.names)                                             1.338    21.985
n3097.out[0] (.names)                                            0.261    22.246
n3096.in[1] (.names)                                             1.338    23.584
n3096.out[0] (.names)                                            0.261    23.845
n3095.in[0] (.names)                                             1.338    25.182
n3095.out[0] (.names)                                            0.261    25.443
n3319_1.in[1] (.names)                                           1.338    26.781
n3319_1.out[0] (.names)                                          0.261    27.042
n3318.in[3] (.names)                                             1.338    28.380
n3318.out[0] (.names)                                            0.261    28.641
n419.in[5] (.names)                                              1.338    29.979
n419.out[0] (.names)                                             0.261    30.240
top^FF_NODE~575.D[0] (.latch)                                    1.338    31.577
data arrival time                                                         31.577

clock top^clk_i (rise edge)                                      0.000     0.000
clock source latency                                             0.000     0.000
top^clk_i.inpad[0] (.input)                                      0.000     0.000
top^FF_NODE~575.clk[0] (.latch)                                  1.338     1.338
clock uncertainty                                                0.000     1.338
cell setup time                                                 -0.066     1.272
data required time                                                         1.272
--------------------------------------------------------------------------------
data required time                                                         1.272
data arrival time                                                        -31.577
--------------------------------------------------------------------------------
slack (VIOLATED)                                                         -30.306


#Path 46
Startpoint: top^FF_NODE~1394.Q[0] (.latch clocked by top^clk_i)
Endpoint  : top^FF_NODE~574.D[0] (.latch clocked by top^clk_i)
Path Type : setup

Point                                                             Incr      Path
--------------------------------------------------------------------------------
clock top^clk_i (rise edge)                                      0.000     0.000
clock source latency                                             0.000     0.000
top^clk_i.inpad[0] (.input)                                      0.000     0.000
top^FF_NODE~1394.clk[0] (.latch)                                 1.338     1.338
top^FF_NODE~1394.Q[0] (.latch) [clock-to-output]                 0.124     1.462
n2913.in[0] (.names)                                             1.338     2.800
n2913.out[0] (.names)                                            0.261     3.061
n2912.in[5] (.names)                                             1.338     4.398
n2912.out[0] (.names)                                            0.261     4.659
n2949_1.in[3] (.names)                                           1.338     5.997
n2949_1.out[0] (.names)                                          0.261     6.258
n2999_1.in[1] (.names)                                           1.338     7.596
n2999_1.out[0] (.names)                                          0.261     7.857
n2998.in[4] (.names)                                             1.338     9.195
n2998.out[0] (.names)                                            0.261     9.456
n2994_1.in[5] (.names)                                           1.338    10.793
n2994_1.out[0] (.names)                                          0.261    11.054
n3051.in[5] (.names)                                             1.338    12.392
n3051.out[0] (.names)                                            0.261    12.653
n3047.in[5] (.names)                                             1.338    13.991
n3047.out[0] (.names)                                            0.261    14.252
n3108.in[5] (.names)                                             1.338    15.590
n3108.out[0] (.names)                                            0.261    15.851
n3113.in[4] (.names)                                             1.338    17.188
n3113.out[0] (.names)                                            0.261    17.449
n3111.in[3] (.names)                                             1.338    18.787
n3111.out[0] (.names)                                            0.261    19.048
n3110.in[1] (.names)                                             1.338    20.386
n3110.out[0] (.names)                                            0.261    20.647
n3097.in[3] (.names)                                             1.338    21.985
n3097.out[0] (.names)                                            0.261    22.246
n3096.in[1] (.names)                                             1.338    23.584
n3096.out[0] (.names)                                            0.261    23.845
n3095.in[0] (.names)                                             1.338    25.182
n3095.out[0] (.names)                                            0.261    25.443
n3157.in[3] (.names)                                             1.338    26.781
n3157.out[0] (.names)                                            0.261    27.042
n354.in[5] (.names)                                              1.338    28.380
n354.out[0] (.names)                                             0.261    28.641
top^FF_NODE~574.D[0] (.latch)                                    1.338    29.979
data arrival time                                                         29.979

clock top^clk_i (rise edge)                                      0.000     0.000
clock source latency                                             0.000     0.000
top^clk_i.inpad[0] (.input)                                      0.000     0.000
top^FF_NODE~574.clk[0] (.latch)                                  1.338     1.338
clock uncertainty                                                0.000     1.338
cell setup time                                                 -0.066     1.272
data required time                                                         1.272
--------------------------------------------------------------------------------
data required time                                                         1.272
data arrival time                                                        -29.979
--------------------------------------------------------------------------------
slack (VIOLATED)                                                         -28.707


#Path 47
Startpoint: top^FF_NODE~561.Q[0] (.latch clocked by top^clk_i)
Endpoint  : top^FF_NODE~609.D[0] (.latch clocked by top^clk_i)
Path Type : setup

Point                                                             Incr      Path
--------------------------------------------------------------------------------
clock top^clk_i (rise edge)                                      0.000     0.000
clock source latency                                             0.000     0.000
top^clk_i.inpad[0] (.input)                                      0.000     0.000
top^FF_NODE~561.clk[0] (.latch)                                  1.338     1.338
top^FF_NODE~561.Q[0] (.latch) [clock-to-output]                  0.124     1.462
n3388.in[0] (.names)                                             1.338     2.800
n3388.out[0] (.names)                                            0.261     3.061
n3387.in[4] (.names)                                             1.338     4.398
n3387.out[0] (.names)                                            0.261     4.659
n3386.in[4] (.names)                                             1.338     5.997
n3386.out[0] (.names)                                            0.261     6.258
n3385.in[2] (.names)                                             1.338     7.596
n3385.out[0] (.names)                                            0.261     7.857
n3384_1.in[2] (.names)                                           1.338     9.195
n3384_1.out[0] (.names)                                          0.261     9.456
n3383.in[2] (.names)                                             1.338    10.793
n3383.out[0] (.names)                                            0.261    11.054
n3382.in[2] (.names)                                             1.338    12.392
n3382.out[0] (.names)                                            0.261    12.653
n3381.in[2] (.names)                                             1.338    13.991
n3381.out[0] (.names)                                            0.261    14.252
n3380.in[2] (.names)                                             1.338    15.590
n3380.out[0] (.names)                                            0.261    15.851
n3379_1.in[2] (.names)                                           1.338    17.188
n3379_1.out[0] (.names)                                          0.261    17.449
n3378.in[2] (.names)                                             1.338    18.787
n3378.out[0] (.names)                                            0.261    19.048
n3377.in[4] (.names)                                             1.338    20.386
n3377.out[0] (.names)                                            0.261    20.647
n3376.in[4] (.names)                                             1.338    21.985
n3376.out[0] (.names)                                            0.261    22.246
n3375.in[4] (.names)                                             1.338    23.584
n3375.out[0] (.names)                                            0.261    23.845
n3374_1.in[2] (.names)                                           1.338    25.182
n3374_1.out[0] (.names)                                          0.261    25.443
n3568.in[5] (.names)                                             1.338    26.781
n3568.out[0] (.names)                                            0.261    27.042
n774.in[2] (.names)                                              1.338    28.380
n774.out[0] (.names)                                             0.261    28.641
top^FF_NODE~609.D[0] (.latch)                                    1.338    29.979
data arrival time                                                         29.979

clock top^clk_i (rise edge)                                      0.000     0.000
clock source latency                                             0.000     0.000
top^clk_i.inpad[0] (.input)                                      0.000     0.000
top^FF_NODE~609.clk[0] (.latch)                                  1.338     1.338
clock uncertainty                                                0.000     1.338
cell setup time                                                 -0.066     1.272
data required time                                                         1.272
--------------------------------------------------------------------------------
data required time                                                         1.272
data arrival time                                                        -29.979
--------------------------------------------------------------------------------
slack (VIOLATED)                                                         -28.707


#Path 48
Startpoint: top^FF_NODE~561.Q[0] (.latch clocked by top^clk_i)
Endpoint  : top^FF_NODE~610.D[0] (.latch clocked by top^clk_i)
Path Type : setup

Point                                                             Incr      Path
--------------------------------------------------------------------------------
clock top^clk_i (rise edge)                                      0.000     0.000
clock source latency                                             0.000     0.000
top^clk_i.inpad[0] (.input)                                      0.000     0.000
top^FF_NODE~561.clk[0] (.latch)                                  1.338     1.338
top^FF_NODE~561.Q[0] (.latch) [clock-to-output]                  0.124     1.462
n3388.in[0] (.names)                                             1.338     2.800
n3388.out[0] (.names)                                            0.261     3.061
n3387.in[4] (.names)                                             1.338     4.398
n3387.out[0] (.names)                                            0.261     4.659
n3386.in[4] (.names)                                             1.338     5.997
n3386.out[0] (.names)                                            0.261     6.258
n3385.in[2] (.names)                                             1.338     7.596
n3385.out[0] (.names)                                            0.261     7.857
n3384_1.in[2] (.names)                                           1.338     9.195
n3384_1.out[0] (.names)                                          0.261     9.456
n3383.in[2] (.names)                                             1.338    10.793
n3383.out[0] (.names)                                            0.261    11.054
n3382.in[2] (.names)                                             1.338    12.392
n3382.out[0] (.names)                                            0.261    12.653
n3381.in[2] (.names)                                             1.338    13.991
n3381.out[0] (.names)                                            0.261    14.252
n3380.in[2] (.names)                                             1.338    15.590
n3380.out[0] (.names)                                            0.261    15.851
n3379_1.in[2] (.names)                                           1.338    17.188
n3379_1.out[0] (.names)                                          0.261    17.449
n3378.in[2] (.names)                                             1.338    18.787
n3378.out[0] (.names)                                            0.261    19.048
n3377.in[4] (.names)                                             1.338    20.386
n3377.out[0] (.names)                                            0.261    20.647
n3376.in[4] (.names)                                             1.338    21.985
n3376.out[0] (.names)                                            0.261    22.246
n3375.in[4] (.names)                                             1.338    23.584
n3375.out[0] (.names)                                            0.261    23.845
n3374_1.in[2] (.names)                                           1.338    25.182
n3374_1.out[0] (.names)                                          0.261    25.443
n3373.in[4] (.names)                                             1.338    26.781
n3373.out[0] (.names)                                            0.261    27.042
n784.in[4] (.names)                                              1.338    28.380
n784.out[0] (.names)                                             0.261    28.641
top^FF_NODE~610.D[0] (.latch)                                    1.338    29.979
data arrival time                                                         29.979

clock top^clk_i (rise edge)                                      0.000     0.000
clock source latency                                             0.000     0.000
top^clk_i.inpad[0] (.input)                                      0.000     0.000
top^FF_NODE~610.clk[0] (.latch)                                  1.338     1.338
clock uncertainty                                                0.000     1.338
cell setup time                                                 -0.066     1.272
data required time                                                         1.272
--------------------------------------------------------------------------------
data required time                                                         1.272
data arrival time                                                        -29.979
--------------------------------------------------------------------------------
slack (VIOLATED)                                                         -28.707


#Path 49
Startpoint: top^FF_NODE~669.Q[0] (.latch clocked by top^clk_i)
Endpoint  : top^FF_NODE~703.D[0] (.latch clocked by top^clk_i)
Path Type : setup

Point                                                             Incr      Path
--------------------------------------------------------------------------------
clock top^clk_i (rise edge)                                      0.000     0.000
clock source latency                                             0.000     0.000
top^clk_i.inpad[0] (.input)                                      0.000     0.000
top^FF_NODE~669.clk[0] (.latch)                                  1.338     1.338
top^FF_NODE~669.Q[0] (.latch) [clock-to-output]                  0.124     1.462
n3506.in[0] (.names)                                             1.338     2.800
n3506.out[0] (.names)                                            0.261     3.061
n3505.in[4] (.names)                                             1.338     4.398
n3505.out[0] (.names)                                            0.261     4.659
n3504_1.in[4] (.names)                                           1.338     5.997
n3504_1.out[0] (.names)                                          0.261     6.258
n3503.in[2] (.names)                                             1.338     7.596
n3503.out[0] (.names)                                            0.261     7.857
n3502.in[2] (.names)                                             1.338     9.195
n3502.out[0] (.names)                                            0.261     9.456
n3501.in[2] (.names)                                             1.338    10.793
n3501.out[0] (.names)                                            0.261    11.054
n3500.in[2] (.names)                                             1.338    12.392
n3500.out[0] (.names)                                            0.261    12.653
n3499_1.in[2] (.names)                                           1.338    13.991
n3499_1.out[0] (.names)                                          0.261    14.252
n3498.in[2] (.names)                                             1.338    15.590
n3498.out[0] (.names)                                            0.261    15.851
n3497.in[2] (.names)                                             1.338    17.188
n3497.out[0] (.names)                                            0.261    17.449
n3496.in[2] (.names)                                             1.338    18.787
n3496.out[0] (.names)                                            0.261    19.048
n3495.in[4] (.names)                                             1.338    20.386
n3495.out[0] (.names)                                            0.261    20.647
n3494_1.in[4] (.names)                                           1.338    21.985
n3494_1.out[0] (.names)                                          0.261    22.246
n3493.in[2] (.names)                                             1.338    23.584
n3493.out[0] (.names)                                            0.261    23.845
n3492.in[2] (.names)                                             1.338    25.182
n3492.out[0] (.names)                                            0.261    25.443
n3620.in[3] (.names)                                             1.338    26.781
n3620.out[0] (.names)                                            0.261    27.042
n924.in[5] (.names)                                              1.338    28.380
n924.out[0] (.names)                                             0.261    28.641
top^FF_NODE~703.D[0] (.latch)                                    1.338    29.979
data arrival time                                                         29.979

clock top^clk_i (rise edge)                                      0.000     0.000
clock source latency                                             0.000     0.000
top^clk_i.inpad[0] (.input)                                      0.000     0.000
top^FF_NODE~703.clk[0] (.latch)                                  1.338     1.338
clock uncertainty                                                0.000     1.338
cell setup time                                                 -0.066     1.272
data required time                                                         1.272
--------------------------------------------------------------------------------
data required time                                                         1.272
data arrival time                                                        -29.979
--------------------------------------------------------------------------------
slack (VIOLATED)                                                         -28.707


#Path 50
Startpoint: top^FF_NODE~669.Q[0] (.latch clocked by top^clk_i)
Endpoint  : top^FF_NODE~704.D[0] (.latch clocked by top^clk_i)
Path Type : setup

Point                                                             Incr      Path
--------------------------------------------------------------------------------
clock top^clk_i (rise edge)                                      0.000     0.000
clock source latency                                             0.000     0.000
top^clk_i.inpad[0] (.input)                                      0.000     0.000
top^FF_NODE~669.clk[0] (.latch)                                  1.338     1.338
top^FF_NODE~669.Q[0] (.latch) [clock-to-output]                  0.124     1.462
n3506.in[0] (.names)                                             1.338     2.800
n3506.out[0] (.names)                                            0.261     3.061
n3505.in[4] (.names)                                             1.338     4.398
n3505.out[0] (.names)                                            0.261     4.659
n3504_1.in[4] (.names)                                           1.338     5.997
n3504_1.out[0] (.names)                                          0.261     6.258
n3503.in[2] (.names)                                             1.338     7.596
n3503.out[0] (.names)                                            0.261     7.857
n3502.in[2] (.names)                                             1.338     9.195
n3502.out[0] (.names)                                            0.261     9.456
n3501.in[2] (.names)                                             1.338    10.793
n3501.out[0] (.names)                                            0.261    11.054
n3500.in[2] (.names)                                             1.338    12.392
n3500.out[0] (.names)                                            0.261    12.653
n3499_1.in[2] (.names)                                           1.338    13.991
n3499_1.out[0] (.names)                                          0.261    14.252
n3498.in[2] (.names)                                             1.338    15.590
n3498.out[0] (.names)                                            0.261    15.851
n3497.in[2] (.names)                                             1.338    17.188
n3497.out[0] (.names)                                            0.261    17.449
n3496.in[2] (.names)                                             1.338    18.787
n3496.out[0] (.names)                                            0.261    19.048
n3495.in[4] (.names)                                             1.338    20.386
n3495.out[0] (.names)                                            0.261    20.647
n3494_1.in[4] (.names)                                           1.338    21.985
n3494_1.out[0] (.names)                                          0.261    22.246
n3493.in[2] (.names)                                             1.338    23.584
n3493.out[0] (.names)                                            0.261    23.845
n3492.in[2] (.names)                                             1.338    25.182
n3492.out[0] (.names)                                            0.261    25.443
n3610.in[2] (.names)                                             1.338    26.781
n3610.out[0] (.names)                                            0.261    27.042
n894.in[4] (.names)                                              1.338    28.380
n894.out[0] (.names)                                             0.261    28.641
top^FF_NODE~704.D[0] (.latch)                                    1.338    29.979
data arrival time                                                         29.979

clock top^clk_i (rise edge)                                      0.000     0.000
clock source latency                                             0.000     0.000
top^clk_i.inpad[0] (.input)                                      0.000     0.000
top^FF_NODE~704.clk[0] (.latch)                                  1.338     1.338
clock uncertainty                                                0.000     1.338
cell setup time                                                 -0.066     1.272
data required time                                                         1.272
--------------------------------------------------------------------------------
data required time                                                         1.272
data arrival time                                                        -29.979
--------------------------------------------------------------------------------
slack (VIOLATED)                                                         -28.707


#Path 51
Startpoint: top^FF_NODE~637.Q[0] (.latch clocked by top^clk_i)
Endpoint  : top^FF_NODE~672.D[0] (.latch clocked by top^clk_i)
Path Type : setup

Point                                                             Incr      Path
--------------------------------------------------------------------------------
clock top^clk_i (rise edge)                                      0.000     0.000
clock source latency                                             0.000     0.000
top^clk_i.inpad[0] (.input)                                      0.000     0.000
top^FF_NODE~637.clk[0] (.latch)                                  1.338     1.338
top^FF_NODE~637.Q[0] (.latch) [clock-to-output]                  0.124     1.462
n3481.in[0] (.names)                                             1.338     2.800
n3481.out[0] (.names)                                            0.261     3.061
n3480.in[4] (.names)                                             1.338     4.398
n3480.out[0] (.names)                                            0.261     4.659
n3479_1.in[4] (.names)                                           1.338     5.997
n3479_1.out[0] (.names)                                          0.261     6.258
n3478.in[2] (.names)                                             1.338     7.596
n3478.out[0] (.names)                                            0.261     7.857
n3477.in[2] (.names)                                             1.338     9.195
n3477.out[0] (.names)                                            0.261     9.456
n3476.in[2] (.names)                                             1.338    10.793
n3476.out[0] (.names)                                            0.261    11.054
n3475.in[2] (.names)                                             1.338    12.392
n3475.out[0] (.names)                                            0.261    12.653
n3474_1.in[2] (.names)                                           1.338    13.991
n3474_1.out[0] (.names)                                          0.261    14.252
n3473.in[2] (.names)                                             1.338    15.590
n3473.out[0] (.names)                                            0.261    15.851
n3472.in[2] (.names)                                             1.338    17.188
n3472.out[0] (.names)                                            0.261    17.449
n3471.in[2] (.names)                                             1.338    18.787
n3471.out[0] (.names)                                            0.261    19.048
n3470.in[4] (.names)                                             1.338    20.386
n3470.out[0] (.names)                                            0.261    20.647
n3469_1.in[4] (.names)                                           1.338    21.985
n3469_1.out[0] (.names)                                          0.261    22.246
n3468.in[2] (.names)                                             1.338    23.584
n3468.out[0] (.names)                                            0.261    23.845
n3467.in[2] (.names)                                             1.338    25.182
n3467.out[0] (.names)                                            0.261    25.443
n3607.in[5] (.names)                                             1.338    26.781
n3607.out[0] (.names)                                            0.261    27.042
n884.in[5] (.names)                                              1.338    28.380
n884.out[0] (.names)                                             0.261    28.641
top^FF_NODE~672.D[0] (.latch)                                    1.338    29.979
data arrival time                                                         29.979

clock top^clk_i (rise edge)                                      0.000     0.000
clock source latency                                             0.000     0.000
top^clk_i.inpad[0] (.input)                                      0.000     0.000
top^FF_NODE~672.clk[0] (.latch)                                  1.338     1.338
clock uncertainty                                                0.000     1.338
cell setup time                                                 -0.066     1.272
data required time                                                         1.272
--------------------------------------------------------------------------------
data required time                                                         1.272
data arrival time                                                        -29.979
--------------------------------------------------------------------------------
slack (VIOLATED)                                                         -28.707


#Path 52
Startpoint: top^FF_NODE~605.Q[0] (.latch clocked by top^clk_i)
Endpoint  : top^FF_NODE~640.D[0] (.latch clocked by top^clk_i)
Path Type : setup

Point                                                             Incr      Path
--------------------------------------------------------------------------------
clock top^clk_i (rise edge)                                      0.000     0.000
clock source latency                                             0.000     0.000
top^clk_i.inpad[0] (.input)                                      0.000     0.000
top^FF_NODE~605.clk[0] (.latch)                                  1.338     1.338
top^FF_NODE~605.Q[0] (.latch) [clock-to-output]                  0.124     1.462
n3447.in[0] (.names)                                             1.338     2.800
n3447.out[0] (.names)                                            0.261     3.061
n3446.in[4] (.names)                                             1.338     4.398
n3446.out[0] (.names)                                            0.261     4.659
n3445.in[4] (.names)                                             1.338     5.997
n3445.out[0] (.names)                                            0.261     6.258
n3444_1.in[2] (.names)                                           1.338     7.596
n3444_1.out[0] (.names)                                          0.261     7.857
n3443.in[2] (.names)                                             1.338     9.195
n3443.out[0] (.names)                                            0.261     9.456
n3442.in[2] (.names)                                             1.338    10.793
n3442.out[0] (.names)                                            0.261    11.054
n3441.in[2] (.names)                                             1.338    12.392
n3441.out[0] (.names)                                            0.261    12.653
n3440.in[2] (.names)                                             1.338    13.991
n3440.out[0] (.names)                                            0.261    14.252
n3439_1.in[2] (.names)                                           1.338    15.590
n3439_1.out[0] (.names)                                          0.261    15.851
n3438.in[2] (.names)                                             1.338    17.188
n3438.out[0] (.names)                                            0.261    17.449
n3437.in[2] (.names)                                             1.338    18.787
n3437.out[0] (.names)                                            0.261    19.048
n3436.in[4] (.names)                                             1.338    20.386
n3436.out[0] (.names)                                            0.261    20.647
n3435.in[4] (.names)                                             1.338    21.985
n3435.out[0] (.names)                                            0.261    22.246
n3434_1.in[2] (.names)                                           1.338    23.584
n3434_1.out[0] (.names)                                          0.261    23.845
n3433.in[2] (.names)                                             1.338    25.182
n3433.out[0] (.names)                                            0.261    25.443
n3604_1.in[5] (.names)                                           1.338    26.781
n3604_1.out[0] (.names)                                          0.261    27.042
n874.in[5] (.names)                                              1.338    28.380
n874.out[0] (.names)                                             0.261    28.641
top^FF_NODE~640.D[0] (.latch)                                    1.338    29.979
data arrival time                                                         29.979

clock top^clk_i (rise edge)                                      0.000     0.000
clock source latency                                             0.000     0.000
top^clk_i.inpad[0] (.input)                                      0.000     0.000
top^FF_NODE~640.clk[0] (.latch)                                  1.338     1.338
clock uncertainty                                                0.000     1.338
cell setup time                                                 -0.066     1.272
data required time                                                         1.272
--------------------------------------------------------------------------------
data required time                                                         1.272
data arrival time                                                        -29.979
--------------------------------------------------------------------------------
slack (VIOLATED)                                                         -28.707


#Path 53
Startpoint: top^FF_NODE~1394.Q[0] (.latch clocked by top^clk_i)
Endpoint  : top^FF_NODE~570.D[0] (.latch clocked by top^clk_i)
Path Type : setup

Point                                                             Incr      Path
--------------------------------------------------------------------------------
clock top^clk_i (rise edge)                                      0.000     0.000
clock source latency                                             0.000     0.000
top^clk_i.inpad[0] (.input)                                      0.000     0.000
top^FF_NODE~1394.clk[0] (.latch)                                 1.338     1.338
top^FF_NODE~1394.Q[0] (.latch) [clock-to-output]                 0.124     1.462
n2913.in[0] (.names)                                             1.338     2.800
n2913.out[0] (.names)                                            0.261     3.061
n2912.in[5] (.names)                                             1.338     4.398
n2912.out[0] (.names)                                            0.261     4.659
n2949_1.in[3] (.names)                                           1.338     5.997
n2949_1.out[0] (.names)                                          0.261     6.258
n2999_1.in[1] (.names)                                           1.338     7.596
n2999_1.out[0] (.names)                                          0.261     7.857
n2998.in[4] (.names)                                             1.338     9.195
n2998.out[0] (.names)                                            0.261     9.456
n2994_1.in[5] (.names)                                           1.338    10.793
n2994_1.out[0] (.names)                                          0.261    11.054
n3051.in[5] (.names)                                             1.338    12.392
n3051.out[0] (.names)                                            0.261    12.653
n3055.in[4] (.names)                                             1.338    13.991
n3055.out[0] (.names)                                            0.261    14.252
n3054_1.in[4] (.names)                                           1.338    15.590
n3054_1.out[0] (.names)                                          0.261    15.851
n3053.in[1] (.names)                                             1.338    17.188
n3053.out[0] (.names)                                            0.261    17.449
n3040.in[3] (.names)                                             1.338    18.787
n3040.out[0] (.names)                                            0.261    19.048
n3146.in[0] (.names)                                             1.338    20.386
n3146.out[0] (.names)                                            0.261    20.647
n3145.in[2] (.names)                                             1.338    21.985
n3145.out[0] (.names)                                            0.261    22.246
n3356.in[0] (.names)                                             1.338    23.584
n3356.out[0] (.names)                                            0.261    23.845
n3357.in[3] (.names)                                             1.338    25.182
n3357.out[0] (.names)                                            0.261    25.443
n479.in[5] (.names)                                              1.338    26.781
n479.out[0] (.names)                                             0.261    27.042
top^FF_NODE~570.D[0] (.latch)                                    1.338    28.380
data arrival time                                                         28.380

clock top^clk_i (rise edge)                                      0.000     0.000
clock source latency                                             0.000     0.000
top^clk_i.inpad[0] (.input)                                      0.000     0.000
top^FF_NODE~570.clk[0] (.latch)                                  1.338     1.338
clock uncertainty                                                0.000     1.338
cell setup time                                                 -0.066     1.272
data required time                                                         1.272
--------------------------------------------------------------------------------
data required time                                                         1.272
data arrival time                                                        -28.380
--------------------------------------------------------------------------------
slack (VIOLATED)                                                         -27.108


#Path 54
Startpoint: top^FF_NODE~605.Q[0] (.latch clocked by top^clk_i)
Endpoint  : top^FF_NODE~639.D[0] (.latch clocked by top^clk_i)
Path Type : setup

Point                                                             Incr      Path
--------------------------------------------------------------------------------
clock top^clk_i (rise edge)                                      0.000     0.000
clock source latency                                             0.000     0.000
top^clk_i.inpad[0] (.input)                                      0.000     0.000
top^FF_NODE~605.clk[0] (.latch)                                  1.338     1.338
top^FF_NODE~605.Q[0] (.latch) [clock-to-output]                  0.124     1.462
n3447.in[0] (.names)                                             1.338     2.800
n3447.out[0] (.names)                                            0.261     3.061
n3446.in[4] (.names)                                             1.338     4.398
n3446.out[0] (.names)                                            0.261     4.659
n3445.in[4] (.names)                                             1.338     5.997
n3445.out[0] (.names)                                            0.261     6.258
n3444_1.in[2] (.names)                                           1.338     7.596
n3444_1.out[0] (.names)                                          0.261     7.857
n3443.in[2] (.names)                                             1.338     9.195
n3443.out[0] (.names)                                            0.261     9.456
n3442.in[2] (.names)                                             1.338    10.793
n3442.out[0] (.names)                                            0.261    11.054
n3441.in[2] (.names)                                             1.338    12.392
n3441.out[0] (.names)                                            0.261    12.653
n3440.in[2] (.names)                                             1.338    13.991
n3440.out[0] (.names)                                            0.261    14.252
n3439_1.in[2] (.names)                                           1.338    15.590
n3439_1.out[0] (.names)                                          0.261    15.851
n3438.in[2] (.names)                                             1.338    17.188
n3438.out[0] (.names)                                            0.261    17.449
n3437.in[2] (.names)                                             1.338    18.787
n3437.out[0] (.names)                                            0.261    19.048
n3436.in[4] (.names)                                             1.338    20.386
n3436.out[0] (.names)                                            0.261    20.647
n3435.in[4] (.names)                                             1.338    21.985
n3435.out[0] (.names)                                            0.261    22.246
n3434_1.in[2] (.names)                                           1.338    23.584
n3434_1.out[0] (.names)                                          0.261    23.845
n3433.in[2] (.names)                                             1.338    25.182
n3433.out[0] (.names)                                            0.261    25.443
n904.in[4] (.names)                                              1.338    26.781
n904.out[0] (.names)                                             0.261    27.042
top^FF_NODE~639.D[0] (.latch)                                    1.338    28.380
data arrival time                                                         28.380

clock top^clk_i (rise edge)                                      0.000     0.000
clock source latency                                             0.000     0.000
top^clk_i.inpad[0] (.input)                                      0.000     0.000
top^FF_NODE~639.clk[0] (.latch)                                  1.338     1.338
clock uncertainty                                                0.000     1.338
cell setup time                                                 -0.066     1.272
data required time                                                         1.272
--------------------------------------------------------------------------------
data required time                                                         1.272
data arrival time                                                        -28.380
--------------------------------------------------------------------------------
slack (VIOLATED)                                                         -27.108


#Path 55
Startpoint: top^FF_NODE~637.Q[0] (.latch clocked by top^clk_i)
Endpoint  : top^FF_NODE~671.D[0] (.latch clocked by top^clk_i)
Path Type : setup

Point                                                             Incr      Path
--------------------------------------------------------------------------------
clock top^clk_i (rise edge)                                      0.000     0.000
clock source latency                                             0.000     0.000
top^clk_i.inpad[0] (.input)                                      0.000     0.000
top^FF_NODE~637.clk[0] (.latch)                                  1.338     1.338
top^FF_NODE~637.Q[0] (.latch) [clock-to-output]                  0.124     1.462
n3481.in[0] (.names)                                             1.338     2.800
n3481.out[0] (.names)                                            0.261     3.061
n3480.in[4] (.names)                                             1.338     4.398
n3480.out[0] (.names)                                            0.261     4.659
n3479_1.in[4] (.names)                                           1.338     5.997
n3479_1.out[0] (.names)                                          0.261     6.258
n3478.in[2] (.names)                                             1.338     7.596
n3478.out[0] (.names)                                            0.261     7.857
n3477.in[2] (.names)                                             1.338     9.195
n3477.out[0] (.names)                                            0.261     9.456
n3476.in[2] (.names)                                             1.338    10.793
n3476.out[0] (.names)                                            0.261    11.054
n3475.in[2] (.names)                                             1.338    12.392
n3475.out[0] (.names)                                            0.261    12.653
n3474_1.in[2] (.names)                                           1.338    13.991
n3474_1.out[0] (.names)                                          0.261    14.252
n3473.in[2] (.names)                                             1.338    15.590
n3473.out[0] (.names)                                            0.261    15.851
n3472.in[2] (.names)                                             1.338    17.188
n3472.out[0] (.names)                                            0.261    17.449
n3471.in[2] (.names)                                             1.338    18.787
n3471.out[0] (.names)                                            0.261    19.048
n3470.in[4] (.names)                                             1.338    20.386
n3470.out[0] (.names)                                            0.261    20.647
n3469_1.in[4] (.names)                                           1.338    21.985
n3469_1.out[0] (.names)                                          0.261    22.246
n3468.in[2] (.names)                                             1.338    23.584
n3468.out[0] (.names)                                            0.261    23.845
n3467.in[2] (.names)                                             1.338    25.182
n3467.out[0] (.names)                                            0.261    25.443
n914.in[4] (.names)                                              1.338    26.781
n914.out[0] (.names)                                             0.261    27.042
top^FF_NODE~671.D[0] (.latch)                                    1.338    28.380
data arrival time                                                         28.380

clock top^clk_i (rise edge)                                      0.000     0.000
clock source latency                                             0.000     0.000
top^clk_i.inpad[0] (.input)                                      0.000     0.000
top^FF_NODE~671.clk[0] (.latch)                                  1.338     1.338
clock uncertainty                                                0.000     1.338
cell setup time                                                 -0.066     1.272
data required time                                                         1.272
--------------------------------------------------------------------------------
data required time                                                         1.272
data arrival time                                                        -28.380
--------------------------------------------------------------------------------
slack (VIOLATED)                                                         -27.108


#Path 56
Startpoint: top^FF_NODE~561.Q[0] (.latch clocked by top^clk_i)
Endpoint  : top^FF_NODE~608.D[0] (.latch clocked by top^clk_i)
Path Type : setup

Point                                                             Incr      Path
--------------------------------------------------------------------------------
clock top^clk_i (rise edge)                                      0.000     0.000
clock source latency                                             0.000     0.000
top^clk_i.inpad[0] (.input)                                      0.000     0.000
top^FF_NODE~561.clk[0] (.latch)                                  1.338     1.338
top^FF_NODE~561.Q[0] (.latch) [clock-to-output]                  0.124     1.462
n3388.in[0] (.names)                                             1.338     2.800
n3388.out[0] (.names)                                            0.261     3.061
n3387.in[4] (.names)                                             1.338     4.398
n3387.out[0] (.names)                                            0.261     4.659
n3386.in[4] (.names)                                             1.338     5.997
n3386.out[0] (.names)                                            0.261     6.258
n3385.in[2] (.names)                                             1.338     7.596
n3385.out[0] (.names)                                            0.261     7.857
n3384_1.in[2] (.names)                                           1.338     9.195
n3384_1.out[0] (.names)                                          0.261     9.456
n3383.in[2] (.names)                                             1.338    10.793
n3383.out[0] (.names)                                            0.261    11.054
n3382.in[2] (.names)                                             1.338    12.392
n3382.out[0] (.names)                                            0.261    12.653
n3381.in[2] (.names)                                             1.338    13.991
n3381.out[0] (.names)                                            0.261    14.252
n3380.in[2] (.names)                                             1.338    15.590
n3380.out[0] (.names)                                            0.261    15.851
n3379_1.in[2] (.names)                                           1.338    17.188
n3379_1.out[0] (.names)                                          0.261    17.449
n3378.in[2] (.names)                                             1.338    18.787
n3378.out[0] (.names)                                            0.261    19.048
n3377.in[4] (.names)                                             1.338    20.386
n3377.out[0] (.names)                                            0.261    20.647
n3376.in[4] (.names)                                             1.338    21.985
n3376.out[0] (.names)                                            0.261    22.246
n3375.in[4] (.names)                                             1.338    23.584
n3375.out[0] (.names)                                            0.261    23.845
n3374_1.in[2] (.names)                                           1.338    25.182
n3374_1.out[0] (.names)                                          0.261    25.443
n764.in[4] (.names)                                              1.338    26.781
n764.out[0] (.names)                                             0.261    27.042
top^FF_NODE~608.D[0] (.latch)                                    1.338    28.380
data arrival time                                                         28.380

clock top^clk_i (rise edge)                                      0.000     0.000
clock source latency                                             0.000     0.000
top^clk_i.inpad[0] (.input)                                      0.000     0.000
top^FF_NODE~608.clk[0] (.latch)                                  1.338     1.338
clock uncertainty                                                0.000     1.338
cell setup time                                                 -0.066     1.272
data required time                                                         1.272
--------------------------------------------------------------------------------
data required time                                                         1.272
data arrival time                                                        -28.380
--------------------------------------------------------------------------------
slack (VIOLATED)                                                         -27.108


#Path 57
Startpoint: top^FF_NODE~1394.Q[0] (.latch clocked by top^clk_i)
Endpoint  : top^FF_NODE~571.D[0] (.latch clocked by top^clk_i)
Path Type : setup

Point                                                             Incr      Path
--------------------------------------------------------------------------------
clock top^clk_i (rise edge)                                      0.000     0.000
clock source latency                                             0.000     0.000
top^clk_i.inpad[0] (.input)                                      0.000     0.000
top^FF_NODE~1394.clk[0] (.latch)                                 1.338     1.338
top^FF_NODE~1394.Q[0] (.latch) [clock-to-output]                 0.124     1.462
n2913.in[0] (.names)                                             1.338     2.800
n2913.out[0] (.names)                                            0.261     3.061
n2912.in[5] (.names)                                             1.338     4.398
n2912.out[0] (.names)                                            0.261     4.659
n2949_1.in[3] (.names)                                           1.338     5.997
n2949_1.out[0] (.names)                                          0.261     6.258
n2999_1.in[1] (.names)                                           1.338     7.596
n2999_1.out[0] (.names)                                          0.261     7.857
n2998.in[4] (.names)                                             1.338     9.195
n2998.out[0] (.names)                                            0.261     9.456
n2994_1.in[5] (.names)                                           1.338    10.793
n2994_1.out[0] (.names)                                          0.261    11.054
n3051.in[5] (.names)                                             1.338    12.392
n3051.out[0] (.names)                                            0.261    12.653
n3047.in[5] (.names)                                             1.338    13.991
n3047.out[0] (.names)                                            0.261    14.252
n3108.in[5] (.names)                                             1.338    15.590
n3108.out[0] (.names)                                            0.261    15.851
n3113.in[4] (.names)                                             1.338    17.188
n3113.out[0] (.names)                                            0.261    17.449
n3114_1.in[1] (.names)                                           1.338    18.787
n3114_1.out[0] (.names)                                          0.261    19.048
n3128.in[1] (.names)                                             1.338    20.386
n3128.out[0] (.names)                                            0.261    20.647
n3141.in[0] (.names)                                             1.338    21.985
n3141.out[0] (.names)                                            0.261    22.246
n3152.in[2] (.names)                                             1.338    23.584
n3152.out[0] (.names)                                            0.261    23.845
n3295.in[3] (.names)                                             1.338    25.182
n3295.out[0] (.names)                                            0.261    25.443
n384.in[5] (.names)                                              1.338    26.781
n384.out[0] (.names)                                             0.261    27.042
top^FF_NODE~571.D[0] (.latch)                                    1.338    28.380
data arrival time                                                         28.380

clock top^clk_i (rise edge)                                      0.000     0.000
clock source latency                                             0.000     0.000
top^clk_i.inpad[0] (.input)                                      0.000     0.000
top^FF_NODE~571.clk[0] (.latch)                                  1.338     1.338
clock uncertainty                                                0.000     1.338
cell setup time                                                 -0.066     1.272
data required time                                                         1.272
--------------------------------------------------------------------------------
data required time                                                         1.272
data arrival time                                                        -28.380
--------------------------------------------------------------------------------
slack (VIOLATED)                                                         -27.108


#Path 58
Startpoint: top^FF_NODE~561.Q[0] (.latch clocked by top^clk_i)
Endpoint  : top^FF_NODE~607.D[0] (.latch clocked by top^clk_i)
Path Type : setup

Point                                                             Incr      Path
--------------------------------------------------------------------------------
clock top^clk_i (rise edge)                                      0.000     0.000
clock source latency                                             0.000     0.000
top^clk_i.inpad[0] (.input)                                      0.000     0.000
top^FF_NODE~561.clk[0] (.latch)                                  1.338     1.338
top^FF_NODE~561.Q[0] (.latch) [clock-to-output]                  0.124     1.462
n3388.in[0] (.names)                                             1.338     2.800
n3388.out[0] (.names)                                            0.261     3.061
n3387.in[4] (.names)                                             1.338     4.398
n3387.out[0] (.names)                                            0.261     4.659
n3386.in[4] (.names)                                             1.338     5.997
n3386.out[0] (.names)                                            0.261     6.258
n3385.in[2] (.names)                                             1.338     7.596
n3385.out[0] (.names)                                            0.261     7.857
n3384_1.in[2] (.names)                                           1.338     9.195
n3384_1.out[0] (.names)                                          0.261     9.456
n3383.in[2] (.names)                                             1.338    10.793
n3383.out[0] (.names)                                            0.261    11.054
n3382.in[2] (.names)                                             1.338    12.392
n3382.out[0] (.names)                                            0.261    12.653
n3381.in[2] (.names)                                             1.338    13.991
n3381.out[0] (.names)                                            0.261    14.252
n3380.in[2] (.names)                                             1.338    15.590
n3380.out[0] (.names)                                            0.261    15.851
n3379_1.in[2] (.names)                                           1.338    17.188
n3379_1.out[0] (.names)                                          0.261    17.449
n3378.in[2] (.names)                                             1.338    18.787
n3378.out[0] (.names)                                            0.261    19.048
n3377.in[4] (.names)                                             1.338    20.386
n3377.out[0] (.names)                                            0.261    20.647
n3376.in[4] (.names)                                             1.338    21.985
n3376.out[0] (.names)                                            0.261    22.246
n3375.in[4] (.names)                                             1.338    23.584
n3375.out[0] (.names)                                            0.261    23.845
n3646.in[3] (.names)                                             1.338    25.182
n3646.out[0] (.names)                                            0.261    25.443
n1009.in[5] (.names)                                             1.338    26.781
n1009.out[0] (.names)                                            0.261    27.042
top^FF_NODE~607.D[0] (.latch)                                    1.338    28.380
data arrival time                                                         28.380

clock top^clk_i (rise edge)                                      0.000     0.000
clock source latency                                             0.000     0.000
top^clk_i.inpad[0] (.input)                                      0.000     0.000
top^FF_NODE~607.clk[0] (.latch)                                  1.338     1.338
clock uncertainty                                                0.000     1.338
cell setup time                                                 -0.066     1.272
data required time                                                         1.272
--------------------------------------------------------------------------------
data required time                                                         1.272
data arrival time                                                        -28.380
--------------------------------------------------------------------------------
slack (VIOLATED)                                                         -27.108


#Path 59
Startpoint: top^FF_NODE~1394.Q[0] (.latch clocked by top^clk_i)
Endpoint  : top^FF_NODE~572.D[0] (.latch clocked by top^clk_i)
Path Type : setup

Point                                                             Incr      Path
--------------------------------------------------------------------------------
clock top^clk_i (rise edge)                                      0.000     0.000
clock source latency                                             0.000     0.000
top^clk_i.inpad[0] (.input)                                      0.000     0.000
top^FF_NODE~1394.clk[0] (.latch)                                 1.338     1.338
top^FF_NODE~1394.Q[0] (.latch) [clock-to-output]                 0.124     1.462
n2913.in[0] (.names)                                             1.338     2.800
n2913.out[0] (.names)                                            0.261     3.061
n2912.in[5] (.names)                                             1.338     4.398
n2912.out[0] (.names)                                            0.261     4.659
n2949_1.in[3] (.names)                                           1.338     5.997
n2949_1.out[0] (.names)                                          0.261     6.258
n2999_1.in[1] (.names)                                           1.338     7.596
n2999_1.out[0] (.names)                                          0.261     7.857
n2998.in[4] (.names)                                             1.338     9.195
n2998.out[0] (.names)                                            0.261     9.456
n2994_1.in[5] (.names)                                           1.338    10.793
n2994_1.out[0] (.names)                                          0.261    11.054
n3051.in[5] (.names)                                             1.338    12.392
n3051.out[0] (.names)                                            0.261    12.653
n3047.in[5] (.names)                                             1.338    13.991
n3047.out[0] (.names)                                            0.261    14.252
n3108.in[5] (.names)                                             1.338    15.590
n3108.out[0] (.names)                                            0.261    15.851
n3113.in[4] (.names)                                             1.338    17.188
n3113.out[0] (.names)                                            0.261    17.449
n3114_1.in[1] (.names)                                           1.338    18.787
n3114_1.out[0] (.names)                                          0.261    19.048
n3128.in[1] (.names)                                             1.338    20.386
n3128.out[0] (.names)                                            0.261    20.647
n3141.in[0] (.names)                                             1.338    21.985
n3141.out[0] (.names)                                            0.261    22.246
n3150.in[2] (.names)                                             1.338    23.584
n3150.out[0] (.names)                                            0.261    23.845
n3341.in[3] (.names)                                             1.338    25.182
n3341.out[0] (.names)                                            0.261    25.443
n449.in[3] (.names)                                              1.338    26.781
n449.out[0] (.names)                                             0.261    27.042
top^FF_NODE~572.D[0] (.latch)                                    1.338    28.380
data arrival time                                                         28.380

clock top^clk_i (rise edge)                                      0.000     0.000
clock source latency                                             0.000     0.000
top^clk_i.inpad[0] (.input)                                      0.000     0.000
top^FF_NODE~572.clk[0] (.latch)                                  1.338     1.338
clock uncertainty                                                0.000     1.338
cell setup time                                                 -0.066     1.272
data required time                                                         1.272
--------------------------------------------------------------------------------
data required time                                                         1.272
data arrival time                                                        -28.380
--------------------------------------------------------------------------------
slack (VIOLATED)                                                         -27.108


#Path 60
Startpoint: top^FF_NODE~1394.Q[0] (.latch clocked by top^clk_i)
Endpoint  : top^FF_NODE~569.D[0] (.latch clocked by top^clk_i)
Path Type : setup

Point                                                             Incr      Path
--------------------------------------------------------------------------------
clock top^clk_i (rise edge)                                      0.000     0.000
clock source latency                                             0.000     0.000
top^clk_i.inpad[0] (.input)                                      0.000     0.000
top^FF_NODE~1394.clk[0] (.latch)                                 1.338     1.338
top^FF_NODE~1394.Q[0] (.latch) [clock-to-output]                 0.124     1.462
n2913.in[0] (.names)                                             1.338     2.800
n2913.out[0] (.names)                                            0.261     3.061
n2912.in[5] (.names)                                             1.338     4.398
n2912.out[0] (.names)                                            0.261     4.659
n2949_1.in[3] (.names)                                           1.338     5.997
n2949_1.out[0] (.names)                                          0.261     6.258
n2999_1.in[1] (.names)                                           1.338     7.596
n2999_1.out[0] (.names)                                          0.261     7.857
n2998.in[4] (.names)                                             1.338     9.195
n2998.out[0] (.names)                                            0.261     9.456
n2994_1.in[5] (.names)                                           1.338    10.793
n2994_1.out[0] (.names)                                          0.261    11.054
n3051.in[5] (.names)                                             1.338    12.392
n3051.out[0] (.names)                                            0.261    12.653
n3055.in[4] (.names)                                             1.338    13.991
n3055.out[0] (.names)                                            0.261    14.252
n3054_1.in[4] (.names)                                           1.338    15.590
n3054_1.out[0] (.names)                                          0.261    15.851
n3053.in[1] (.names)                                             1.338    17.188
n3053.out[0] (.names)                                            0.261    17.449
n3040.in[3] (.names)                                             1.338    18.787
n3040.out[0] (.names)                                            0.261    19.048
n3146.in[0] (.names)                                             1.338    20.386
n3146.out[0] (.names)                                            0.261    20.647
n3155.in[2] (.names)                                             1.338    21.985
n3155.out[0] (.names)                                            0.261    22.246
n3315.in[3] (.names)                                             1.338    23.584
n3315.out[0] (.names)                                            0.261    23.845
n414.in[1] (.names)                                              1.338    25.182
n414.out[0] (.names)                                             0.261    25.443
top^FF_NODE~569.D[0] (.latch)                                    1.338    26.781
data arrival time                                                         26.781

clock top^clk_i (rise edge)                                      0.000     0.000
clock source latency                                             0.000     0.000
top^clk_i.inpad[0] (.input)                                      0.000     0.000
top^FF_NODE~569.clk[0] (.latch)                                  1.338     1.338
clock uncertainty                                                0.000     1.338
cell setup time                                                 -0.066     1.272
data required time                                                         1.272
--------------------------------------------------------------------------------
data required time                                                         1.272
data arrival time                                                        -26.781
--------------------------------------------------------------------------------
slack (VIOLATED)                                                         -25.509


#Path 61
Startpoint: top^FF_NODE~1394.Q[0] (.latch clocked by top^clk_i)
Endpoint  : top^FF_NODE~568.D[0] (.latch clocked by top^clk_i)
Path Type : setup

Point                                                             Incr      Path
--------------------------------------------------------------------------------
clock top^clk_i (rise edge)                                      0.000     0.000
clock source latency                                             0.000     0.000
top^clk_i.inpad[0] (.input)                                      0.000     0.000
top^FF_NODE~1394.clk[0] (.latch)                                 1.338     1.338
top^FF_NODE~1394.Q[0] (.latch) [clock-to-output]                 0.124     1.462
n2913.in[0] (.names)                                             1.338     2.800
n2913.out[0] (.names)                                            0.261     3.061
n2912.in[5] (.names)                                             1.338     4.398
n2912.out[0] (.names)                                            0.261     4.659
n2949_1.in[3] (.names)                                           1.338     5.997
n2949_1.out[0] (.names)                                          0.261     6.258
n2999_1.in[1] (.names)                                           1.338     7.596
n2999_1.out[0] (.names)                                          0.261     7.857
n2998.in[4] (.names)                                             1.338     9.195
n2998.out[0] (.names)                                            0.261     9.456
n2994_1.in[5] (.names)                                           1.338    10.793
n2994_1.out[0] (.names)                                          0.261    11.054
n3051.in[5] (.names)                                             1.338    12.392
n3051.out[0] (.names)                                            0.261    12.653
n3055.in[4] (.names)                                             1.338    13.991
n3055.out[0] (.names)                                            0.261    14.252
n3054_1.in[4] (.names)                                           1.338    15.590
n3054_1.out[0] (.names)                                          0.261    15.851
n3053.in[1] (.names)                                             1.338    17.188
n3053.out[0] (.names)                                            0.261    17.449
n3040.in[3] (.names)                                             1.338    18.787
n3040.out[0] (.names)                                            0.261    19.048
n3039_1.in[1] (.names)                                           1.338    20.386
n3039_1.out[0] (.names)                                          0.261    20.647
n3038.in[0] (.names)                                             1.338    21.985
n3038.out[0] (.names)                                            0.261    22.246
n3037.in[3] (.names)                                             1.338    23.584
n3037.out[0] (.names)                                            0.261    23.845
n349.in[3] (.names)                                              1.338    25.182
n349.out[0] (.names)                                             0.261    25.443
top^FF_NODE~568.D[0] (.latch)                                    1.338    26.781
data arrival time                                                         26.781

clock top^clk_i (rise edge)                                      0.000     0.000
clock source latency                                             0.000     0.000
top^clk_i.inpad[0] (.input)                                      0.000     0.000
top^FF_NODE~568.clk[0] (.latch)                                  1.338     1.338
clock uncertainty                                                0.000     1.338
cell setup time                                                 -0.066     1.272
data required time                                                         1.272
--------------------------------------------------------------------------------
data required time                                                         1.272
data arrival time                                                        -26.781
--------------------------------------------------------------------------------
slack (VIOLATED)                                                         -25.509


#Path 62
Startpoint: top^FF_NODE~561.Q[0] (.latch clocked by top^clk_i)
Endpoint  : top^FF_NODE~606.D[0] (.latch clocked by top^clk_i)
Path Type : setup

Point                                                             Incr      Path
--------------------------------------------------------------------------------
clock top^clk_i (rise edge)                                      0.000     0.000
clock source latency                                             0.000     0.000
top^clk_i.inpad[0] (.input)                                      0.000     0.000
top^FF_NODE~561.clk[0] (.latch)                                  1.338     1.338
top^FF_NODE~561.Q[0] (.latch) [clock-to-output]                  0.124     1.462
n3388.in[0] (.names)                                             1.338     2.800
n3388.out[0] (.names)                                            0.261     3.061
n3387.in[4] (.names)                                             1.338     4.398
n3387.out[0] (.names)                                            0.261     4.659
n3386.in[4] (.names)                                             1.338     5.997
n3386.out[0] (.names)                                            0.261     6.258
n3385.in[2] (.names)                                             1.338     7.596
n3385.out[0] (.names)                                            0.261     7.857
n3384_1.in[2] (.names)                                           1.338     9.195
n3384_1.out[0] (.names)                                          0.261     9.456
n3383.in[2] (.names)                                             1.338    10.793
n3383.out[0] (.names)                                            0.261    11.054
n3382.in[2] (.names)                                             1.338    12.392
n3382.out[0] (.names)                                            0.261    12.653
n3381.in[2] (.names)                                             1.338    13.991
n3381.out[0] (.names)                                            0.261    14.252
n3380.in[2] (.names)                                             1.338    15.590
n3380.out[0] (.names)                                            0.261    15.851
n3379_1.in[2] (.names)                                           1.338    17.188
n3379_1.out[0] (.names)                                          0.261    17.449
n3378.in[2] (.names)                                             1.338    18.787
n3378.out[0] (.names)                                            0.261    19.048
n3377.in[4] (.names)                                             1.338    20.386
n3377.out[0] (.names)                                            0.261    20.647
n3376.in[4] (.names)                                             1.338    21.985
n3376.out[0] (.names)                                            0.261    22.246
n3643.in[5] (.names)                                             1.338    23.584
n3643.out[0] (.names)                                            0.261    23.845
n999.in[5] (.names)                                              1.338    25.182
n999.out[0] (.names)                                             0.261    25.443
top^FF_NODE~606.D[0] (.latch)                                    1.338    26.781
data arrival time                                                         26.781

clock top^clk_i (rise edge)                                      0.000     0.000
clock source latency                                             0.000     0.000
top^clk_i.inpad[0] (.input)                                      0.000     0.000
top^FF_NODE~606.clk[0] (.latch)                                  1.338     1.338
clock uncertainty                                                0.000     1.338
cell setup time                                                 -0.066     1.272
data required time                                                         1.272
--------------------------------------------------------------------------------
data required time                                                         1.272
data arrival time                                                        -26.781
--------------------------------------------------------------------------------
slack (VIOLATED)                                                         -25.509


#Path 63
Startpoint: top^FF_NODE~669.Q[0] (.latch clocked by top^clk_i)
Endpoint  : top^FF_NODE~700.D[0] (.latch clocked by top^clk_i)
Path Type : setup

Point                                                             Incr      Path
--------------------------------------------------------------------------------
clock top^clk_i (rise edge)                                      0.000     0.000
clock source latency                                             0.000     0.000
top^clk_i.inpad[0] (.input)                                      0.000     0.000
top^FF_NODE~669.clk[0] (.latch)                                  1.338     1.338
top^FF_NODE~669.Q[0] (.latch) [clock-to-output]                  0.124     1.462
n3506.in[0] (.names)                                             1.338     2.800
n3506.out[0] (.names)                                            0.261     3.061
n3505.in[4] (.names)                                             1.338     4.398
n3505.out[0] (.names)                                            0.261     4.659
n3504_1.in[4] (.names)                                           1.338     5.997
n3504_1.out[0] (.names)                                          0.261     6.258
n3503.in[2] (.names)                                             1.338     7.596
n3503.out[0] (.names)                                            0.261     7.857
n3502.in[2] (.names)                                             1.338     9.195
n3502.out[0] (.names)                                            0.261     9.456
n3501.in[2] (.names)                                             1.338    10.793
n3501.out[0] (.names)                                            0.261    11.054
n3500.in[2] (.names)                                             1.338    12.392
n3500.out[0] (.names)                                            0.261    12.653
n3499_1.in[2] (.names)                                           1.338    13.991
n3499_1.out[0] (.names)                                          0.261    14.252
n3498.in[2] (.names)                                             1.338    15.590
n3498.out[0] (.names)                                            0.261    15.851
n3497.in[2] (.names)                                             1.338    17.188
n3497.out[0] (.names)                                            0.261    17.449
n3496.in[2] (.names)                                             1.338    18.787
n3496.out[0] (.names)                                            0.261    19.048
n3495.in[4] (.names)                                             1.338    20.386
n3495.out[0] (.names)                                            0.261    20.647
n3494_1.in[4] (.names)                                           1.338    21.985
n3494_1.out[0] (.names)                                          0.261    22.246
n3655.in[3] (.names)                                             1.338    23.584
n3655.out[0] (.names)                                            0.261    23.845
n1039.in[5] (.names)                                             1.338    25.182
n1039.out[0] (.names)                                            0.261    25.443
top^FF_NODE~700.D[0] (.latch)                                    1.338    26.781
data arrival time                                                         26.781

clock top^clk_i (rise edge)                                      0.000     0.000
clock source latency                                             0.000     0.000
top^clk_i.inpad[0] (.input)                                      0.000     0.000
top^FF_NODE~700.clk[0] (.latch)                                  1.338     1.338
clock uncertainty                                                0.000     1.338
cell setup time                                                 -0.066     1.272
data required time                                                         1.272
--------------------------------------------------------------------------------
data required time                                                         1.272
data arrival time                                                        -26.781
--------------------------------------------------------------------------------
slack (VIOLATED)                                                         -25.509


#Path 64
Startpoint: top^FF_NODE~669.Q[0] (.latch clocked by top^clk_i)
Endpoint  : top^FF_NODE~702.D[0] (.latch clocked by top^clk_i)
Path Type : setup

Point                                                             Incr      Path
--------------------------------------------------------------------------------
clock top^clk_i (rise edge)                                      0.000     0.000
clock source latency                                             0.000     0.000
top^clk_i.inpad[0] (.input)                                      0.000     0.000
top^FF_NODE~669.clk[0] (.latch)                                  1.338     1.338
top^FF_NODE~669.Q[0] (.latch) [clock-to-output]                  0.124     1.462
n3506.in[0] (.names)                                             1.338     2.800
n3506.out[0] (.names)                                            0.261     3.061
n3505.in[4] (.names)                                             1.338     4.398
n3505.out[0] (.names)                                            0.261     4.659
n3504_1.in[4] (.names)                                           1.338     5.997
n3504_1.out[0] (.names)                                          0.261     6.258
n3503.in[2] (.names)                                             1.338     7.596
n3503.out[0] (.names)                                            0.261     7.857
n3502.in[2] (.names)                                             1.338     9.195
n3502.out[0] (.names)                                            0.261     9.456
n3501.in[2] (.names)                                             1.338    10.793
n3501.out[0] (.names)                                            0.261    11.054
n3500.in[2] (.names)                                             1.338    12.392
n3500.out[0] (.names)                                            0.261    12.653
n3499_1.in[2] (.names)                                           1.338    13.991
n3499_1.out[0] (.names)                                          0.261    14.252
n3498.in[2] (.names)                                             1.338    15.590
n3498.out[0] (.names)                                            0.261    15.851
n3497.in[2] (.names)                                             1.338    17.188
n3497.out[0] (.names)                                            0.261    17.449
n3496.in[2] (.names)                                             1.338    18.787
n3496.out[0] (.names)                                            0.261    19.048
n3495.in[4] (.names)                                             1.338    20.386
n3495.out[0] (.names)                                            0.261    20.647
n3494_1.in[4] (.names)                                           1.338    21.985
n3494_1.out[0] (.names)                                          0.261    22.246
n3493.in[2] (.names)                                             1.338    23.584
n3493.out[0] (.names)                                            0.261    23.845
n954.in[4] (.names)                                              1.338    25.182
n954.out[0] (.names)                                             0.261    25.443
top^FF_NODE~702.D[0] (.latch)                                    1.338    26.781
data arrival time                                                         26.781

clock top^clk_i (rise edge)                                      0.000     0.000
clock source latency                                             0.000     0.000
top^clk_i.inpad[0] (.input)                                      0.000     0.000
top^FF_NODE~702.clk[0] (.latch)                                  1.338     1.338
clock uncertainty                                                0.000     1.338
cell setup time                                                 -0.066     1.272
data required time                                                         1.272
--------------------------------------------------------------------------------
data required time                                                         1.272
data arrival time                                                        -26.781
--------------------------------------------------------------------------------
slack (VIOLATED)                                                         -25.509


#Path 65
Startpoint: top^FF_NODE~637.Q[0] (.latch clocked by top^clk_i)
Endpoint  : top^FF_NODE~668.D[0] (.latch clocked by top^clk_i)
Path Type : setup

Point                                                             Incr      Path
--------------------------------------------------------------------------------
clock top^clk_i (rise edge)                                      0.000     0.000
clock source latency                                             0.000     0.000
top^clk_i.inpad[0] (.input)                                      0.000     0.000
top^FF_NODE~637.clk[0] (.latch)                                  1.338     1.338
top^FF_NODE~637.Q[0] (.latch) [clock-to-output]                  0.124     1.462
n3481.in[0] (.names)                                             1.338     2.800
n3481.out[0] (.names)                                            0.261     3.061
n3480.in[4] (.names)                                             1.338     4.398
n3480.out[0] (.names)                                            0.261     4.659
n3479_1.in[4] (.names)                                           1.338     5.997
n3479_1.out[0] (.names)                                          0.261     6.258
n3478.in[2] (.names)                                             1.338     7.596
n3478.out[0] (.names)                                            0.261     7.857
n3477.in[2] (.names)                                             1.338     9.195
n3477.out[0] (.names)                                            0.261     9.456
n3476.in[2] (.names)                                             1.338    10.793
n3476.out[0] (.names)                                            0.261    11.054
n3475.in[2] (.names)                                             1.338    12.392
n3475.out[0] (.names)                                            0.261    12.653
n3474_1.in[2] (.names)                                           1.338    13.991
n3474_1.out[0] (.names)                                          0.261    14.252
n3473.in[2] (.names)                                             1.338    15.590
n3473.out[0] (.names)                                            0.261    15.851
n3472.in[2] (.names)                                             1.338    17.188
n3472.out[0] (.names)                                            0.261    17.449
n3471.in[2] (.names)                                             1.338    18.787
n3471.out[0] (.names)                                            0.261    19.048
n3470.in[4] (.names)                                             1.338    20.386
n3470.out[0] (.names)                                            0.261    20.647
n3469_1.in[4] (.names)                                           1.338    21.985
n3469_1.out[0] (.names)                                          0.261    22.246
n3652.in[3] (.names)                                             1.338    23.584
n3652.out[0] (.names)                                            0.261    23.845
n1029.in[5] (.names)                                             1.338    25.182
n1029.out[0] (.names)                                            0.261    25.443
top^FF_NODE~668.D[0] (.latch)                                    1.338    26.781
data arrival time                                                         26.781

clock top^clk_i (rise edge)                                      0.000     0.000
clock source latency                                             0.000     0.000
top^clk_i.inpad[0] (.input)                                      0.000     0.000
top^FF_NODE~668.clk[0] (.latch)                                  1.338     1.338
clock uncertainty                                                0.000     1.338
cell setup time                                                 -0.066     1.272
data required time                                                         1.272
--------------------------------------------------------------------------------
data required time                                                         1.272
data arrival time                                                        -26.781
--------------------------------------------------------------------------------
slack (VIOLATED)                                                         -25.509


#Path 66
Startpoint: top^FF_NODE~637.Q[0] (.latch clocked by top^clk_i)
Endpoint  : top^FF_NODE~670.D[0] (.latch clocked by top^clk_i)
Path Type : setup

Point                                                             Incr      Path
--------------------------------------------------------------------------------
clock top^clk_i (rise edge)                                      0.000     0.000
clock source latency                                             0.000     0.000
top^clk_i.inpad[0] (.input)                                      0.000     0.000
top^FF_NODE~637.clk[0] (.latch)                                  1.338     1.338
top^FF_NODE~637.Q[0] (.latch) [clock-to-output]                  0.124     1.462
n3481.in[0] (.names)                                             1.338     2.800
n3481.out[0] (.names)                                            0.261     3.061
n3480.in[4] (.names)                                             1.338     4.398
n3480.out[0] (.names)                                            0.261     4.659
n3479_1.in[4] (.names)                                           1.338     5.997
n3479_1.out[0] (.names)                                          0.261     6.258
n3478.in[2] (.names)                                             1.338     7.596
n3478.out[0] (.names)                                            0.261     7.857
n3477.in[2] (.names)                                             1.338     9.195
n3477.out[0] (.names)                                            0.261     9.456
n3476.in[2] (.names)                                             1.338    10.793
n3476.out[0] (.names)                                            0.261    11.054
n3475.in[2] (.names)                                             1.338    12.392
n3475.out[0] (.names)                                            0.261    12.653
n3474_1.in[2] (.names)                                           1.338    13.991
n3474_1.out[0] (.names)                                          0.261    14.252
n3473.in[2] (.names)                                             1.338    15.590
n3473.out[0] (.names)                                            0.261    15.851
n3472.in[2] (.names)                                             1.338    17.188
n3472.out[0] (.names)                                            0.261    17.449
n3471.in[2] (.names)                                             1.338    18.787
n3471.out[0] (.names)                                            0.261    19.048
n3470.in[4] (.names)                                             1.338    20.386
n3470.out[0] (.names)                                            0.261    20.647
n3469_1.in[4] (.names)                                           1.338    21.985
n3469_1.out[0] (.names)                                          0.261    22.246
n3468.in[2] (.names)                                             1.338    23.584
n3468.out[0] (.names)                                            0.261    23.845
n944.in[4] (.names)                                              1.338    25.182
n944.out[0] (.names)                                             0.261    25.443
top^FF_NODE~670.D[0] (.latch)                                    1.338    26.781
data arrival time                                                         26.781

clock top^clk_i (rise edge)                                      0.000     0.000
clock source latency                                             0.000     0.000
top^clk_i.inpad[0] (.input)                                      0.000     0.000
top^FF_NODE~670.clk[0] (.latch)                                  1.338     1.338
clock uncertainty                                                0.000     1.338
cell setup time                                                 -0.066     1.272
data required time                                                         1.272
--------------------------------------------------------------------------------
data required time                                                         1.272
data arrival time                                                        -26.781
--------------------------------------------------------------------------------
slack (VIOLATED)                                                         -25.509


#Path 67
Startpoint: top^FF_NODE~605.Q[0] (.latch clocked by top^clk_i)
Endpoint  : top^FF_NODE~638.D[0] (.latch clocked by top^clk_i)
Path Type : setup

Point                                                             Incr      Path
--------------------------------------------------------------------------------
clock top^clk_i (rise edge)                                      0.000     0.000
clock source latency                                             0.000     0.000
top^clk_i.inpad[0] (.input)                                      0.000     0.000
top^FF_NODE~605.clk[0] (.latch)                                  1.338     1.338
top^FF_NODE~605.Q[0] (.latch) [clock-to-output]                  0.124     1.462
n3447.in[0] (.names)                                             1.338     2.800
n3447.out[0] (.names)                                            0.261     3.061
n3446.in[4] (.names)                                             1.338     4.398
n3446.out[0] (.names)                                            0.261     4.659
n3445.in[4] (.names)                                             1.338     5.997
n3445.out[0] (.names)                                            0.261     6.258
n3444_1.in[2] (.names)                                           1.338     7.596
n3444_1.out[0] (.names)                                          0.261     7.857
n3443.in[2] (.names)                                             1.338     9.195
n3443.out[0] (.names)                                            0.261     9.456
n3442.in[2] (.names)                                             1.338    10.793
n3442.out[0] (.names)                                            0.261    11.054
n3441.in[2] (.names)                                             1.338    12.392
n3441.out[0] (.names)                                            0.261    12.653
n3440.in[2] (.names)                                             1.338    13.991
n3440.out[0] (.names)                                            0.261    14.252
n3439_1.in[2] (.names)                                           1.338    15.590
n3439_1.out[0] (.names)                                          0.261    15.851
n3438.in[2] (.names)                                             1.338    17.188
n3438.out[0] (.names)                                            0.261    17.449
n3437.in[2] (.names)                                             1.338    18.787
n3437.out[0] (.names)                                            0.261    19.048
n3436.in[4] (.names)                                             1.338    20.386
n3436.out[0] (.names)                                            0.261    20.647
n3435.in[4] (.names)                                             1.338    21.985
n3435.out[0] (.names)                                            0.261    22.246
n3434_1.in[2] (.names)                                           1.338    23.584
n3434_1.out[0] (.names)                                          0.261    23.845
n934.in[4] (.names)                                              1.338    25.182
n934.out[0] (.names)                                             0.261    25.443
top^FF_NODE~638.D[0] (.latch)                                    1.338    26.781
data arrival time                                                         26.781

clock top^clk_i (rise edge)                                      0.000     0.000
clock source latency                                             0.000     0.000
top^clk_i.inpad[0] (.input)                                      0.000     0.000
top^FF_NODE~638.clk[0] (.latch)                                  1.338     1.338
clock uncertainty                                                0.000     1.338
cell setup time                                                 -0.066     1.272
data required time                                                         1.272
--------------------------------------------------------------------------------
data required time                                                         1.272
data arrival time                                                        -26.781
--------------------------------------------------------------------------------
slack (VIOLATED)                                                         -25.509


#Path 68
Startpoint: top^FF_NODE~561.Q[0] (.latch clocked by top^clk_i)
Endpoint  : top^FF_NODE~603.D[0] (.latch clocked by top^clk_i)
Path Type : setup

Point                                                             Incr      Path
--------------------------------------------------------------------------------
clock top^clk_i (rise edge)                                      0.000     0.000
clock source latency                                             0.000     0.000
top^clk_i.inpad[0] (.input)                                      0.000     0.000
top^FF_NODE~561.clk[0] (.latch)                                  1.338     1.338
top^FF_NODE~561.Q[0] (.latch) [clock-to-output]                  0.124     1.462
n3388.in[0] (.names)                                             1.338     2.800
n3388.out[0] (.names)                                            0.261     3.061
n3387.in[4] (.names)                                             1.338     4.398
n3387.out[0] (.names)                                            0.261     4.659
n3386.in[4] (.names)                                             1.338     5.997
n3386.out[0] (.names)                                            0.261     6.258
n3385.in[2] (.names)                                             1.338     7.596
n3385.out[0] (.names)                                            0.261     7.857
n3384_1.in[2] (.names)                                           1.338     9.195
n3384_1.out[0] (.names)                                          0.261     9.456
n3383.in[2] (.names)                                             1.338    10.793
n3383.out[0] (.names)                                            0.261    11.054
n3382.in[2] (.names)                                             1.338    12.392
n3382.out[0] (.names)                                            0.261    12.653
n3381.in[2] (.names)                                             1.338    13.991
n3381.out[0] (.names)                                            0.261    14.252
n3380.in[2] (.names)                                             1.338    15.590
n3380.out[0] (.names)                                            0.261    15.851
n3379_1.in[2] (.names)                                           1.338    17.188
n3379_1.out[0] (.names)                                          0.261    17.449
n3378.in[2] (.names)                                             1.338    18.787
n3378.out[0] (.names)                                            0.261    19.048
n3377.in[4] (.names)                                             1.338    20.386
n3377.out[0] (.names)                                            0.261    20.647
n3636.in[5] (.names)                                             1.338    21.985
n3636.out[0] (.names)                                            0.261    22.246
n979.in[2] (.names)                                              1.338    23.584
n979.out[0] (.names)                                             0.261    23.845
top^FF_NODE~603.D[0] (.latch)                                    1.338    25.182
data arrival time                                                         25.182

clock top^clk_i (rise edge)                                      0.000     0.000
clock source latency                                             0.000     0.000
top^clk_i.inpad[0] (.input)                                      0.000     0.000
top^FF_NODE~603.clk[0] (.latch)                                  1.338     1.338
clock uncertainty                                                0.000     1.338
cell setup time                                                 -0.066     1.272
data required time                                                         1.272
--------------------------------------------------------------------------------
data required time                                                         1.272
data arrival time                                                        -25.182
--------------------------------------------------------------------------------
slack (VIOLATED)                                                         -23.911


#Path 69
Startpoint: top^FF_NODE~605.Q[0] (.latch clocked by top^clk_i)
Endpoint  : top^FF_NODE~636.D[0] (.latch clocked by top^clk_i)
Path Type : setup

Point                                                             Incr      Path
--------------------------------------------------------------------------------
clock top^clk_i (rise edge)                                      0.000     0.000
clock source latency                                             0.000     0.000
top^clk_i.inpad[0] (.input)                                      0.000     0.000
top^FF_NODE~605.clk[0] (.latch)                                  1.338     1.338
top^FF_NODE~605.Q[0] (.latch) [clock-to-output]                  0.124     1.462
n3447.in[0] (.names)                                             1.338     2.800
n3447.out[0] (.names)                                            0.261     3.061
n3446.in[4] (.names)                                             1.338     4.398
n3446.out[0] (.names)                                            0.261     4.659
n3445.in[4] (.names)                                             1.338     5.997
n3445.out[0] (.names)                                            0.261     6.258
n3444_1.in[2] (.names)                                           1.338     7.596
n3444_1.out[0] (.names)                                          0.261     7.857
n3443.in[2] (.names)                                             1.338     9.195
n3443.out[0] (.names)                                            0.261     9.456
n3442.in[2] (.names)                                             1.338    10.793
n3442.out[0] (.names)                                            0.261    11.054
n3441.in[2] (.names)                                             1.338    12.392
n3441.out[0] (.names)                                            0.261    12.653
n3440.in[2] (.names)                                             1.338    13.991
n3440.out[0] (.names)                                            0.261    14.252
n3439_1.in[2] (.names)                                           1.338    15.590
n3439_1.out[0] (.names)                                          0.261    15.851
n3438.in[2] (.names)                                             1.338    17.188
n3438.out[0] (.names)                                            0.261    17.449
n3437.in[2] (.names)                                             1.338    18.787
n3437.out[0] (.names)                                            0.261    19.048
n3436.in[4] (.names)                                             1.338    20.386
n3436.out[0] (.names)                                            0.261    20.647
n3435.in[4] (.names)                                             1.338    21.985
n3435.out[0] (.names)                                            0.261    22.246
n1019.in[4] (.names)                                             1.338    23.584
n1019.out[0] (.names)                                            0.261    23.845
top^FF_NODE~636.D[0] (.latch)                                    1.338    25.182
data arrival time                                                         25.182

clock top^clk_i (rise edge)                                      0.000     0.000
clock source latency                                             0.000     0.000
top^clk_i.inpad[0] (.input)                                      0.000     0.000
top^FF_NODE~636.clk[0] (.latch)                                  1.338     1.338
clock uncertainty                                                0.000     1.338
cell setup time                                                 -0.066     1.272
data required time                                                         1.272
--------------------------------------------------------------------------------
data required time                                                         1.272
data arrival time                                                        -25.182
--------------------------------------------------------------------------------
slack (VIOLATED)                                                         -23.911


#Path 70
Startpoint: top^FF_NODE~605.Q[0] (.latch clocked by top^clk_i)
Endpoint  : top^FF_NODE~635.D[0] (.latch clocked by top^clk_i)
Path Type : setup

Point                                                             Incr      Path
--------------------------------------------------------------------------------
clock top^clk_i (rise edge)                                      0.000     0.000
clock source latency                                             0.000     0.000
top^clk_i.inpad[0] (.input)                                      0.000     0.000
top^FF_NODE~605.clk[0] (.latch)                                  1.338     1.338
top^FF_NODE~605.Q[0] (.latch) [clock-to-output]                  0.124     1.462
n3447.in[0] (.names)                                             1.338     2.800
n3447.out[0] (.names)                                            0.261     3.061
n3446.in[4] (.names)                                             1.338     4.398
n3446.out[0] (.names)                                            0.261     4.659
n3445.in[4] (.names)                                             1.338     5.997
n3445.out[0] (.names)                                            0.261     6.258
n3444_1.in[2] (.names)                                           1.338     7.596
n3444_1.out[0] (.names)                                          0.261     7.857
n3443.in[2] (.names)                                             1.338     9.195
n3443.out[0] (.names)                                            0.261     9.456
n3442.in[2] (.names)                                             1.338    10.793
n3442.out[0] (.names)                                            0.261    11.054
n3441.in[2] (.names)                                             1.338    12.392
n3441.out[0] (.names)                                            0.261    12.653
n3440.in[2] (.names)                                             1.338    13.991
n3440.out[0] (.names)                                            0.261    14.252
n3439_1.in[2] (.names)                                           1.338    15.590
n3439_1.out[0] (.names)                                          0.261    15.851
n3438.in[2] (.names)                                             1.338    17.188
n3438.out[0] (.names)                                            0.261    17.449
n3437.in[2] (.names)                                             1.338    18.787
n3437.out[0] (.names)                                            0.261    19.048
n3436.in[4] (.names)                                             1.338    20.386
n3436.out[0] (.names)                                            0.261    20.647
n3658.in[5] (.names)                                             1.338    21.985
n3658.out[0] (.names)                                            0.261    22.246
n1049.in[5] (.names)                                             1.338    23.584
n1049.out[0] (.names)                                            0.261    23.845
top^FF_NODE~635.D[0] (.latch)                                    1.338    25.182
data arrival time                                                         25.182

clock top^clk_i (rise edge)                                      0.000     0.000
clock source latency                                             0.000     0.000
top^clk_i.inpad[0] (.input)                                      0.000     0.000
top^FF_NODE~635.clk[0] (.latch)                                  1.338     1.338
clock uncertainty                                                0.000     1.338
cell setup time                                                 -0.066     1.272
data required time                                                         1.272
--------------------------------------------------------------------------------
data required time                                                         1.272
data arrival time                                                        -25.182
--------------------------------------------------------------------------------
slack (VIOLATED)                                                         -23.911


#Path 71
Startpoint: top^FF_NODE~637.Q[0] (.latch clocked by top^clk_i)
Endpoint  : top^FF_NODE~667.D[0] (.latch clocked by top^clk_i)
Path Type : setup

Point                                                             Incr      Path
--------------------------------------------------------------------------------
clock top^clk_i (rise edge)                                      0.000     0.000
clock source latency                                             0.000     0.000
top^clk_i.inpad[0] (.input)                                      0.000     0.000
top^FF_NODE~637.clk[0] (.latch)                                  1.338     1.338
top^FF_NODE~637.Q[0] (.latch) [clock-to-output]                  0.124     1.462
n3481.in[0] (.names)                                             1.338     2.800
n3481.out[0] (.names)                                            0.261     3.061
n3480.in[4] (.names)                                             1.338     4.398
n3480.out[0] (.names)                                            0.261     4.659
n3479_1.in[4] (.names)                                           1.338     5.997
n3479_1.out[0] (.names)                                          0.261     6.258
n3478.in[2] (.names)                                             1.338     7.596
n3478.out[0] (.names)                                            0.261     7.857
n3477.in[2] (.names)                                             1.338     9.195
n3477.out[0] (.names)                                            0.261     9.456
n3476.in[2] (.names)                                             1.338    10.793
n3476.out[0] (.names)                                            0.261    11.054
n3475.in[2] (.names)                                             1.338    12.392
n3475.out[0] (.names)                                            0.261    12.653
n3474_1.in[2] (.names)                                           1.338    13.991
n3474_1.out[0] (.names)                                          0.261    14.252
n3473.in[2] (.names)                                             1.338    15.590
n3473.out[0] (.names)                                            0.261    15.851
n3472.in[2] (.names)                                             1.338    17.188
n3472.out[0] (.names)                                            0.261    17.449
n3471.in[2] (.names)                                             1.338    18.787
n3471.out[0] (.names)                                            0.261    19.048
n3470.in[4] (.names)                                             1.338    20.386
n3470.out[0] (.names)                                            0.261    20.647
n3661.in[5] (.names)                                             1.338    21.985
n3661.out[0] (.names)                                            0.261    22.246
n1059.in[5] (.names)                                             1.338    23.584
n1059.out[0] (.names)                                            0.261    23.845
top^FF_NODE~667.D[0] (.latch)                                    1.338    25.182
data arrival time                                                         25.182

clock top^clk_i (rise edge)                                      0.000     0.000
clock source latency                                             0.000     0.000
top^clk_i.inpad[0] (.input)                                      0.000     0.000
top^FF_NODE~667.clk[0] (.latch)                                  1.338     1.338
clock uncertainty                                                0.000     1.338
cell setup time                                                 -0.066     1.272
data required time                                                         1.272
--------------------------------------------------------------------------------
data required time                                                         1.272
data arrival time                                                        -25.182
--------------------------------------------------------------------------------
slack (VIOLATED)                                                         -23.911


#Path 72
Startpoint: top^FF_NODE~669.Q[0] (.latch clocked by top^clk_i)
Endpoint  : top^FF_NODE~699.D[0] (.latch clocked by top^clk_i)
Path Type : setup

Point                                                             Incr      Path
--------------------------------------------------------------------------------
clock top^clk_i (rise edge)                                      0.000     0.000
clock source latency                                             0.000     0.000
top^clk_i.inpad[0] (.input)                                      0.000     0.000
top^FF_NODE~669.clk[0] (.latch)                                  1.338     1.338
top^FF_NODE~669.Q[0] (.latch) [clock-to-output]                  0.124     1.462
n3506.in[0] (.names)                                             1.338     2.800
n3506.out[0] (.names)                                            0.261     3.061
n3505.in[4] (.names)                                             1.338     4.398
n3505.out[0] (.names)                                            0.261     4.659
n3504_1.in[4] (.names)                                           1.338     5.997
n3504_1.out[0] (.names)                                          0.261     6.258
n3503.in[2] (.names)                                             1.338     7.596
n3503.out[0] (.names)                                            0.261     7.857
n3502.in[2] (.names)                                             1.338     9.195
n3502.out[0] (.names)                                            0.261     9.456
n3501.in[2] (.names)                                             1.338    10.793
n3501.out[0] (.names)                                            0.261    11.054
n3500.in[2] (.names)                                             1.338    12.392
n3500.out[0] (.names)                                            0.261    12.653
n3499_1.in[2] (.names)                                           1.338    13.991
n3499_1.out[0] (.names)                                          0.261    14.252
n3498.in[2] (.names)                                             1.338    15.590
n3498.out[0] (.names)                                            0.261    15.851
n3497.in[2] (.names)                                             1.338    17.188
n3497.out[0] (.names)                                            0.261    17.449
n3496.in[2] (.names)                                             1.338    18.787
n3496.out[0] (.names)                                            0.261    19.048
n3495.in[4] (.names)                                             1.338    20.386
n3495.out[0] (.names)                                            0.261    20.647
n3664_1.in[5] (.names)                                           1.338    21.985
n3664_1.out[0] (.names)                                          0.261    22.246
n1069.in[5] (.names)                                             1.338    23.584
n1069.out[0] (.names)                                            0.261    23.845
top^FF_NODE~699.D[0] (.latch)                                    1.338    25.182
data arrival time                                                         25.182

clock top^clk_i (rise edge)                                      0.000     0.000
clock source latency                                             0.000     0.000
top^clk_i.inpad[0] (.input)                                      0.000     0.000
top^FF_NODE~699.clk[0] (.latch)                                  1.338     1.338
clock uncertainty                                                0.000     1.338
cell setup time                                                 -0.066     1.272
data required time                                                         1.272
--------------------------------------------------------------------------------
data required time                                                         1.272
data arrival time                                                        -25.182
--------------------------------------------------------------------------------
slack (VIOLATED)                                                         -23.911


#Path 73
Startpoint: top^FF_NODE~561.Q[0] (.latch clocked by top^clk_i)
Endpoint  : top^FF_NODE~604.D[0] (.latch clocked by top^clk_i)
Path Type : setup

Point                                                             Incr      Path
--------------------------------------------------------------------------------
clock top^clk_i (rise edge)                                      0.000     0.000
clock source latency                                             0.000     0.000
top^clk_i.inpad[0] (.input)                                      0.000     0.000
top^FF_NODE~561.clk[0] (.latch)                                  1.338     1.338
top^FF_NODE~561.Q[0] (.latch) [clock-to-output]                  0.124     1.462
n3388.in[0] (.names)                                             1.338     2.800
n3388.out[0] (.names)                                            0.261     3.061
n3387.in[4] (.names)                                             1.338     4.398
n3387.out[0] (.names)                                            0.261     4.659
n3386.in[4] (.names)                                             1.338     5.997
n3386.out[0] (.names)                                            0.261     6.258
n3385.in[2] (.names)                                             1.338     7.596
n3385.out[0] (.names)                                            0.261     7.857
n3384_1.in[2] (.names)                                           1.338     9.195
n3384_1.out[0] (.names)                                          0.261     9.456
n3383.in[2] (.names)                                             1.338    10.793
n3383.out[0] (.names)                                            0.261    11.054
n3382.in[2] (.names)                                             1.338    12.392
n3382.out[0] (.names)                                            0.261    12.653
n3381.in[2] (.names)                                             1.338    13.991
n3381.out[0] (.names)                                            0.261    14.252
n3380.in[2] (.names)                                             1.338    15.590
n3380.out[0] (.names)                                            0.261    15.851
n3379_1.in[2] (.names)                                           1.338    17.188
n3379_1.out[0] (.names)                                          0.261    17.449
n3378.in[2] (.names)                                             1.338    18.787
n3378.out[0] (.names)                                            0.261    19.048
n3377.in[4] (.names)                                             1.338    20.386
n3377.out[0] (.names)                                            0.261    20.647
n3376.in[4] (.names)                                             1.338    21.985
n3376.out[0] (.names)                                            0.261    22.246
n989.in[4] (.names)                                              1.338    23.584
n989.out[0] (.names)                                             0.261    23.845
top^FF_NODE~604.D[0] (.latch)                                    1.338    25.182
data arrival time                                                         25.182

clock top^clk_i (rise edge)                                      0.000     0.000
clock source latency                                             0.000     0.000
top^clk_i.inpad[0] (.input)                                      0.000     0.000
top^FF_NODE~604.clk[0] (.latch)                                  1.338     1.338
clock uncertainty                                                0.000     1.338
cell setup time                                                 -0.066     1.272
data required time                                                         1.272
--------------------------------------------------------------------------------
data required time                                                         1.272
data arrival time                                                        -25.182
--------------------------------------------------------------------------------
slack (VIOLATED)                                                         -23.911


#Path 74
Startpoint: top^FF_NODE~561.Q[0] (.latch clocked by top^clk_i)
Endpoint  : top^FF_NODE~602.D[0] (.latch clocked by top^clk_i)
Path Type : setup

Point                                                             Incr      Path
--------------------------------------------------------------------------------
clock top^clk_i (rise edge)                                      0.000     0.000
clock source latency                                             0.000     0.000
top^clk_i.inpad[0] (.input)                                      0.000     0.000
top^FF_NODE~561.clk[0] (.latch)                                  1.338     1.338
top^FF_NODE~561.Q[0] (.latch) [clock-to-output]                  0.124     1.462
n3388.in[0] (.names)                                             1.338     2.800
n3388.out[0] (.names)                                            0.261     3.061
n3387.in[4] (.names)                                             1.338     4.398
n3387.out[0] (.names)                                            0.261     4.659
n3386.in[4] (.names)                                             1.338     5.997
n3386.out[0] (.names)                                            0.261     6.258
n3385.in[2] (.names)                                             1.338     7.596
n3385.out[0] (.names)                                            0.261     7.857
n3384_1.in[2] (.names)                                           1.338     9.195
n3384_1.out[0] (.names)                                          0.261     9.456
n3383.in[2] (.names)                                             1.338    10.793
n3383.out[0] (.names)                                            0.261    11.054
n3382.in[2] (.names)                                             1.338    12.392
n3382.out[0] (.names)                                            0.261    12.653
n3381.in[2] (.names)                                             1.338    13.991
n3381.out[0] (.names)                                            0.261    14.252
n3380.in[2] (.names)                                             1.338    15.590
n3380.out[0] (.names)                                            0.261    15.851
n3379_1.in[2] (.names)                                           1.338    17.188
n3379_1.out[0] (.names)                                          0.261    17.449
n3378.in[2] (.names)                                             1.338    18.787
n3378.out[0] (.names)                                            0.261    19.048
n3377.in[4] (.names)                                             1.338    20.386
n3377.out[0] (.names)                                            0.261    20.647
n3633.in[3] (.names)                                             1.338    21.985
n3633.out[0] (.names)                                            0.261    22.246
n969.in[5] (.names)                                              1.338    23.584
n969.out[0] (.names)                                             0.261    23.845
top^FF_NODE~602.D[0] (.latch)                                    1.338    25.182
data arrival time                                                         25.182

clock top^clk_i (rise edge)                                      0.000     0.000
clock source latency                                             0.000     0.000
top^clk_i.inpad[0] (.input)                                      0.000     0.000
top^FF_NODE~602.clk[0] (.latch)                                  1.338     1.338
clock uncertainty                                                0.000     1.338
cell setup time                                                 -0.066     1.272
data required time                                                         1.272
--------------------------------------------------------------------------------
data required time                                                         1.272
data arrival time                                                        -25.182
--------------------------------------------------------------------------------
slack (VIOLATED)                                                         -23.911


#Path 75
Startpoint: top^FF_NODE~1394.Q[0] (.latch clocked by top^clk_i)
Endpoint  : top^FF_NODE~567.D[0] (.latch clocked by top^clk_i)
Path Type : setup

Point                                                             Incr      Path
--------------------------------------------------------------------------------
clock top^clk_i (rise edge)                                      0.000     0.000
clock source latency                                             0.000     0.000
top^clk_i.inpad[0] (.input)                                      0.000     0.000
top^FF_NODE~1394.clk[0] (.latch)                                 1.338     1.338
top^FF_NODE~1394.Q[0] (.latch) [clock-to-output]                 0.124     1.462
n2913.in[0] (.names)                                             1.338     2.800
n2913.out[0] (.names)                                            0.261     3.061
n2912.in[5] (.names)                                             1.338     4.398
n2912.out[0] (.names)                                            0.261     4.659
n2949_1.in[3] (.names)                                           1.338     5.997
n2949_1.out[0] (.names)                                          0.261     6.258
n2999_1.in[1] (.names)                                           1.338     7.596
n2999_1.out[0] (.names)                                          0.261     7.857
n2998.in[4] (.names)                                             1.338     9.195
n2998.out[0] (.names)                                            0.261     9.456
n2994_1.in[5] (.names)                                           1.338    10.793
n2994_1.out[0] (.names)                                          0.261    11.054
n3051.in[5] (.names)                                             1.338    12.392
n3051.out[0] (.names)                                            0.261    12.653
n3063.in[1] (.names)                                             1.338    13.991
n3063.out[0] (.names)                                            0.261    14.252
n3074_1.in[1] (.names)                                           1.338    15.590
n3074_1.out[0] (.names)                                          0.261    15.851
n3073.in[2] (.names)                                             1.338    17.188
n3073.out[0] (.names)                                            0.261    17.449
n3080.in[0] (.names)                                             1.338    18.787
n3080.out[0] (.names)                                            0.261    19.048
n3087.in[1] (.names)                                             1.338    20.386
n3087.out[0] (.names)                                            0.261    20.647
n3339_1.in[3] (.names)                                           1.338    21.985
n3339_1.out[0] (.names)                                          0.261    22.246
n444.in[5] (.names)                                              1.338    23.584
n444.out[0] (.names)                                             0.261    23.845
top^FF_NODE~567.D[0] (.latch)                                    1.338    25.182
data arrival time                                                         25.182

clock top^clk_i (rise edge)                                      0.000     0.000
clock source latency                                             0.000     0.000
top^clk_i.inpad[0] (.input)                                      0.000     0.000
top^FF_NODE~567.clk[0] (.latch)                                  1.338     1.338
clock uncertainty                                                0.000     1.338
cell setup time                                                 -0.066     1.272
data required time                                                         1.272
--------------------------------------------------------------------------------
data required time                                                         1.272
data arrival time                                                        -25.182
--------------------------------------------------------------------------------
slack (VIOLATED)                                                         -23.911


#Path 76
Startpoint: top^FF_NODE~1394.Q[0] (.latch clocked by top^clk_i)
Endpoint  : top^FF_NODE~566.D[0] (.latch clocked by top^clk_i)
Path Type : setup

Point                                                             Incr      Path
--------------------------------------------------------------------------------
clock top^clk_i (rise edge)                                      0.000     0.000
clock source latency                                             0.000     0.000
top^clk_i.inpad[0] (.input)                                      0.000     0.000
top^FF_NODE~1394.clk[0] (.latch)                                 1.338     1.338
top^FF_NODE~1394.Q[0] (.latch) [clock-to-output]                 0.124     1.462
n2913.in[0] (.names)                                             1.338     2.800
n2913.out[0] (.names)                                            0.261     3.061
n2912.in[5] (.names)                                             1.338     4.398
n2912.out[0] (.names)                                            0.261     4.659
n2949_1.in[3] (.names)                                           1.338     5.997
n2949_1.out[0] (.names)                                          0.261     6.258
n2999_1.in[1] (.names)                                           1.338     7.596
n2999_1.out[0] (.names)                                          0.261     7.857
n2998.in[4] (.names)                                             1.338     9.195
n2998.out[0] (.names)                                            0.261     9.456
n2994_1.in[5] (.names)                                           1.338    10.793
n2994_1.out[0] (.names)                                          0.261    11.054
n3051.in[5] (.names)                                             1.338    12.392
n3051.out[0] (.names)                                            0.261    12.653
n3063.in[1] (.names)                                             1.338    13.991
n3063.out[0] (.names)                                            0.261    14.252
n3074_1.in[1] (.names)                                           1.338    15.590
n3074_1.out[0] (.names)                                          0.261    15.851
n3083.in[2] (.names)                                             1.338    17.188
n3083.out[0] (.names)                                            0.261    17.449
n3082.in[2] (.names)                                             1.338    18.787
n3082.out[0] (.names)                                            0.261    19.048
n3292.in[0] (.names)                                             1.338    20.386
n3292.out[0] (.names)                                            0.261    20.647
n3291.in[3] (.names)                                             1.338    21.985
n3291.out[0] (.names)                                            0.261    22.246
n379.in[4] (.names)                                              1.338    23.584
n379.out[0] (.names)                                             0.261    23.845
top^FF_NODE~566.D[0] (.latch)                                    1.338    25.182
data arrival time                                                         25.182

clock top^clk_i (rise edge)                                      0.000     0.000
clock source latency                                             0.000     0.000
top^clk_i.inpad[0] (.input)                                      0.000     0.000
top^FF_NODE~566.clk[0] (.latch)                                  1.338     1.338
clock uncertainty                                                0.000     1.338
cell setup time                                                 -0.066     1.272
data required time                                                         1.272
--------------------------------------------------------------------------------
data required time                                                         1.272
data arrival time                                                        -25.182
--------------------------------------------------------------------------------
slack (VIOLATED)                                                         -23.911


#Path 77
Startpoint: top^FF_NODE~605.Q[0] (.latch clocked by top^clk_i)
Endpoint  : top^FF_NODE~634.D[0] (.latch clocked by top^clk_i)
Path Type : setup

Point                                                             Incr      Path
--------------------------------------------------------------------------------
clock top^clk_i (rise edge)                                      0.000     0.000
clock source latency                                             0.000     0.000
top^clk_i.inpad[0] (.input)                                      0.000     0.000
top^FF_NODE~605.clk[0] (.latch)                                  1.338     1.338
top^FF_NODE~605.Q[0] (.latch) [clock-to-output]                  0.124     1.462
n3447.in[0] (.names)                                             1.338     2.800
n3447.out[0] (.names)                                            0.261     3.061
n3446.in[4] (.names)                                             1.338     4.398
n3446.out[0] (.names)                                            0.261     4.659
n3445.in[4] (.names)                                             1.338     5.997
n3445.out[0] (.names)                                            0.261     6.258
n3444_1.in[2] (.names)                                           1.338     7.596
n3444_1.out[0] (.names)                                          0.261     7.857
n3443.in[2] (.names)                                             1.338     9.195
n3443.out[0] (.names)                                            0.261     9.456
n3442.in[2] (.names)                                             1.338    10.793
n3442.out[0] (.names)                                            0.261    11.054
n3441.in[2] (.names)                                             1.338    12.392
n3441.out[0] (.names)                                            0.261    12.653
n3440.in[2] (.names)                                             1.338    13.991
n3440.out[0] (.names)                                            0.261    14.252
n3439_1.in[2] (.names)                                           1.338    15.590
n3439_1.out[0] (.names)                                          0.261    15.851
n3438.in[2] (.names)                                             1.338    17.188
n3438.out[0] (.names)                                            0.261    17.449
n3437.in[2] (.names)                                             1.338    18.787
n3437.out[0] (.names)                                            0.261    19.048
n3436.in[4] (.names)                                             1.338    20.386
n3436.out[0] (.names)                                            0.261    20.647
n1079.in[4] (.names)                                             1.338    21.985
n1079.out[0] (.names)                                            0.261    22.246
top^FF_NODE~634.D[0] (.latch)                                    1.338    23.584
data arrival time                                                         23.584

clock top^clk_i (rise edge)                                      0.000     0.000
clock source latency                                             0.000     0.000
top^clk_i.inpad[0] (.input)                                      0.000     0.000
top^FF_NODE~634.clk[0] (.latch)                                  1.338     1.338
clock uncertainty                                                0.000     1.338
cell setup time                                                 -0.066     1.272
data required time                                                         1.272
--------------------------------------------------------------------------------
data required time                                                         1.272
data arrival time                                                        -23.584
--------------------------------------------------------------------------------
slack (VIOLATED)                                                         -22.312


#Path 78
Startpoint: top^FF_NODE~605.Q[0] (.latch clocked by top^clk_i)
Endpoint  : top^FF_NODE~633.D[0] (.latch clocked by top^clk_i)
Path Type : setup

Point                                                             Incr      Path
--------------------------------------------------------------------------------
clock top^clk_i (rise edge)                                      0.000     0.000
clock source latency                                             0.000     0.000
top^clk_i.inpad[0] (.input)                                      0.000     0.000
top^FF_NODE~605.clk[0] (.latch)                                  1.338     1.338
top^FF_NODE~605.Q[0] (.latch) [clock-to-output]                  0.124     1.462
n3447.in[0] (.names)                                             1.338     2.800
n3447.out[0] (.names)                                            0.261     3.061
n3446.in[4] (.names)                                             1.338     4.398
n3446.out[0] (.names)                                            0.261     4.659
n3445.in[4] (.names)                                             1.338     5.997
n3445.out[0] (.names)                                            0.261     6.258
n3444_1.in[2] (.names)                                           1.338     7.596
n3444_1.out[0] (.names)                                          0.261     7.857
n3443.in[2] (.names)                                             1.338     9.195
n3443.out[0] (.names)                                            0.261     9.456
n3442.in[2] (.names)                                             1.338    10.793
n3442.out[0] (.names)                                            0.261    11.054
n3441.in[2] (.names)                                             1.338    12.392
n3441.out[0] (.names)                                            0.261    12.653
n3440.in[2] (.names)                                             1.338    13.991
n3440.out[0] (.names)                                            0.261    14.252
n3439_1.in[2] (.names)                                           1.338    15.590
n3439_1.out[0] (.names)                                          0.261    15.851
n3438.in[2] (.names)                                             1.338    17.188
n3438.out[0] (.names)                                            0.261    17.449
n3437.in[2] (.names)                                             1.338    18.787
n3437.out[0] (.names)                                            0.261    19.048
n3676.in[5] (.names)                                             1.338    20.386
n3676.out[0] (.names)                                            0.261    20.647
n1109.in[5] (.names)                                             1.338    21.985
n1109.out[0] (.names)                                            0.261    22.246
top^FF_NODE~633.D[0] (.latch)                                    1.338    23.584
data arrival time                                                         23.584

clock top^clk_i (rise edge)                                      0.000     0.000
clock source latency                                             0.000     0.000
top^clk_i.inpad[0] (.input)                                      0.000     0.000
top^FF_NODE~633.clk[0] (.latch)                                  1.338     1.338
clock uncertainty                                                0.000     1.338
cell setup time                                                 -0.066     1.272
data required time                                                         1.272
--------------------------------------------------------------------------------
data required time                                                         1.272
data arrival time                                                        -23.584
--------------------------------------------------------------------------------
slack (VIOLATED)                                                         -22.312


#Path 79
Startpoint: top^FF_NODE~637.Q[0] (.latch clocked by top^clk_i)
Endpoint  : top^FF_NODE~666.D[0] (.latch clocked by top^clk_i)
Path Type : setup

Point                                                             Incr      Path
--------------------------------------------------------------------------------
clock top^clk_i (rise edge)                                      0.000     0.000
clock source latency                                             0.000     0.000
top^clk_i.inpad[0] (.input)                                      0.000     0.000
top^FF_NODE~637.clk[0] (.latch)                                  1.338     1.338
top^FF_NODE~637.Q[0] (.latch) [clock-to-output]                  0.124     1.462
n3481.in[0] (.names)                                             1.338     2.800
n3481.out[0] (.names)                                            0.261     3.061
n3480.in[4] (.names)                                             1.338     4.398
n3480.out[0] (.names)                                            0.261     4.659
n3479_1.in[4] (.names)                                           1.338     5.997
n3479_1.out[0] (.names)                                          0.261     6.258
n3478.in[2] (.names)                                             1.338     7.596
n3478.out[0] (.names)                                            0.261     7.857
n3477.in[2] (.names)                                             1.338     9.195
n3477.out[0] (.names)                                            0.261     9.456
n3476.in[2] (.names)                                             1.338    10.793
n3476.out[0] (.names)                                            0.261    11.054
n3475.in[2] (.names)                                             1.338    12.392
n3475.out[0] (.names)                                            0.261    12.653
n3474_1.in[2] (.names)                                           1.338    13.991
n3474_1.out[0] (.names)                                          0.261    14.252
n3473.in[2] (.names)                                             1.338    15.590
n3473.out[0] (.names)                                            0.261    15.851
n3472.in[2] (.names)                                             1.338    17.188
n3472.out[0] (.names)                                            0.261    17.449
n3471.in[2] (.names)                                             1.338    18.787
n3471.out[0] (.names)                                            0.261    19.048
n3470.in[4] (.names)                                             1.338    20.386
n3470.out[0] (.names)                                            0.261    20.647
n1089.in[4] (.names)                                             1.338    21.985
n1089.out[0] (.names)                                            0.261    22.246
top^FF_NODE~666.D[0] (.latch)                                    1.338    23.584
data arrival time                                                         23.584

clock top^clk_i (rise edge)                                      0.000     0.000
clock source latency                                             0.000     0.000
top^clk_i.inpad[0] (.input)                                      0.000     0.000
top^FF_NODE~666.clk[0] (.latch)                                  1.338     1.338
clock uncertainty                                                0.000     1.338
cell setup time                                                 -0.066     1.272
data required time                                                         1.272
--------------------------------------------------------------------------------
data required time                                                         1.272
data arrival time                                                        -23.584
--------------------------------------------------------------------------------
slack (VIOLATED)                                                         -22.312


#Path 80
Startpoint: top^FF_NODE~637.Q[0] (.latch clocked by top^clk_i)
Endpoint  : top^FF_NODE~665.D[0] (.latch clocked by top^clk_i)
Path Type : setup

Point                                                             Incr      Path
--------------------------------------------------------------------------------
clock top^clk_i (rise edge)                                      0.000     0.000
clock source latency                                             0.000     0.000
top^clk_i.inpad[0] (.input)                                      0.000     0.000
top^FF_NODE~637.clk[0] (.latch)                                  1.338     1.338
top^FF_NODE~637.Q[0] (.latch) [clock-to-output]                  0.124     1.462
n3481.in[0] (.names)                                             1.338     2.800
n3481.out[0] (.names)                                            0.261     3.061
n3480.in[4] (.names)                                             1.338     4.398
n3480.out[0] (.names)                                            0.261     4.659
n3479_1.in[4] (.names)                                           1.338     5.997
n3479_1.out[0] (.names)                                          0.261     6.258
n3478.in[2] (.names)                                             1.338     7.596
n3478.out[0] (.names)                                            0.261     7.857
n3477.in[2] (.names)                                             1.338     9.195
n3477.out[0] (.names)                                            0.261     9.456
n3476.in[2] (.names)                                             1.338    10.793
n3476.out[0] (.names)                                            0.261    11.054
n3475.in[2] (.names)                                             1.338    12.392
n3475.out[0] (.names)                                            0.261    12.653
n3474_1.in[2] (.names)                                           1.338    13.991
n3474_1.out[0] (.names)                                          0.261    14.252
n3473.in[2] (.names)                                             1.338    15.590
n3473.out[0] (.names)                                            0.261    15.851
n3472.in[2] (.names)                                             1.338    17.188
n3472.out[0] (.names)                                            0.261    17.449
n3471.in[2] (.names)                                             1.338    18.787
n3471.out[0] (.names)                                            0.261    19.048
n3679_1.in[5] (.names)                                           1.338    20.386
n3679_1.out[0] (.names)                                          0.261    20.647
n1119.in[5] (.names)                                             1.338    21.985
n1119.out[0] (.names)                                            0.261    22.246
top^FF_NODE~665.D[0] (.latch)                                    1.338    23.584
data arrival time                                                         23.584

clock top^clk_i (rise edge)                                      0.000     0.000
clock source latency                                             0.000     0.000
top^clk_i.inpad[0] (.input)                                      0.000     0.000
top^FF_NODE~665.clk[0] (.latch)                                  1.338     1.338
clock uncertainty                                                0.000     1.338
cell setup time                                                 -0.066     1.272
data required time                                                         1.272
--------------------------------------------------------------------------------
data required time                                                         1.272
data arrival time                                                        -23.584
--------------------------------------------------------------------------------
slack (VIOLATED)                                                         -22.312


#Path 81
Startpoint: top^FF_NODE~637.Q[0] (.latch clocked by top^clk_i)
Endpoint  : top^FF_NODE~664.D[0] (.latch clocked by top^clk_i)
Path Type : setup

Point                                                             Incr      Path
--------------------------------------------------------------------------------
clock top^clk_i (rise edge)                                      0.000     0.000
clock source latency                                             0.000     0.000
top^clk_i.inpad[0] (.input)                                      0.000     0.000
top^FF_NODE~637.clk[0] (.latch)                                  1.338     1.338
top^FF_NODE~637.Q[0] (.latch) [clock-to-output]                  0.124     1.462
n3481.in[0] (.names)                                             1.338     2.800
n3481.out[0] (.names)                                            0.261     3.061
n3480.in[4] (.names)                                             1.338     4.398
n3480.out[0] (.names)                                            0.261     4.659
n3479_1.in[4] (.names)                                           1.338     5.997
n3479_1.out[0] (.names)                                          0.261     6.258
n3478.in[2] (.names)                                             1.338     7.596
n3478.out[0] (.names)                                            0.261     7.857
n3477.in[2] (.names)                                             1.338     9.195
n3477.out[0] (.names)                                            0.261     9.456
n3476.in[2] (.names)                                             1.338    10.793
n3476.out[0] (.names)                                            0.261    11.054
n3475.in[2] (.names)                                             1.338    12.392
n3475.out[0] (.names)                                            0.261    12.653
n3474_1.in[2] (.names)                                           1.338    13.991
n3474_1.out[0] (.names)                                          0.261    14.252
n3473.in[2] (.names)                                             1.338    15.590
n3473.out[0] (.names)                                            0.261    15.851
n3472.in[2] (.names)                                             1.338    17.188
n3472.out[0] (.names)                                            0.261    17.449
n3471.in[2] (.names)                                             1.338    18.787
n3471.out[0] (.names)                                            0.261    19.048
n3688.in[3] (.names)                                             1.338    20.386
n3688.out[0] (.names)                                            0.261    20.647
n1149.in[5] (.names)                                             1.338    21.985
n1149.out[0] (.names)                                            0.261    22.246
top^FF_NODE~664.D[0] (.latch)                                    1.338    23.584
data arrival time                                                         23.584

clock top^clk_i (rise edge)                                      0.000     0.000
clock source latency                                             0.000     0.000
top^clk_i.inpad[0] (.input)                                      0.000     0.000
top^FF_NODE~664.clk[0] (.latch)                                  1.338     1.338
clock uncertainty                                                0.000     1.338
cell setup time                                                 -0.066     1.272
data required time                                                         1.272
--------------------------------------------------------------------------------
data required time                                                         1.272
data arrival time                                                        -23.584
--------------------------------------------------------------------------------
slack (VIOLATED)                                                         -22.312


#Path 82
Startpoint: top^FF_NODE~669.Q[0] (.latch clocked by top^clk_i)
Endpoint  : top^FF_NODE~697.D[0] (.latch clocked by top^clk_i)
Path Type : setup

Point                                                             Incr      Path
--------------------------------------------------------------------------------
clock top^clk_i (rise edge)                                      0.000     0.000
clock source latency                                             0.000     0.000
top^clk_i.inpad[0] (.input)                                      0.000     0.000
top^FF_NODE~669.clk[0] (.latch)                                  1.338     1.338
top^FF_NODE~669.Q[0] (.latch) [clock-to-output]                  0.124     1.462
n3506.in[0] (.names)                                             1.338     2.800
n3506.out[0] (.names)                                            0.261     3.061
n3505.in[4] (.names)                                             1.338     4.398
n3505.out[0] (.names)                                            0.261     4.659
n3504_1.in[4] (.names)                                           1.338     5.997
n3504_1.out[0] (.names)                                          0.261     6.258
n3503.in[2] (.names)                                             1.338     7.596
n3503.out[0] (.names)                                            0.261     7.857
n3502.in[2] (.names)                                             1.338     9.195
n3502.out[0] (.names)                                            0.261     9.456
n3501.in[2] (.names)                                             1.338    10.793
n3501.out[0] (.names)                                            0.261    11.054
n3500.in[2] (.names)                                             1.338    12.392
n3500.out[0] (.names)                                            0.261    12.653
n3499_1.in[2] (.names)                                           1.338    13.991
n3499_1.out[0] (.names)                                          0.261    14.252
n3498.in[2] (.names)                                             1.338    15.590
n3498.out[0] (.names)                                            0.261    15.851
n3497.in[2] (.names)                                             1.338    17.188
n3497.out[0] (.names)                                            0.261    17.449
n3496.in[2] (.names)                                             1.338    18.787
n3496.out[0] (.names)                                            0.261    19.048
n3682.in[5] (.names)                                             1.338    20.386
n3682.out[0] (.names)                                            0.261    20.647
n1129.in[5] (.names)                                             1.338    21.985
n1129.out[0] (.names)                                            0.261    22.246
top^FF_NODE~697.D[0] (.latch)                                    1.338    23.584
data arrival time                                                         23.584

clock top^clk_i (rise edge)                                      0.000     0.000
clock source latency                                             0.000     0.000
top^clk_i.inpad[0] (.input)                                      0.000     0.000
top^FF_NODE~697.clk[0] (.latch)                                  1.338     1.338
clock uncertainty                                                0.000     1.338
cell setup time                                                 -0.066     1.272
data required time                                                         1.272
--------------------------------------------------------------------------------
data required time                                                         1.272
data arrival time                                                        -23.584
--------------------------------------------------------------------------------
slack (VIOLATED)                                                         -22.312


#Path 83
Startpoint: top^FF_NODE~561.Q[0] (.latch clocked by top^clk_i)
Endpoint  : top^FF_NODE~601.D[0] (.latch clocked by top^clk_i)
Path Type : setup

Point                                                             Incr      Path
--------------------------------------------------------------------------------
clock top^clk_i (rise edge)                                      0.000     0.000
clock source latency                                             0.000     0.000
top^clk_i.inpad[0] (.input)                                      0.000     0.000
top^FF_NODE~561.clk[0] (.latch)                                  1.338     1.338
top^FF_NODE~561.Q[0] (.latch) [clock-to-output]                  0.124     1.462
n3388.in[0] (.names)                                             1.338     2.800
n3388.out[0] (.names)                                            0.261     3.061
n3387.in[4] (.names)                                             1.338     4.398
n3387.out[0] (.names)                                            0.261     4.659
n3386.in[4] (.names)                                             1.338     5.997
n3386.out[0] (.names)                                            0.261     6.258
n3385.in[2] (.names)                                             1.338     7.596
n3385.out[0] (.names)                                            0.261     7.857
n3384_1.in[2] (.names)                                           1.338     9.195
n3384_1.out[0] (.names)                                          0.261     9.456
n3383.in[2] (.names)                                             1.338    10.793
n3383.out[0] (.names)                                            0.261    11.054
n3382.in[2] (.names)                                             1.338    12.392
n3382.out[0] (.names)                                            0.261    12.653
n3381.in[2] (.names)                                             1.338    13.991
n3381.out[0] (.names)                                            0.261    14.252
n3380.in[2] (.names)                                             1.338    15.590
n3380.out[0] (.names)                                            0.261    15.851
n3379_1.in[2] (.names)                                           1.338    17.188
n3379_1.out[0] (.names)                                          0.261    17.449
n3378.in[2] (.names)                                             1.338    18.787
n3378.out[0] (.names)                                            0.261    19.048
n3707.in[5] (.names)                                             1.338    20.386
n3707.out[0] (.names)                                            0.261    20.647
n1214.in[2] (.names)                                             1.338    21.985
n1214.out[0] (.names)                                            0.261    22.246
top^FF_NODE~601.D[0] (.latch)                                    1.338    23.584
data arrival time                                                         23.584

clock top^clk_i (rise edge)                                      0.000     0.000
clock source latency                                             0.000     0.000
top^clk_i.inpad[0] (.input)                                      0.000     0.000
top^FF_NODE~601.clk[0] (.latch)                                  1.338     1.338
clock uncertainty                                                0.000     1.338
cell setup time                                                 -0.066     1.272
data required time                                                         1.272
--------------------------------------------------------------------------------
data required time                                                         1.272
data arrival time                                                        -23.584
--------------------------------------------------------------------------------
slack (VIOLATED)                                                         -22.312


#Path 84
Startpoint: top^FF_NODE~1394.Q[0] (.latch clocked by top^clk_i)
Endpoint  : top^FF_NODE~565.D[0] (.latch clocked by top^clk_i)
Path Type : setup

Point                                                             Incr      Path
--------------------------------------------------------------------------------
clock top^clk_i (rise edge)                                      0.000     0.000
clock source latency                                             0.000     0.000
top^clk_i.inpad[0] (.input)                                      0.000     0.000
top^FF_NODE~1394.clk[0] (.latch)                                 1.338     1.338
top^FF_NODE~1394.Q[0] (.latch) [clock-to-output]                 0.124     1.462
n2913.in[0] (.names)                                             1.338     2.800
n2913.out[0] (.names)                                            0.261     3.061
n2912.in[5] (.names)                                             1.338     4.398
n2912.out[0] (.names)                                            0.261     4.659
n2949_1.in[3] (.names)                                           1.338     5.997
n2949_1.out[0] (.names)                                          0.261     6.258
n2999_1.in[1] (.names)                                           1.338     7.596
n2999_1.out[0] (.names)                                          0.261     7.857
n2998.in[4] (.names)                                             1.338     9.195
n2998.out[0] (.names)                                            0.261     9.456
n2994_1.in[5] (.names)                                           1.338    10.793
n2994_1.out[0] (.names)                                          0.261    11.054
n3051.in[5] (.names)                                             1.338    12.392
n3051.out[0] (.names)                                            0.261    12.653
n3063.in[1] (.names)                                             1.338    13.991
n3063.out[0] (.names)                                            0.261    14.252
n3074_1.in[1] (.names)                                           1.338    15.590
n3074_1.out[0] (.names)                                          0.261    15.851
n3083.in[2] (.names)                                             1.338    17.188
n3083.out[0] (.names)                                            0.261    17.449
n3091.in[2] (.names)                                             1.338    18.787
n3091.out[0] (.names)                                            0.261    19.048
n3354_1.in[3] (.names)                                           1.338    20.386
n3354_1.out[0] (.names)                                          0.261    20.647
n474.in[5] (.names)                                              1.338    21.985
n474.out[0] (.names)                                             0.261    22.246
top^FF_NODE~565.D[0] (.latch)                                    1.338    23.584
data arrival time                                                         23.584

clock top^clk_i (rise edge)                                      0.000     0.000
clock source latency                                             0.000     0.000
top^clk_i.inpad[0] (.input)                                      0.000     0.000
top^FF_NODE~565.clk[0] (.latch)                                  1.338     1.338
clock uncertainty                                                0.000     1.338
cell setup time                                                 -0.066     1.272
data required time                                                         1.272
--------------------------------------------------------------------------------
data required time                                                         1.272
data arrival time                                                        -23.584
--------------------------------------------------------------------------------
slack (VIOLATED)                                                         -22.312


#Path 85
Startpoint: top^FF_NODE~1394.Q[0] (.latch clocked by top^clk_i)
Endpoint  : top^FF_NODE~564.D[0] (.latch clocked by top^clk_i)
Path Type : setup

Point                                                             Incr      Path
--------------------------------------------------------------------------------
clock top^clk_i (rise edge)                                      0.000     0.000
clock source latency                                             0.000     0.000
top^clk_i.inpad[0] (.input)                                      0.000     0.000
top^FF_NODE~1394.clk[0] (.latch)                                 1.338     1.338
top^FF_NODE~1394.Q[0] (.latch) [clock-to-output]                 0.124     1.462
n2913.in[0] (.names)                                             1.338     2.800
n2913.out[0] (.names)                                            0.261     3.061
n2912.in[5] (.names)                                             1.338     4.398
n2912.out[0] (.names)                                            0.261     4.659
n2949_1.in[3] (.names)                                           1.338     5.997
n2949_1.out[0] (.names)                                          0.261     6.258
n2999_1.in[1] (.names)                                           1.338     7.596
n2999_1.out[0] (.names)                                          0.261     7.857
n2998.in[4] (.names)                                             1.338     9.195
n2998.out[0] (.names)                                            0.261     9.456
n2994_1.in[5] (.names)                                           1.338    10.793
n2994_1.out[0] (.names)                                          0.261    11.054
n2988.in[5] (.names)                                             1.338    12.392
n2988.out[0] (.names)                                            0.261    12.653
n2987.in[2] (.names)                                             1.338    13.991
n2987.out[0] (.names)                                            0.261    14.252
n2986.in[1] (.names)                                             1.338    15.590
n2986.out[0] (.names)                                            0.261    15.851
n3086.in[2] (.names)                                             1.338    17.188
n3086.out[0] (.names)                                            0.261    17.449
n3313.in[0] (.names)                                             1.338    18.787
n3313.out[0] (.names)                                            0.261    19.048
n3312.in[5] (.names)                                             1.338    20.386
n3312.out[0] (.names)                                            0.261    20.647
n409.in[3] (.names)                                              1.338    21.985
n409.out[0] (.names)                                             0.261    22.246
top^FF_NODE~564.D[0] (.latch)                                    1.338    23.584
data arrival time                                                         23.584

clock top^clk_i (rise edge)                                      0.000     0.000
clock source latency                                             0.000     0.000
top^clk_i.inpad[0] (.input)                                      0.000     0.000
top^FF_NODE~564.clk[0] (.latch)                                  1.338     1.338
clock uncertainty                                                0.000     1.338
cell setup time                                                 -0.066     1.272
data required time                                                         1.272
--------------------------------------------------------------------------------
data required time                                                         1.272
data arrival time                                                        -23.584
--------------------------------------------------------------------------------
slack (VIOLATED)                                                         -22.312


#Path 86
Startpoint: top^FF_NODE~669.Q[0] (.latch clocked by top^clk_i)
Endpoint  : top^FF_NODE~698.D[0] (.latch clocked by top^clk_i)
Path Type : setup

Point                                                             Incr      Path
--------------------------------------------------------------------------------
clock top^clk_i (rise edge)                                      0.000     0.000
clock source latency                                             0.000     0.000
top^clk_i.inpad[0] (.input)                                      0.000     0.000
top^FF_NODE~669.clk[0] (.latch)                                  1.338     1.338
top^FF_NODE~669.Q[0] (.latch) [clock-to-output]                  0.124     1.462
n3506.in[0] (.names)                                             1.338     2.800
n3506.out[0] (.names)                                            0.261     3.061
n3505.in[4] (.names)                                             1.338     4.398
n3505.out[0] (.names)                                            0.261     4.659
n3504_1.in[4] (.names)                                           1.338     5.997
n3504_1.out[0] (.names)                                          0.261     6.258
n3503.in[2] (.names)                                             1.338     7.596
n3503.out[0] (.names)                                            0.261     7.857
n3502.in[2] (.names)                                             1.338     9.195
n3502.out[0] (.names)                                            0.261     9.456
n3501.in[2] (.names)                                             1.338    10.793
n3501.out[0] (.names)                                            0.261    11.054
n3500.in[2] (.names)                                             1.338    12.392
n3500.out[0] (.names)                                            0.261    12.653
n3499_1.in[2] (.names)                                           1.338    13.991
n3499_1.out[0] (.names)                                          0.261    14.252
n3498.in[2] (.names)                                             1.338    15.590
n3498.out[0] (.names)                                            0.261    15.851
n3497.in[2] (.names)                                             1.338    17.188
n3497.out[0] (.names)                                            0.261    17.449
n3496.in[2] (.names)                                             1.338    18.787
n3496.out[0] (.names)                                            0.261    19.048
n3495.in[4] (.names)                                             1.338    20.386
n3495.out[0] (.names)                                            0.261    20.647
n1099.in[4] (.names)                                             1.338    21.985
n1099.out[0] (.names)                                            0.261    22.246
top^FF_NODE~698.D[0] (.latch)                                    1.338    23.584
data arrival time                                                         23.584

clock top^clk_i (rise edge)                                      0.000     0.000
clock source latency                                             0.000     0.000
top^clk_i.inpad[0] (.input)                                      0.000     0.000
top^FF_NODE~698.clk[0] (.latch)                                  1.338     1.338
clock uncertainty                                                0.000     1.338
cell setup time                                                 -0.066     1.272
data required time                                                         1.272
--------------------------------------------------------------------------------
data required time                                                         1.272
data arrival time                                                        -23.584
--------------------------------------------------------------------------------
slack (VIOLATED)                                                         -22.312


#Path 87
Startpoint: top^FF_NODE~1394.Q[0] (.latch clocked by top^clk_i)
Endpoint  : top^FF_NODE~592.D[0] (.latch clocked by top^clk_i)
Path Type : setup

Point                                                             Incr      Path
--------------------------------------------------------------------------------
clock top^clk_i (rise edge)                                      0.000     0.000
clock source latency                                             0.000     0.000
top^clk_i.inpad[0] (.input)                                      0.000     0.000
top^FF_NODE~1394.clk[0] (.latch)                                 1.338     1.338
top^FF_NODE~1394.Q[0] (.latch) [clock-to-output]                 0.124     1.462
n2913.in[0] (.names)                                             1.338     2.800
n2913.out[0] (.names)                                            0.261     3.061
n2912.in[5] (.names)                                             1.338     4.398
n2912.out[0] (.names)                                            0.261     4.659
n2949_1.in[3] (.names)                                           1.338     5.997
n2949_1.out[0] (.names)                                          0.261     6.258
n2999_1.in[1] (.names)                                           1.338     7.596
n2999_1.out[0] (.names)                                          0.261     7.857
n2998.in[4] (.names)                                             1.338     9.195
n2998.out[0] (.names)                                            0.261     9.456
n3007.in[4] (.names)                                             1.338    10.793
n3007.out[0] (.names)                                            0.261    11.054
n3015.in[3] (.names)                                             1.338    12.392
n3015.out[0] (.names)                                            0.261    12.653
n3021.in[1] (.names)                                             1.338    13.991
n3021.out[0] (.names)                                            0.261    14.252
n3020.in[2] (.names)                                             1.338    15.590
n3020.out[0] (.names)                                            0.261    15.851
n3336.in[0] (.names)                                             1.338    17.188
n3336.out[0] (.names)                                            0.261    17.449
n3335.in[3] (.names)                                             1.338    18.787
n3335.out[0] (.names)                                            0.261    19.048
n439.in[4] (.names)                                              1.338    20.386
n439.out[0] (.names)                                             0.261    20.647
top^FF_NODE~592.D[0] (.latch)                                    1.338    21.985
data arrival time                                                         21.985

clock top^clk_i (rise edge)                                      0.000     0.000
clock source latency                                             0.000     0.000
top^clk_i.inpad[0] (.input)                                      0.000     0.000
top^FF_NODE~592.clk[0] (.latch)                                  1.338     1.338
clock uncertainty                                                0.000     1.338
cell setup time                                                 -0.066     1.272
data required time                                                         1.272
--------------------------------------------------------------------------------
data required time                                                         1.272
data arrival time                                                        -21.985
--------------------------------------------------------------------------------
slack (VIOLATED)                                                         -20.713


#Path 88
Startpoint: top^FF_NODE~1394.Q[0] (.latch clocked by top^clk_i)
Endpoint  : top^FF_NODE~563.D[0] (.latch clocked by top^clk_i)
Path Type : setup

Point                                                             Incr      Path
--------------------------------------------------------------------------------
clock top^clk_i (rise edge)                                      0.000     0.000
clock source latency                                             0.000     0.000
top^clk_i.inpad[0] (.input)                                      0.000     0.000
top^FF_NODE~1394.clk[0] (.latch)                                 1.338     1.338
top^FF_NODE~1394.Q[0] (.latch) [clock-to-output]                 0.124     1.462
n2913.in[0] (.names)                                             1.338     2.800
n2913.out[0] (.names)                                            0.261     3.061
n2912.in[5] (.names)                                             1.338     4.398
n2912.out[0] (.names)                                            0.261     4.659
n2949_1.in[3] (.names)                                           1.338     5.997
n2949_1.out[0] (.names)                                          0.261     6.258
n2999_1.in[1] (.names)                                           1.338     7.596
n2999_1.out[0] (.names)                                          0.261     7.857
n2998.in[4] (.names)                                             1.338     9.195
n2998.out[0] (.names)                                            0.261     9.456
n2994_1.in[5] (.names)                                           1.338    10.793
n2994_1.out[0] (.names)                                          0.261    11.054
n2988.in[5] (.names)                                             1.338    12.392
n2988.out[0] (.names)                                            0.261    12.653
n2987.in[2] (.names)                                             1.338    13.991
n2987.out[0] (.names)                                            0.261    14.252
n2986.in[1] (.names)                                             1.338    15.590
n2986.out[0] (.names)                                            0.261    15.851
n2985.in[2] (.names)                                             1.338    17.188
n2985.out[0] (.names)                                            0.261    17.449
n3035.in[3] (.names)                                             1.338    18.787
n3035.out[0] (.names)                                            0.261    19.048
n344.in[5] (.names)                                              1.338    20.386
n344.out[0] (.names)                                             0.261    20.647
top^FF_NODE~563.D[0] (.latch)                                    1.338    21.985
data arrival time                                                         21.985

clock top^clk_i (rise edge)                                      0.000     0.000
clock source latency                                             0.000     0.000
top^clk_i.inpad[0] (.input)                                      0.000     0.000
top^FF_NODE~563.clk[0] (.latch)                                  1.338     1.338
clock uncertainty                                                0.000     1.338
cell setup time                                                 -0.066     1.272
data required time                                                         1.272
--------------------------------------------------------------------------------
data required time                                                         1.272
data arrival time                                                        -21.985
--------------------------------------------------------------------------------
slack (VIOLATED)                                                         -20.713


#Path 89
Startpoint: top^FF_NODE~561.Q[0] (.latch clocked by top^clk_i)
Endpoint  : top^FF_NODE~599.D[0] (.latch clocked by top^clk_i)
Path Type : setup

Point                                                             Incr      Path
--------------------------------------------------------------------------------
clock top^clk_i (rise edge)                                      0.000     0.000
clock source latency                                             0.000     0.000
top^clk_i.inpad[0] (.input)                                      0.000     0.000
top^FF_NODE~561.clk[0] (.latch)                                  1.338     1.338
top^FF_NODE~561.Q[0] (.latch) [clock-to-output]                  0.124     1.462
n3388.in[0] (.names)                                             1.338     2.800
n3388.out[0] (.names)                                            0.261     3.061
n3387.in[4] (.names)                                             1.338     4.398
n3387.out[0] (.names)                                            0.261     4.659
n3386.in[4] (.names)                                             1.338     5.997
n3386.out[0] (.names)                                            0.261     6.258
n3385.in[2] (.names)                                             1.338     7.596
n3385.out[0] (.names)                                            0.261     7.857
n3384_1.in[2] (.names)                                           1.338     9.195
n3384_1.out[0] (.names)                                          0.261     9.456
n3383.in[2] (.names)                                             1.338    10.793
n3383.out[0] (.names)                                            0.261    11.054
n3382.in[2] (.names)                                             1.338    12.392
n3382.out[0] (.names)                                            0.261    12.653
n3381.in[2] (.names)                                             1.338    13.991
n3381.out[0] (.names)                                            0.261    14.252
n3380.in[2] (.names)                                             1.338    15.590
n3380.out[0] (.names)                                            0.261    15.851
n3379_1.in[2] (.names)                                           1.338    17.188
n3379_1.out[0] (.names)                                          0.261    17.449
n3701.in[3] (.names)                                             1.338    18.787
n3701.out[0] (.names)                                            0.261    19.048
n1194.in[5] (.names)                                             1.338    20.386
n1194.out[0] (.names)                                            0.261    20.647
top^FF_NODE~599.D[0] (.latch)                                    1.338    21.985
data arrival time                                                         21.985

clock top^clk_i (rise edge)                                      0.000     0.000
clock source latency                                             0.000     0.000
top^clk_i.inpad[0] (.input)                                      0.000     0.000
top^FF_NODE~599.clk[0] (.latch)                                  1.338     1.338
clock uncertainty                                                0.000     1.338
cell setup time                                                 -0.066     1.272
data required time                                                         1.272
--------------------------------------------------------------------------------
data required time                                                         1.272
data arrival time                                                        -21.985
--------------------------------------------------------------------------------
slack (VIOLATED)                                                         -20.713


#Path 90
Startpoint: top^FF_NODE~561.Q[0] (.latch clocked by top^clk_i)
Endpoint  : top^FF_NODE~600.D[0] (.latch clocked by top^clk_i)
Path Type : setup

Point                                                             Incr      Path
--------------------------------------------------------------------------------
clock top^clk_i (rise edge)                                      0.000     0.000
clock source latency                                             0.000     0.000
top^clk_i.inpad[0] (.input)                                      0.000     0.000
top^FF_NODE~561.clk[0] (.latch)                                  1.338     1.338
top^FF_NODE~561.Q[0] (.latch) [clock-to-output]                  0.124     1.462
n3388.in[0] (.names)                                             1.338     2.800
n3388.out[0] (.names)                                            0.261     3.061
n3387.in[4] (.names)                                             1.338     4.398
n3387.out[0] (.names)                                            0.261     4.659
n3386.in[4] (.names)                                             1.338     5.997
n3386.out[0] (.names)                                            0.261     6.258
n3385.in[2] (.names)                                             1.338     7.596
n3385.out[0] (.names)                                            0.261     7.857
n3384_1.in[2] (.names)                                           1.338     9.195
n3384_1.out[0] (.names)                                          0.261     9.456
n3383.in[2] (.names)                                             1.338    10.793
n3383.out[0] (.names)                                            0.261    11.054
n3382.in[2] (.names)                                             1.338    12.392
n3382.out[0] (.names)                                            0.261    12.653
n3381.in[2] (.names)                                             1.338    13.991
n3381.out[0] (.names)                                            0.261    14.252
n3380.in[2] (.names)                                             1.338    15.590
n3380.out[0] (.names)                                            0.261    15.851
n3379_1.in[2] (.names)                                           1.338    17.188
n3379_1.out[0] (.names)                                          0.261    17.449
n3378.in[2] (.names)                                             1.338    18.787
n3378.out[0] (.names)                                            0.261    19.048
n1204.in[4] (.names)                                             1.338    20.386
n1204.out[0] (.names)                                            0.261    20.647
top^FF_NODE~600.D[0] (.latch)                                    1.338    21.985
data arrival time                                                         21.985

clock top^clk_i (rise edge)                                      0.000     0.000
clock source latency                                             0.000     0.000
top^clk_i.inpad[0] (.input)                                      0.000     0.000
top^FF_NODE~600.clk[0] (.latch)                                  1.338     1.338
clock uncertainty                                                0.000     1.338
cell setup time                                                 -0.066     1.272
data required time                                                         1.272
--------------------------------------------------------------------------------
data required time                                                         1.272
data arrival time                                                        -21.985
--------------------------------------------------------------------------------
slack (VIOLATED)                                                         -20.713


#Path 91
Startpoint: top^FF_NODE~669.Q[0] (.latch clocked by top^clk_i)
Endpoint  : top^FF_NODE~696.D[0] (.latch clocked by top^clk_i)
Path Type : setup

Point                                                             Incr      Path
--------------------------------------------------------------------------------
clock top^clk_i (rise edge)                                      0.000     0.000
clock source latency                                             0.000     0.000
top^clk_i.inpad[0] (.input)                                      0.000     0.000
top^FF_NODE~669.clk[0] (.latch)                                  1.338     1.338
top^FF_NODE~669.Q[0] (.latch) [clock-to-output]                  0.124     1.462
n3506.in[0] (.names)                                             1.338     2.800
n3506.out[0] (.names)                                            0.261     3.061
n3505.in[4] (.names)                                             1.338     4.398
n3505.out[0] (.names)                                            0.261     4.659
n3504_1.in[4] (.names)                                           1.338     5.997
n3504_1.out[0] (.names)                                          0.261     6.258
n3503.in[2] (.names)                                             1.338     7.596
n3503.out[0] (.names)                                            0.261     7.857
n3502.in[2] (.names)                                             1.338     9.195
n3502.out[0] (.names)                                            0.261     9.456
n3501.in[2] (.names)                                             1.338    10.793
n3501.out[0] (.names)                                            0.261    11.054
n3500.in[2] (.names)                                             1.338    12.392
n3500.out[0] (.names)                                            0.261    12.653
n3499_1.in[2] (.names)                                           1.338    13.991
n3499_1.out[0] (.names)                                          0.261    14.252
n3498.in[2] (.names)                                             1.338    15.590
n3498.out[0] (.names)                                            0.261    15.851
n3497.in[2] (.names)                                             1.338    17.188
n3497.out[0] (.names)                                            0.261    17.449
n3496.in[2] (.names)                                             1.338    18.787
n3496.out[0] (.names)                                            0.261    19.048
n1159.in[4] (.names)                                             1.338    20.386
n1159.out[0] (.names)                                            0.261    20.647
top^FF_NODE~696.D[0] (.latch)                                    1.338    21.985
data arrival time                                                         21.985

clock top^clk_i (rise edge)                                      0.000     0.000
clock source latency                                             0.000     0.000
top^clk_i.inpad[0] (.input)                                      0.000     0.000
top^FF_NODE~696.clk[0] (.latch)                                  1.338     1.338
clock uncertainty                                                0.000     1.338
cell setup time                                                 -0.066     1.272
data required time                                                         1.272
--------------------------------------------------------------------------------
data required time                                                         1.272
data arrival time                                                        -21.985
--------------------------------------------------------------------------------
slack (VIOLATED)                                                         -20.713


#Path 92
Startpoint: top^FF_NODE~605.Q[0] (.latch clocked by top^clk_i)
Endpoint  : top^FF_NODE~632.D[0] (.latch clocked by top^clk_i)
Path Type : setup

Point                                                             Incr      Path
--------------------------------------------------------------------------------
clock top^clk_i (rise edge)                                      0.000     0.000
clock source latency                                             0.000     0.000
top^clk_i.inpad[0] (.input)                                      0.000     0.000
top^FF_NODE~605.clk[0] (.latch)                                  1.338     1.338
top^FF_NODE~605.Q[0] (.latch) [clock-to-output]                  0.124     1.462
n3447.in[0] (.names)                                             1.338     2.800
n3447.out[0] (.names)                                            0.261     3.061
n3446.in[4] (.names)                                             1.338     4.398
n3446.out[0] (.names)                                            0.261     4.659
n3445.in[4] (.names)                                             1.338     5.997
n3445.out[0] (.names)                                            0.261     6.258
n3444_1.in[2] (.names)                                           1.338     7.596
n3444_1.out[0] (.names)                                          0.261     7.857
n3443.in[2] (.names)                                             1.338     9.195
n3443.out[0] (.names)                                            0.261     9.456
n3442.in[2] (.names)                                             1.338    10.793
n3442.out[0] (.names)                                            0.261    11.054
n3441.in[2] (.names)                                             1.338    12.392
n3441.out[0] (.names)                                            0.261    12.653
n3440.in[2] (.names)                                             1.338    13.991
n3440.out[0] (.names)                                            0.261    14.252
n3439_1.in[2] (.names)                                           1.338    15.590
n3439_1.out[0] (.names)                                          0.261    15.851
n3438.in[2] (.names)                                             1.338    17.188
n3438.out[0] (.names)                                            0.261    17.449
n3437.in[2] (.names)                                             1.338    18.787
n3437.out[0] (.names)                                            0.261    19.048
n1139.in[4] (.names)                                             1.338    20.386
n1139.out[0] (.names)                                            0.261    20.647
top^FF_NODE~632.D[0] (.latch)                                    1.338    21.985
data arrival time                                                         21.985

clock top^clk_i (rise edge)                                      0.000     0.000
clock source latency                                             0.000     0.000
top^clk_i.inpad[0] (.input)                                      0.000     0.000
top^FF_NODE~632.clk[0] (.latch)                                  1.338     1.338
clock uncertainty                                                0.000     1.338
cell setup time                                                 -0.066     1.272
data required time                                                         1.272
--------------------------------------------------------------------------------
data required time                                                         1.272
data arrival time                                                        -21.985
--------------------------------------------------------------------------------
slack (VIOLATED)                                                         -20.713


#Path 93
Startpoint: top^FF_NODE~1394.Q[0] (.latch clocked by top^clk_i)
Endpoint  : top^FF_NODE~590.D[0] (.latch clocked by top^clk_i)
Path Type : setup

Point                                                             Incr      Path
--------------------------------------------------------------------------------
clock top^clk_i (rise edge)                                      0.000     0.000
clock source latency                                             0.000     0.000
top^clk_i.inpad[0] (.input)                                      0.000     0.000
top^FF_NODE~1394.clk[0] (.latch)                                 1.338     1.338
top^FF_NODE~1394.Q[0] (.latch) [clock-to-output]                 0.124     1.462
n2913.in[0] (.names)                                             1.338     2.800
n2913.out[0] (.names)                                            0.261     3.061
n2912.in[5] (.names)                                             1.338     4.398
n2912.out[0] (.names)                                            0.261     4.659
n2951.in[4] (.names)                                             1.338     5.997
n2951.out[0] (.names)                                            0.261     6.258
n2950.in[2] (.names)                                             1.338     7.596
n2950.out[0] (.names)                                            0.261     7.857
n2947.in[4] (.names)                                             1.338     9.195
n2947.out[0] (.names)                                            0.261     9.456
n2944_1.in[3] (.names)                                           1.338    10.793
n2944_1.out[0] (.names)                                          0.261    11.054
n3025.in[1] (.names)                                             1.338    12.392
n3025.out[0] (.names)                                            0.261    12.653
n3024_1.in[2] (.names)                                           1.338    13.991
n3024_1.out[0] (.names)                                          0.261    14.252
n3352.in[0] (.names)                                             1.338    15.590
n3352.out[0] (.names)                                            0.261    15.851
n3351.in[3] (.names)                                             1.338    17.188
n3351.out[0] (.names)                                            0.261    17.449
n469.in[3] (.names)                                              1.338    18.787
n469.out[0] (.names)                                             0.261    19.048
top^FF_NODE~590.D[0] (.latch)                                    1.338    20.386
data arrival time                                                         20.386

clock top^clk_i (rise edge)                                      0.000     0.000
clock source latency                                             0.000     0.000
top^clk_i.inpad[0] (.input)                                      0.000     0.000
top^FF_NODE~590.clk[0] (.latch)                                  1.338     1.338
clock uncertainty                                                0.000     1.338
cell setup time                                                 -0.066     1.272
data required time                                                         1.272
--------------------------------------------------------------------------------
data required time                                                         1.272
data arrival time                                                        -20.386
--------------------------------------------------------------------------------
slack (VIOLATED)                                                         -19.114


#Path 94
Startpoint: top^FF_NODE~605.Q[0] (.latch clocked by top^clk_i)
Endpoint  : top^FF_NODE~631.D[0] (.latch clocked by top^clk_i)
Path Type : setup

Point                                                             Incr      Path
--------------------------------------------------------------------------------
clock top^clk_i (rise edge)                                      0.000     0.000
clock source latency                                             0.000     0.000
top^clk_i.inpad[0] (.input)                                      0.000     0.000
top^FF_NODE~605.clk[0] (.latch)                                  1.338     1.338
top^FF_NODE~605.Q[0] (.latch) [clock-to-output]                  0.124     1.462
n3447.in[0] (.names)                                             1.338     2.800
n3447.out[0] (.names)                                            0.261     3.061
n3446.in[4] (.names)                                             1.338     4.398
n3446.out[0] (.names)                                            0.261     4.659
n3445.in[4] (.names)                                             1.338     5.997
n3445.out[0] (.names)                                            0.261     6.258
n3444_1.in[2] (.names)                                           1.338     7.596
n3444_1.out[0] (.names)                                          0.261     7.857
n3443.in[2] (.names)                                             1.338     9.195
n3443.out[0] (.names)                                            0.261     9.456
n3442.in[2] (.names)                                             1.338    10.793
n3442.out[0] (.names)                                            0.261    11.054
n3441.in[2] (.names)                                             1.338    12.392
n3441.out[0] (.names)                                            0.261    12.653
n3440.in[2] (.names)                                             1.338    13.991
n3440.out[0] (.names)                                            0.261    14.252
n3439_1.in[2] (.names)                                           1.338    15.590
n3439_1.out[0] (.names)                                          0.261    15.851
n3438.in[2] (.names)                                             1.338    17.188
n3438.out[0] (.names)                                            0.261    17.449
n1224.in[4] (.names)                                             1.338    18.787
n1224.out[0] (.names)                                            0.261    19.048
top^FF_NODE~631.D[0] (.latch)                                    1.338    20.386
data arrival time                                                         20.386

clock top^clk_i (rise edge)                                      0.000     0.000
clock source latency                                             0.000     0.000
top^clk_i.inpad[0] (.input)                                      0.000     0.000
top^FF_NODE~631.clk[0] (.latch)                                  1.338     1.338
clock uncertainty                                                0.000     1.338
cell setup time                                                 -0.066     1.272
data required time                                                         1.272
--------------------------------------------------------------------------------
data required time                                                         1.272
data arrival time                                                        -20.386
--------------------------------------------------------------------------------
slack (VIOLATED)                                                         -19.114


#Path 95
Startpoint: top^FF_NODE~605.Q[0] (.latch clocked by top^clk_i)
Endpoint  : top^FF_NODE~630.D[0] (.latch clocked by top^clk_i)
Path Type : setup

Point                                                             Incr      Path
--------------------------------------------------------------------------------
clock top^clk_i (rise edge)                                      0.000     0.000
clock source latency                                             0.000     0.000
top^clk_i.inpad[0] (.input)                                      0.000     0.000
top^FF_NODE~605.clk[0] (.latch)                                  1.338     1.338
top^FF_NODE~605.Q[0] (.latch) [clock-to-output]                  0.124     1.462
n3447.in[0] (.names)                                             1.338     2.800
n3447.out[0] (.names)                                            0.261     3.061
n3446.in[4] (.names)                                             1.338     4.398
n3446.out[0] (.names)                                            0.261     4.659
n3445.in[4] (.names)                                             1.338     5.997
n3445.out[0] (.names)                                            0.261     6.258
n3444_1.in[2] (.names)                                           1.338     7.596
n3444_1.out[0] (.names)                                          0.261     7.857
n3443.in[2] (.names)                                             1.338     9.195
n3443.out[0] (.names)                                            0.261     9.456
n3442.in[2] (.names)                                             1.338    10.793
n3442.out[0] (.names)                                            0.261    11.054
n3441.in[2] (.names)                                             1.338    12.392
n3441.out[0] (.names)                                            0.261    12.653
n3440.in[2] (.names)                                             1.338    13.991
n3440.out[0] (.names)                                            0.261    14.252
n3439_1.in[2] (.names)                                           1.338    15.590
n3439_1.out[0] (.names)                                          0.261    15.851
n3720.in[3] (.names)                                             1.338    17.188
n3720.out[0] (.names)                                            0.261    17.449
n1254.in[5] (.names)                                             1.338    18.787
n1254.out[0] (.names)                                            0.261    19.048
top^FF_NODE~630.D[0] (.latch)                                    1.338    20.386
data arrival time                                                         20.386

clock top^clk_i (rise edge)                                      0.000     0.000
clock source latency                                             0.000     0.000
top^clk_i.inpad[0] (.input)                                      0.000     0.000
top^FF_NODE~630.clk[0] (.latch)                                  1.338     1.338
clock uncertainty                                                0.000     1.338
cell setup time                                                 -0.066     1.272
data required time                                                         1.272
--------------------------------------------------------------------------------
data required time                                                         1.272
data arrival time                                                        -20.386
--------------------------------------------------------------------------------
slack (VIOLATED)                                                         -19.114


#Path 96
Startpoint: top^FF_NODE~637.Q[0] (.latch clocked by top^clk_i)
Endpoint  : top^FF_NODE~663.D[0] (.latch clocked by top^clk_i)
Path Type : setup

Point                                                             Incr      Path
--------------------------------------------------------------------------------
clock top^clk_i (rise edge)                                      0.000     0.000
clock source latency                                             0.000     0.000
top^clk_i.inpad[0] (.input)                                      0.000     0.000
top^FF_NODE~637.clk[0] (.latch)                                  1.338     1.338
top^FF_NODE~637.Q[0] (.latch) [clock-to-output]                  0.124     1.462
n3481.in[0] (.names)                                             1.338     2.800
n3481.out[0] (.names)                                            0.261     3.061
n3480.in[4] (.names)                                             1.338     4.398
n3480.out[0] (.names)                                            0.261     4.659
n3479_1.in[4] (.names)                                           1.338     5.997
n3479_1.out[0] (.names)                                          0.261     6.258
n3478.in[2] (.names)                                             1.338     7.596
n3478.out[0] (.names)                                            0.261     7.857
n3477.in[2] (.names)                                             1.338     9.195
n3477.out[0] (.names)                                            0.261     9.456
n3476.in[2] (.names)                                             1.338    10.793
n3476.out[0] (.names)                                            0.261    11.054
n3475.in[2] (.names)                                             1.338    12.392
n3475.out[0] (.names)                                            0.261    12.653
n3474_1.in[2] (.names)                                           1.338    13.991
n3474_1.out[0] (.names)                                          0.261    14.252
n3473.in[2] (.names)                                             1.338    15.590
n3473.out[0] (.names)                                            0.261    15.851
n3472.in[2] (.names)                                             1.338    17.188
n3472.out[0] (.names)                                            0.261    17.449
n1234.in[4] (.names)                                             1.338    18.787
n1234.out[0] (.names)                                            0.261    19.048
top^FF_NODE~663.D[0] (.latch)                                    1.338    20.386
data arrival time                                                         20.386

clock top^clk_i (rise edge)                                      0.000     0.000
clock source latency                                             0.000     0.000
top^clk_i.inpad[0] (.input)                                      0.000     0.000
top^FF_NODE~663.clk[0] (.latch)                                  1.338     1.338
clock uncertainty                                                0.000     1.338
cell setup time                                                 -0.066     1.272
data required time                                                         1.272
--------------------------------------------------------------------------------
data required time                                                         1.272
data arrival time                                                        -20.386
--------------------------------------------------------------------------------
slack (VIOLATED)                                                         -19.114


#Path 97
Startpoint: top^FF_NODE~637.Q[0] (.latch clocked by top^clk_i)
Endpoint  : top^FF_NODE~662.D[0] (.latch clocked by top^clk_i)
Path Type : setup

Point                                                             Incr      Path
--------------------------------------------------------------------------------
clock top^clk_i (rise edge)                                      0.000     0.000
clock source latency                                             0.000     0.000
top^clk_i.inpad[0] (.input)                                      0.000     0.000
top^FF_NODE~637.clk[0] (.latch)                                  1.338     1.338
top^FF_NODE~637.Q[0] (.latch) [clock-to-output]                  0.124     1.462
n3481.in[0] (.names)                                             1.338     2.800
n3481.out[0] (.names)                                            0.261     3.061
n3480.in[4] (.names)                                             1.338     4.398
n3480.out[0] (.names)                                            0.261     4.659
n3479_1.in[4] (.names)                                           1.338     5.997
n3479_1.out[0] (.names)                                          0.261     6.258
n3478.in[2] (.names)                                             1.338     7.596
n3478.out[0] (.names)                                            0.261     7.857
n3477.in[2] (.names)                                             1.338     9.195
n3477.out[0] (.names)                                            0.261     9.456
n3476.in[2] (.names)                                             1.338    10.793
n3476.out[0] (.names)                                            0.261    11.054
n3475.in[2] (.names)                                             1.338    12.392
n3475.out[0] (.names)                                            0.261    12.653
n3474_1.in[2] (.names)                                           1.338    13.991
n3474_1.out[0] (.names)                                          0.261    14.252
n3473.in[2] (.names)                                             1.338    15.590
n3473.out[0] (.names)                                            0.261    15.851
n3723.in[3] (.names)                                             1.338    17.188
n3723.out[0] (.names)                                            0.261    17.449
n1264.in[5] (.names)                                             1.338    18.787
n1264.out[0] (.names)                                            0.261    19.048
top^FF_NODE~662.D[0] (.latch)                                    1.338    20.386
data arrival time                                                         20.386

clock top^clk_i (rise edge)                                      0.000     0.000
clock source latency                                             0.000     0.000
top^clk_i.inpad[0] (.input)                                      0.000     0.000
top^FF_NODE~662.clk[0] (.latch)                                  1.338     1.338
clock uncertainty                                                0.000     1.338
cell setup time                                                 -0.066     1.272
data required time                                                         1.272
--------------------------------------------------------------------------------
data required time                                                         1.272
data arrival time                                                        -20.386
--------------------------------------------------------------------------------
slack (VIOLATED)                                                         -19.114


#Path 98
Startpoint: top^FF_NODE~669.Q[0] (.latch clocked by top^clk_i)
Endpoint  : top^FF_NODE~695.D[0] (.latch clocked by top^clk_i)
Path Type : setup

Point                                                             Incr      Path
--------------------------------------------------------------------------------
clock top^clk_i (rise edge)                                      0.000     0.000
clock source latency                                             0.000     0.000
top^clk_i.inpad[0] (.input)                                      0.000     0.000
top^FF_NODE~669.clk[0] (.latch)                                  1.338     1.338
top^FF_NODE~669.Q[0] (.latch) [clock-to-output]                  0.124     1.462
n3506.in[0] (.names)                                             1.338     2.800
n3506.out[0] (.names)                                            0.261     3.061
n3505.in[4] (.names)                                             1.338     4.398
n3505.out[0] (.names)                                            0.261     4.659
n3504_1.in[4] (.names)                                           1.338     5.997
n3504_1.out[0] (.names)                                          0.261     6.258
n3503.in[2] (.names)                                             1.338     7.596
n3503.out[0] (.names)                                            0.261     7.857
n3502.in[2] (.names)                                             1.338     9.195
n3502.out[0] (.names)                                            0.261     9.456
n3501.in[2] (.names)                                             1.338    10.793
n3501.out[0] (.names)                                            0.261    11.054
n3500.in[2] (.names)                                             1.338    12.392
n3500.out[0] (.names)                                            0.261    12.653
n3499_1.in[2] (.names)                                           1.338    13.991
n3499_1.out[0] (.names)                                          0.261    14.252
n3498.in[2] (.names)                                             1.338    15.590
n3498.out[0] (.names)                                            0.261    15.851
n3497.in[2] (.names)                                             1.338    17.188
n3497.out[0] (.names)                                            0.261    17.449
n1244.in[4] (.names)                                             1.338    18.787
n1244.out[0] (.names)                                            0.261    19.048
top^FF_NODE~695.D[0] (.latch)                                    1.338    20.386
data arrival time                                                         20.386

clock top^clk_i (rise edge)                                      0.000     0.000
clock source latency                                             0.000     0.000
top^clk_i.inpad[0] (.input)                                      0.000     0.000
top^FF_NODE~695.clk[0] (.latch)                                  1.338     1.338
clock uncertainty                                                0.000     1.338
cell setup time                                                 -0.066     1.272
data required time                                                         1.272
--------------------------------------------------------------------------------
data required time                                                         1.272
data arrival time                                                        -20.386
--------------------------------------------------------------------------------
slack (VIOLATED)                                                         -19.114


#Path 99
Startpoint: top^FF_NODE~1394.Q[0] (.latch clocked by top^clk_i)
Endpoint  : top^FF_NODE~591.D[0] (.latch clocked by top^clk_i)
Path Type : setup

Point                                                             Incr      Path
--------------------------------------------------------------------------------
clock top^clk_i (rise edge)                                      0.000     0.000
clock source latency                                             0.000     0.000
top^clk_i.inpad[0] (.input)                                      0.000     0.000
top^FF_NODE~1394.clk[0] (.latch)                                 1.338     1.338
top^FF_NODE~1394.Q[0] (.latch) [clock-to-output]                 0.124     1.462
n2913.in[0] (.names)                                             1.338     2.800
n2913.out[0] (.names)                                            0.261     3.061
n2912.in[5] (.names)                                             1.338     4.398
n2912.out[0] (.names)                                            0.261     4.659
n2949_1.in[3] (.names)                                           1.338     5.997
n2949_1.out[0] (.names)                                          0.261     6.258
n2999_1.in[1] (.names)                                           1.338     7.596
n2999_1.out[0] (.names)                                          0.261     7.857
n2998.in[4] (.names)                                             1.338     9.195
n2998.out[0] (.names)                                            0.261     9.456
n3007.in[4] (.names)                                             1.338    10.793
n3007.out[0] (.names)                                            0.261    11.054
n3015.in[3] (.names)                                             1.338    12.392
n3015.out[0] (.names)                                            0.261    12.653
n3021.in[1] (.names)                                             1.338    13.991
n3021.out[0] (.names)                                            0.261    14.252
n3030.in[2] (.names)                                             1.338    15.590
n3030.out[0] (.names)                                            0.261    15.851
n3287.in[3] (.names)                                             1.338    17.188
n3287.out[0] (.names)                                            0.261    17.449
n374.in[1] (.names)                                              1.338    18.787
n374.out[0] (.names)                                             0.261    19.048
top^FF_NODE~591.D[0] (.latch)                                    1.338    20.386
data arrival time                                                         20.386

clock top^clk_i (rise edge)                                      0.000     0.000
clock source latency                                             0.000     0.000
top^clk_i.inpad[0] (.input)                                      0.000     0.000
top^FF_NODE~591.clk[0] (.latch)                                  1.338     1.338
clock uncertainty                                                0.000     1.338
cell setup time                                                 -0.066     1.272
data required time                                                         1.272
--------------------------------------------------------------------------------
data required time                                                         1.272
data arrival time                                                        -20.386
--------------------------------------------------------------------------------
slack (VIOLATED)                                                         -19.114


#Path 100
Startpoint: top^FF_NODE~1394.Q[0] (.latch clocked by top^clk_i)
Endpoint  : top^FF_NODE~589.D[0] (.latch clocked by top^clk_i)
Path Type : setup

Point                                                             Incr      Path
--------------------------------------------------------------------------------
clock top^clk_i (rise edge)                                      0.000     0.000
clock source latency                                             0.000     0.000
top^clk_i.inpad[0] (.input)                                      0.000     0.000
top^FF_NODE~1394.clk[0] (.latch)                                 1.338     1.338
top^FF_NODE~1394.Q[0] (.latch) [clock-to-output]                 0.124     1.462
n2913.in[0] (.names)                                             1.338     2.800
n2913.out[0] (.names)                                            0.261     3.061
n2912.in[5] (.names)                                             1.338     4.398
n2912.out[0] (.names)                                            0.261     4.659
n2951.in[4] (.names)                                             1.338     5.997
n2951.out[0] (.names)                                            0.261     6.258
n2950.in[2] (.names)                                             1.338     7.596
n2950.out[0] (.names)                                            0.261     7.857
n2947.in[4] (.names)                                             1.338     9.195
n2947.out[0] (.names)                                            0.261     9.456
n2944_1.in[3] (.names)                                           1.338    10.793
n2944_1.out[0] (.names)                                          0.261    11.054
n3025.in[1] (.names)                                             1.338    12.392
n3025.out[0] (.names)                                            0.261    12.653
n3033.in[2] (.names)                                             1.338    13.991
n3033.out[0] (.names)                                            0.261    14.252
n3310.in[3] (.names)                                             1.338    15.590
n3310.out[0] (.names)                                            0.261    15.851
n404.in[5] (.names)                                              1.338    17.188
n404.out[0] (.names)                                             0.261    17.449
top^FF_NODE~589.D[0] (.latch)                                    1.338    18.787
data arrival time                                                         18.787

clock top^clk_i (rise edge)                                      0.000     0.000
clock source latency                                             0.000     0.000
top^clk_i.inpad[0] (.input)                                      0.000     0.000
top^FF_NODE~589.clk[0] (.latch)                                  1.338     1.338
clock uncertainty                                                0.000     1.338
cell setup time                                                 -0.066     1.272
data required time                                                         1.272
--------------------------------------------------------------------------------
data required time                                                         1.272
data arrival time                                                        -18.787
--------------------------------------------------------------------------------
slack (VIOLATED)                                                         -17.515


#End of timing report
